-- MySQL dump 10.13  Distrib 5.7.27, for Linux (x86_64)
--
-- Host: localhost    Database: voteeap_db
-- ------------------------------------------------------
-- Server version	5.7.27-0ubuntu0.19.04.1

/*!40101 SET @OLD_CHARACTER_SET_CLIENT=@@CHARACTER_SET_CLIENT */;
/*!40101 SET @OLD_CHARACTER_SET_RESULTS=@@CHARACTER_SET_RESULTS */;
/*!40101 SET @OLD_COLLATION_CONNECTION=@@COLLATION_CONNECTION */;
/*!40101 SET NAMES utf8 */;
/*!40103 SET @OLD_TIME_ZONE=@@TIME_ZONE */;
/*!40103 SET TIME_ZONE='+00:00' */;
/*!40014 SET @OLD_UNIQUE_CHECKS=@@UNIQUE_CHECKS, UNIQUE_CHECKS=0 */;
/*!40014 SET @OLD_FOREIGN_KEY_CHECKS=@@FOREIGN_KEY_CHECKS, FOREIGN_KEY_CHECKS=0 */;
/*!40101 SET @OLD_SQL_MODE=@@SQL_MODE, SQL_MODE='NO_AUTO_VALUE_ON_ZERO' */;
/*!40111 SET @OLD_SQL_NOTES=@@SQL_NOTES, SQL_NOTES=0 */;

--
-- Table structure for table `category`
--

DROP TABLE IF EXISTS `category`;
/*!40101 SET @saved_cs_client     = @@character_set_client */;
/*!40101 SET character_set_client = utf8 */;
CREATE TABLE `category` (
  `id` int(11) NOT NULL AUTO_INCREMENT,
  `contest_id` int(11) DEFAULT NULL,
  `title_ru` varchar(250) NOT NULL,
  `title_en` varchar(250) NOT NULL,
  PRIMARY KEY (`id`),
  KEY `categories_fk0` (`contest_id`),
  CONSTRAINT `category_ibfk_1` FOREIGN KEY (`contest_id`) REFERENCES `contest` (`id`) ON DELETE SET NULL ON UPDATE SET NULL
) ENGINE=InnoDB AUTO_INCREMENT=89 DEFAULT CHARSET=utf8;
/*!40101 SET character_set_client = @saved_cs_client */;

--
-- Dumping data for table `category`
--

LOCK TABLES `category` WRITE;
/*!40000 ALTER TABLE `category` DISABLE KEYS */;
INSERT INTO `category` VALUES (10,9,'dsadsa','dsadsa'),(11,9,'fdssdfsd','fsdfds'),(21,13,'Impact','Impact'),(22,13,'Innovation','Innovation'),(23,13,'Sustainability','Sustainability'),(24,13,'Replication','Replication'),(36,19,'НРАВ','NRAV '),(37,19,'Круто','COOL'),(38,19,'Удобно','COMF'),(39,19,'РЕКомм','RECOM'),(40,19,'Легко','EASY'),(41,19,'купить','buy'),(42,19,'польза','use'),(43,19,'актуальн','actual'),(44,19,'Иннова','Innov'),(45,19,'Воздейств','Impact'),(48,19,'What criteria do you want your participants to vot','What criteria do you want your participants to vot'),(49,19,'What criteria do you want your participants to vot','What criteria do you want your participants to vot'),(50,22,'2345','test1'),(51,24,'11 крит блок','11 crit block'),(52,24,'22 крит блок','22 crit block'),(53,26,'444раза','333rasa'),(54,26,'5555джоджкл','555jojkl'),(55,19,'gggggggggggggggggggggggggggggggggggggggggggggggggg','dddddddddddddddddddddddddddddddddddddddddddddddddd'),(58,28,'Тестовый Критерий 1','Test Criteria 1'),(59,28,'Тестовый Критерий 2','Test Criteria 2'),(60,28,'Тестовый критерий 3','Test Criteria 3'),(61,28,'Тестовый критерий 4','Test Criteria 4'),(62,29,'New Simple Contest 1','New Simple Contest 1'),(63,29,'New Simple Contest 2','New Simple Contest 2'),(64,27,'Инновационность','Innovation'),(65,27,'Воздействие','Impact'),(66,27,'Репликация','Replication'),(67,27,'Устойчивость','Sustainability'),(68,27,'Стоимость','COST'),(69,31,'Русский текст для Criteria 1','Criteria 1'),(70,31,'Русский текст для Criteria 2','Criteria 2'),(71,31,'Русский текст для Criteria 3','Criteria 3'),(72,31,'Русский текст для Criteria 4','Criteria 4'),(73,34,'Инновационная составляющая','Innovation  component'),(74,34,'Воздействие на целевую группу и проблему','Impact on the target group and problem'),(75,34,'Реализуемость и устойчивость','Feasibility and sustainability '),(76,34,'Потенциал масшабирования','Potential for growth and replication '),(77,35,'Реализуемость','Feasibility'),(78,35,'Воздействие','Impact'),(79,35,'Устойчивость','Sustainability'),(80,35,'Репликация','Replication'),(81,33,'Инновационная составляющая','Innovation  component'),(82,33,'Реализуемость','Feasibility'),(83,36,'Инновационная составляющая','Innovation  component'),(84,36,'Реализуемость','Feasibility'),(85,37,'Реализуемость','Feasibility'),(86,37,'Эффективность воздействия','Impact'),(87,37,'Устойчивость','Sustainability '),(88,37,'Масштабируемость','Replication');
/*!40000 ALTER TABLE `category` ENABLE KEYS */;
UNLOCK TABLES;

--
-- Table structure for table `contest`
--

DROP TABLE IF EXISTS `contest`;
/*!40101 SET @saved_cs_client     = @@character_set_client */;
/*!40101 SET character_set_client = utf8 */;
CREATE TABLE `contest` (
  `id` int(11) NOT NULL AUTO_INCREMENT,
  `title_en` varchar(250) NOT NULL,
  `description_en` text NOT NULL,
  `title_ru` varchar(250) NOT NULL,
  `description_ru` text NOT NULL,
  `start_date` datetime NOT NULL,
  `end_date` datetime NOT NULL,
  `public` tinyint(1) NOT NULL,
  `result_panel` tinyint(1) NOT NULL,
  `voters_limit` int(11) DEFAULT NULL,
  `range` tinyint(4) NOT NULL COMMENT 'range for example [1-10]',
  `permalink` varchar(50) DEFAULT NULL,
  `image` varchar(255) DEFAULT NULL,
  `status` tinyint(1) NOT NULL,
  `created_at` datetime NOT NULL,
  `updated_at` timestamp NOT NULL DEFAULT CURRENT_TIMESTAMP ON UPDATE CURRENT_TIMESTAMP,
  PRIMARY KEY (`id`)
) ENGINE=InnoDB AUTO_INCREMENT=38 DEFAULT CHARSET=utf8;
/*!40101 SET character_set_client = @saved_cs_client */;

--
-- Dumping data for table `contest`
--

LOCK TABLES `contest` WRITE;
/*!40000 ALTER TABLE `contest` DISABLE KEYS */;
INSERT INTO `contest` VALUES (9,'CitizenLab2019','<p>CitizenLab2017</p>\r\n','CitizenLab2019','<p>CitizenLab2017</p>\r\n','2019-05-08 21:00:00','2019-05-09 17:00:00',1,1,NULL,10,NULL,'5ca5f0212594b.jpg',0,'2019-04-04 13:15:54','2019-06-12 14:19:22'),(13,'EaP Civil Society Hackathon 2019','The European Union is committed to supporting civil society in Eastern Partnership (EaP) countries, including through supporting the development of digital solutions for transparency, accountability, digital participation and public services. As a part of these efforts, in 2017-2020 the European Union&rsquo;s Eastern Partnership Civil Society Facility project organises a series of EaP regional hackathons. 2019 EaP Civil Society Hackathon is the third hackathon in the series.\r\n\r\nIt will bring together about 60 civil society activists, IT professionals and web-designers from six EaP countries &ndash; Armenia, Azerbaijan, Belarus, Georgia, Moldova and Ukraine &ndash; to Tbilisi, Georgia, to work face-to-face on software projects that would enable civil society better to contribute to reforms and democratic changes in their home countries.','Хакатон гражданского общества стран Восточного партнерства 2019','The European Union is committed to supporting civil society in Eastern Partnership (EaP) countries, including through supporting the development of digital solutions for transparency, accountability, digital participation and public services. As a part of these efforts, in 2017-2020 the European Union&rsquo;s Eastern Partnership Civil Society Facility project organises a series of EaP regional hackathons. 2019 EaP Civil Society Hackathon is the third hackathon in the series.\r\n\r\nIt will bring together about 60 civil society activists, IT professionals and web-designers from six EaP countries &ndash; Armenia, Azerbaijan, Belarus, Georgia, Moldova and Ukraine &ndash; to Tbilisi, Georgia, to work face-to-face on software projects that would enable civil society better to contribute to reforms and democratic changes in their home countries.','2019-06-01 03:00:00','2019-06-01 12:25:00',1,1,NULL,10,NULL,'5cac4cb851bd9.png',1,'2019-04-09 10:41:48','2019-06-01 12:20:20'),(19,'SK CONT 2','VERY interesting description','СК КОНТ 2','Очень интересное описание ','2019-05-05 08:00:00','2019-06-01 02:55:00',1,1,NULL,15,NULL,'5cc7c73d0f810.jpg',0,'2019-04-30 06:59:50','2019-05-08 12:59:27'),(22,'EaP Civil Society Hackathon 2020','dsa\r\n\r\nSome info about contest\r\n\r\nis here\r\n\r\nее\r\n\r\n\r\ntry \r\n\r\n1234567890\r\n\r\ntest1234567980\r\n\r\n\r\n\r\n\r\n\r\n\r\n\r\n\r\n\r\n\r\nSome info about contest\r\n\r\nis here\r\n\r\nее\r\n\r\nSome info about contest\r\n\r\nis here\r\n\r\nее\r\n\r\n\r\n\r\n\r\n\r\n\r\n\r\n\r\n\r\n\r\nукен\r\n\r\nкен\r\n\r\ntry \r\n\r\n1234567890\r\n\r\ntest1234567980\r\n\r\n\r\n\r\n\r\n\r\n   \r\n\r\n\r\n\r\n\r\n\r\n\r\n\r\n\r\n\r\nукен\r\n\r\nкен\r\n\r\ntry \r\n\r\n1234567890\r\n\r\ntest1234567980\r\n\r\n5\r\n5','Хакатон гражданского общества стран Восточного партнерства 2020','dsaSome info about contest\r\n\r\nis here\r\n\r\nее\r\n\r\n\r\ntry \r\n\r\n1234567890\r\n\r\ntest1234567980\r\n\r\n\r\n\r\n\r\n\r\n\r\n\r\n\r\n\r\n\r\nSome info about contest\r\n\r\nis here\r\n\r\nее\r\n\r\nSome info about contest\r\n\r\nis here\r\n\r\nее\r\n\r\n\r\n\r\n\r\n\r\n\r\n\r\n\r\n\r\n\r\nукен\r\n\r\nкен\r\n\r\ntry \r\n\r\n1234567890\r\n\r\ntest1234567980\r\n\r\n\r\n\r\n\r\n\r\n   \r\n\r\n\r\n\r\n\r\n\r\n\r\n\r\n\r\n\r\nукен\r\n\r\nкен\r\n\r\ntry \r\n\r\n1234567890\r\n\r\ntest1234567980\r\n\r\n5\r\n5','2019-05-04 13:00:00','2019-05-04 15:00:00',0,1,NULL,10,NULL,'',0,'2019-05-04 14:55:44','2019-06-12 14:20:00'),(23,'EaP Civil Society Hackathon 2021','dsa','EaP Civil Society Hackathon 2021','dsa','2019-05-05 18:00:00','2019-05-05 20:00:00',0,1,NULL,6,NULL,'',0,'2019-05-05 21:24:18','2019-06-12 14:19:02'),(24,'SK Contest TEST after blocker fix 1','','СК Опрос ТЕСТ после фикса блокера  1','','2019-05-06 13:30:00','2019-05-08 14:55:00',1,1,NULL,2,NULL,'',0,'2019-05-06 09:27:58','2019-06-12 14:19:52'),(25,'sk33cont','','ск3конт','','2019-05-06 16:45:00','2047-08-16 22:55:00',0,1,NULL,3,NULL,'',0,'2019-05-06 09:53:27','2019-05-07 12:54:55'),(26,'1111','','1111','','2019-05-07 00:45:00','2019-05-01 08:50:00',1,1,NULL,2,NULL,'',0,'2019-05-06 20:42:10','2019-05-07 15:39:15'),(27,'CLEAR WATER','water cleaning ','ЧИСТАЯ ВОДА','очистка воды','2019-05-08 17:30:00','2019-05-09 06:00:00',1,1,NULL,10,NULL,'5cd259f494d40.png',0,'2019-05-07 18:42:59','2019-06-12 14:19:37'),(28,'New Simple Test 190508 01','','Новое Голосование 190508 01','','2019-05-08 03:00:00','2019-05-08 03:55:00',1,1,NULL,10,NULL,'',0,'2019-05-08 05:41:08','2019-05-09 02:49:20'),(29,'уав','','ыва','','2019-05-08 09:00:00','2019-05-08 18:00:00',0,1,NULL,10,NULL,'',0,'2019-05-08 06:16:36','2019-06-12 14:19:44'),(30,'asaa','','ывывыв','','2019-05-09 07:50:00','2019-07-05 14:35:00',0,1,NULL,5,NULL,'',0,'2019-05-09 02:42:08','2019-05-08 23:42:32'),(31,'New Simple Test 509001','','Просто контест 509001 ','','2019-05-19 22:00:00','2019-05-21 09:00:00',1,1,NULL,12,NULL,'5cd3964644711.png',0,'2019-05-09 05:54:47','2019-06-12 14:19:14'),(32,'q2q3qrw','','wqewq','','2019-05-09 07:45:00','2019-05-09 08:00:00',0,1,NULL,11,NULL,'',0,'2019-05-09 10:17:58','2019-06-12 14:19:29'),(33,'2','','2','','2019-05-10 22:55:00','2019-05-24 01:55:00',0,1,NULL,5,NULL,'',0,'2019-05-10 02:53:06','2019-06-12 14:18:54'),(34,'Ideathon Test','This is a testing vote for the Ideathon','Идеатон Тест','Это тестовая голосовалка для Идеатона','2019-05-19 21:35:00','2019-05-23 20:00:00',1,1,NULL,10,NULL,'5ce1ca3e3e4d9.jpg',0,'2019-05-20 00:28:28','2019-06-12 14:19:09'),(35,'2019 EaP Regional Ideathon','Mentor\'s voting after the final pitches','Региональный идеатон стран Восточного партнерства - 2019','Голосование менторов по финальным презентациям','2019-05-25 07:30:00','2019-05-25 15:40:00',0,1,NULL,10,NULL,'5ce9089d3cc56.jpg',1,'2019-05-25 12:19:52','2019-06-19 09:11:32'),(36,'Test 1','','Test 1','','2019-06-05 12:05:00','2019-06-05 15:10:00',0,1,NULL,10,NULL,'',0,'2019-06-05 14:54:27','2019-06-12 14:18:04'),(37,'2019 EaP Civil Society Hackathon','The EU-funded “Eastern Partnership Civil Society Facility” project seeks to promote the development of digital tools and solutions that would enable civil society organisations and activists better serve the needs of their communities, and help citizens participate in decision-making. To achieve this goal, the Project organises annual hackathon for civil society activists from the Eastern Partnership countries. The 2019 Hackathon in Tbilisi is the third even in the series. \r\nDuring the final presentations on June 16, you will vote for each digital solution except your own, and will assess the tools according to four criteria: feasibility, impact, sustainability and replication potential.\r\nWe will provide a ranking based on overall scores and will invite three teams to apply for funding for the full-fledge development and launch of the proposed IT-product: the two highest scoring teams based on the public vote and the highest scoring team based on the mentors’ vote.','Хакатон гражданского общества стран Восточного партнерства – 2019','Проект Европейского Европейский союза «Региональный механизм развития гражданского общества стран Восточного партнерства» активно поддерживает гражданское общество в разработке цифровых решений, которые помогут гражданским организациям и активистам отвечать на потребности населения, а гражданам – участвовать в принятии решений. С этой целью проект проводит ежегодные хакатоны для активистов из стран Восточного партнерства. Хакатон-2019 в Тбилиси стал третьим в рамках проекта. \r\nВо время финальных презентаций 16 июня вы проголосуете за каждое из представленных IT-решений, кроме своего собственного, по 4 критериям: реализуемость решения, эффективность воздействия, устойчивость продукта и потенциал масштабирования. \r\nМы подсчитаем баллы, и три решения, набравшие наибольшее количество баллов – два по мнению участников и одно по мнению менторов – будут приглашены подать заявки на получение финансирования от проекта для полномасштабной разработки и запуска IT-продукта.','2019-06-16 10:55:00','2019-06-16 14:45:00',0,1,NULL,10,NULL,'5d01fd6595a6a.jpg',1,'2019-06-13 12:07:36','2019-06-19 09:11:20');
/*!40000 ALTER TABLE `contest` ENABLE KEYS */;
UNLOCK TABLES;
/*!50003 SET @saved_cs_client      = @@character_set_client */ ;
/*!50003 SET @saved_cs_results     = @@character_set_results */ ;
/*!50003 SET @saved_col_connection = @@collation_connection */ ;
/*!50003 SET character_set_client  = utf8mb4 */ ;
/*!50003 SET character_set_results = utf8mb4 */ ;
/*!50003 SET collation_connection  = utf8mb4_general_ci */ ;
/*!50003 SET @saved_sql_mode       = @@sql_mode */ ;
/*!50003 SET sql_mode              = 'NO_AUTO_VALUE_ON_ZERO' */ ;
DELIMITER ;;
/*!50003 CREATE*/ /*!50017 DEFINER=`root`@`localhost`*/ /*!50003 TRIGGER `set_created_at_contest` BEFORE INSERT ON `contest` FOR EACH ROW SET new.created_at=NOW() */;;
DELIMITER ;
/*!50003 SET sql_mode              = @saved_sql_mode */ ;
/*!50003 SET character_set_client  = @saved_cs_client */ ;
/*!50003 SET character_set_results = @saved_cs_results */ ;
/*!50003 SET collation_connection  = @saved_col_connection */ ;

--
-- Table structure for table `migration`
--

DROP TABLE IF EXISTS `migration`;
/*!40101 SET @saved_cs_client     = @@character_set_client */;
/*!40101 SET character_set_client = utf8 */;
CREATE TABLE `migration` (
  `version` varchar(180) NOT NULL,
  `apply_time` int(11) DEFAULT NULL,
  PRIMARY KEY (`version`)
) ENGINE=InnoDB DEFAULT CHARSET=utf8;
/*!40101 SET character_set_client = @saved_cs_client */;

--
-- Dumping data for table `migration`
--

LOCK TABLES `migration` WRITE;
/*!40000 ALTER TABLE `migration` DISABLE KEYS */;
INSERT INTO `migration` VALUES ('m000000_000000_base',1553018537),('m130524_201442_init',1553018540);
/*!40000 ALTER TABLE `migration` ENABLE KEYS */;
UNLOCK TABLES;

--
-- Table structure for table `project`
--

DROP TABLE IF EXISTS `project`;
/*!40101 SET @saved_cs_client     = @@character_set_client */;
/*!40101 SET character_set_client = utf8 */;
CREATE TABLE `project` (
  `id` int(11) NOT NULL AUTO_INCREMENT,
  `contest_id` int(11) NOT NULL,
  `title_en` varchar(250) NOT NULL,
  `title_ru` varchar(250) NOT NULL,
  `content_en` text,
  `content_ru` text,
  `image` varchar(1024) DEFAULT NULL,
  `created_at` datetime NOT NULL,
  `updated_at` timestamp NOT NULL DEFAULT CURRENT_TIMESTAMP ON UPDATE CURRENT_TIMESTAMP,
  PRIMARY KEY (`id`),
  KEY `contentder_fk0` (`contest_id`),
  CONSTRAINT `contentder_fk0` FOREIGN KEY (`contest_id`) REFERENCES `contest` (`id`)
) ENGINE=InnoDB AUTO_INCREMENT=164 DEFAULT CHARSET=utf8;
/*!40101 SET character_set_client = @saved_cs_client */;

--
-- Dumping data for table `project`
--

LOCK TABLES `project` WRITE;
/*!40000 ALTER TABLE `project` DISABLE KEYS */;
INSERT INTO `project` VALUES (19,9,'Doika Donation Module','Модуль Пожертвования Дойки',NULL,NULL,'','2019-04-04 13:18:56','2019-04-04 08:18:56'),(20,9,'Food for Good','Пища для добра',NULL,NULL,'','2019-04-04 13:19:22','2019-04-04 08:19:22'),(28,13,'Library for you','Библиотека для вас',NULL,NULL,'','2019-04-09 10:41:54','2019-04-09 07:41:54'),(29,13,'Clever Budget','Умный Бюджет',NULL,NULL,'','2019-04-09 10:41:59','2019-04-09 07:41:59'),(30,13,'Mobility for All','Мобильность для всех',NULL,NULL,'','2019-04-09 10:42:03','2019-04-09 07:42:03'),(56,19,'PROJ SK 21','ПРОДЖ СК 21',NULL,NULL,'','2019-04-30 07:00:20','2019-04-30 04:00:20'),(57,19,'PROJ SK 22','ПРОЖ СК 22',NULL,NULL,'','2019-04-30 07:00:42','2019-04-30 04:00:42'),(58,19,'PROJ SK 23','ПРОЖ СК 23',NULL,NULL,'','2019-04-30 07:00:54','2019-04-30 04:00:54'),(59,19,'PROJ SK 24','ПРОЖ СК 24',NULL,NULL,'','2019-04-30 07:02:43','2019-04-30 04:02:43'),(60,19,'PROJ SK 25','ПРОЖ СК 25',NULL,NULL,'','2019-04-30 07:02:55','2019-04-30 04:02:55'),(65,22,'tr2e','try ',NULL,NULL,'','2019-05-05 02:02:53','2019-05-04 23:02:53'),(66,24,'blocker proj sk','блоккер продж ск',NULL,NULL,'','2019-05-06 09:28:58','2019-05-06 06:28:58'),(67,24,'blocker proj sk 2','блоккер продж 2 ск',NULL,NULL,'','2019-05-06 09:29:21','2019-05-06 06:29:21'),(68,26,'asas','асас',NULL,NULL,'','2019-05-06 20:42:25','2019-05-06 17:42:25'),(69,26,'viga','выга',NULL,NULL,'','2019-05-06 20:42:50','2019-05-06 17:42:50'),(70,25,'test tex long text test tex long text test tex lon','test tex long text test tex long text test tex lon',NULL,NULL,'','2019-05-07 09:40:52','2019-05-07 06:40:52'),(73,28,'Project of Test Voter 3','Проект тестового юзера 3',NULL,NULL,'','2019-05-08 05:44:47','2019-05-08 02:44:47'),(74,28,'Other Test Project','Любой другой',NULL,NULL,'','2019-05-08 05:49:51','2019-05-08 02:49:51'),(75,29,'Тест 3','тест 3',NULL,NULL,'','2019-05-08 06:17:12','2019-05-08 03:17:12'),(76,27,'Water - FILTER','Вода- ФИЛЬТР',NULL,NULL,'','2019-05-08 07:26:42','2019-05-08 04:26:42'),(77,27,'Water - Ultraviolet','Вода -Ультрафиолет',NULL,NULL,'','2019-05-08 07:27:17','2019-05-08 04:27:17'),(78,27,'WATER - Absorb','Вода - Абсорб',NULL,NULL,'','2019-05-08 07:27:51','2019-05-08 04:27:51'),(79,27,'Water - Bacteria','Вода- Бактерии',NULL,NULL,'','2019-05-08 08:26:14','2019-05-08 05:26:14'),(80,27,'Water - Chemistry','Вода-Химия',NULL,NULL,'','2019-05-08 08:26:31','2019-05-08 05:26:31'),(81,27,'Water- Robots','Вода- Роботы',NULL,NULL,'','2019-05-08 08:26:43','2019-05-08 05:26:43'),(82,27,'Water - reduce pollut','Вода- Уменьш загрязн',NULL,NULL,'','2019-05-08 08:28:20','2019-05-08 05:28:20'),(83,27,'Water - fish','Вода-рыба',NULL,NULL,'','2019-05-08 08:28:38','2019-05-08 05:28:38'),(84,27,'Water- plants','Вода-водоросли',NULL,NULL,'','2019-05-08 08:29:13','2019-05-08 05:29:13'),(85,27,'water - soil','вода-грунт',NULL,NULL,'','2019-05-08 08:29:30','2019-05-08 05:29:30'),(86,27,'additional Water - GATE','дополнительный ВОда-Забор',NULL,NULL,'','2019-05-09 02:12:31','2019-05-08 23:12:31'),(87,31,'Vote For Project \"Test Voter 1\"','Русский текст для Vote For Project \"Test Voter 1\"',NULL,NULL,'','2019-05-09 05:56:40','2019-05-09 02:56:40'),(89,31,'Vote For Project \"Test Voter 2\"','Русский текст для Vote For Project \"Test Voter 2\"',NULL,NULL,'','2019-05-09 05:57:22','2019-05-09 02:57:22'),(90,31,'Vote For Project \"Test Voter 3\"','Русский текст для Vote For Project \"Test Voter 3\"',NULL,NULL,'','2019-05-09 05:57:46','2019-05-09 02:57:46'),(91,31,'Vote For Project \"Test Voter 4\"','Русский текст для Vote For Project \"Test Voter 4\"',NULL,NULL,'','2019-05-09 05:57:55','2019-05-09 02:57:55'),(93,34,'Test 1','Тест 1',NULL,NULL,'','2019-05-20 00:28:52','2019-05-19 21:28:52'),(94,34,'Test 2','Тест 2',NULL,NULL,'','2019-05-20 00:29:03','2019-05-19 21:29:03'),(95,34,'Test 3','Тест 3',NULL,NULL,'','2019-05-20 00:29:21','2019-05-19 21:29:21'),(96,34,'Test 4','Тест 4',NULL,NULL,'','2019-05-20 00:29:53','2019-05-19 21:29:53'),(97,34,'Mentor','Ментор',NULL,NULL,'','2019-05-20 00:39:28','2019-05-19 21:39:28'),(98,35,'MolaMola - Anton Motolko','MolaMola - Антон Мотолько',NULL,NULL,'','2019-05-25 12:20:31','2019-05-25 09:20:31'),(99,35,'Mentor','Mentor',NULL,NULL,'','2019-05-25 12:22:03','2019-05-25 09:22:03'),(100,35,'SpenDonate - Ilgar','SpenDonate - Ильгар',NULL,NULL,'','2019-05-25 12:43:08','2019-05-25 09:43:08'),(101,35,'MOB - Sergei Laurichenko','MOB - Сергей Лауриченко',NULL,NULL,'','2019-05-25 12:43:57','2019-05-25 09:43:57'),(102,35,'Givers - Igor online','Givers - Игорь онлайн',NULL,NULL,'','2019-05-25 13:00:07','2019-05-25 10:00:07'),(103,35,'Lazy Control - Volha online','Lazy Control - Ольга онлайн',NULL,NULL,'','2019-05-25 13:00:42','2019-05-25 10:00:42'),(104,35,'Impreza na move - Ihar','Impreza na move - Игорь',NULL,NULL,'','2019-05-25 13:08:29','2019-05-25 10:08:29'),(106,35,'Smart Interaction - Vadim','Smart Interaction - Вадим',NULL,NULL,'','2019-05-25 13:09:53','2019-05-25 10:09:53'),(107,35,'See the City - Sergei Balta','See the City - Сергей Балта',NULL,NULL,'','2019-05-25 13:13:42','2019-05-25 10:13:42'),(108,35,'Guide for Consumers - Ashot','Guide fro Consumers - Ашот',NULL,NULL,'','2019-05-25 13:14:17','2019-05-25 10:14:17'),(109,35,'SELab - Sergey','SELab - Сергей',NULL,NULL,'','2019-05-25 13:14:51','2019-05-25 10:14:51'),(110,35,'Smolevichi 2.0 - Yauheni','Smolevichi 2.0 - Евгений',NULL,NULL,'','2019-05-25 13:19:56','2019-05-25 10:19:56'),(111,35,'Rubbish - Polina','Rubbish - Полина',NULL,NULL,'','2019-05-25 13:20:53','2019-05-25 10:20:53'),(112,35,'Crypdonator - Orkhan','Crypdonator - Орхан',NULL,NULL,'','2019-05-25 13:21:42','2019-05-25 10:21:42'),(113,35,'Neighbours - Lera','Neighbours - Лера',NULL,NULL,'','2019-05-25 13:22:39','2019-05-25 10:22:39'),(114,35,'AR in Education - Vitaliy','AR in Education - Виталий',NULL,NULL,'','2019-05-25 13:24:19','2019-05-25 10:24:19'),(115,35,'Provodnik - Anna Krys','Provodnik - Анна Крис',NULL,NULL,'','2019-05-25 13:27:16','2019-05-25 10:27:16'),(116,35,'Challenge - Anna Onishchuk','Challenge  - Анна Онищук',NULL,NULL,'','2019-05-25 13:39:41','2019-05-25 10:39:41'),(117,35,'Gluten Free - Olga','Без глютена - Ольга',NULL,NULL,'','2019-05-25 13:40:56','2019-05-25 10:40:56'),(118,35,'BusinesStep - Anna','BusinesStep - Анна',NULL,NULL,'','2019-05-25 13:42:37','2019-05-25 10:42:37'),(119,35,'MyVote - Mariam Avakova','Мой голос - Мариам Авакова',NULL,NULL,'','2019-05-25 13:44:52','2019-05-25 10:44:52'),(120,35,'TrustCharity - Pavel','TrustCharity - Павел',NULL,NULL,'','2019-05-25 13:45:48','2019-05-25 10:45:48'),(121,35,'Never too late - Sophico','Never too late - Софико',NULL,NULL,'','2019-05-25 13:52:36','2019-05-25 10:52:36'),(122,35,'ChatBot for Community - Sergey','ChatBot for Community - Сергей',NULL,NULL,'','2019-05-25 13:55:37','2019-05-25 10:55:37'),(123,35,'Transparent Rent - Tarnay','Прозрачная аренда - Тарнай',NULL,NULL,'','2019-05-25 13:57:26','2019-05-25 10:57:26'),(124,35,'Transparent Infrastructure - Abramov','Transparent Infrastructure - Абрамов',NULL,NULL,'','2019-05-25 14:02:41','2019-05-25 11:02:41'),(125,35,'Radar - Yekaterina','Radar - Екатерина',NULL,NULL,'','2019-05-25 14:03:36','2019-05-25 11:03:36'),(126,35,'Ciclismul urban - Denis','Ciclismul urban - Денис',NULL,NULL,'','2019-05-25 14:04:16','2019-05-25 11:04:16'),(127,35,'TeenJob - Valeria','TeenJob - Валерия',NULL,NULL,'','2019-05-25 14:08:40','2019-05-25 11:08:40'),(128,35,'Health - Mariam','Health - Mariam',NULL,NULL,'','2019-05-25 14:33:31','2019-05-25 11:33:31'),(129,35,'AntiCorrution - Mariam','AntiCorrution - Mariam',NULL,NULL,'','2019-05-25 14:33:53','2019-05-25 11:33:53'),(130,33,'Test 1','test 1',NULL,NULL,'','2019-05-27 11:24:26','2019-05-27 08:24:26'),(131,33,'test 2','test 2',NULL,NULL,'','2019-05-27 11:24:44','2019-05-27 08:24:44'),(132,36,'Test 1','test 1',NULL,NULL,'','2019-06-05 14:54:36','2019-06-05 11:54:36'),(133,36,'Test 2','Test 2',NULL,NULL,'','2019-06-05 14:54:47','2019-06-05 11:54:47'),(134,36,'Test 3','Test  3',NULL,NULL,'','2019-06-05 14:54:55','2019-06-05 11:54:55'),(135,36,'Test 4','Test 4',NULL,NULL,'','2019-06-05 14:55:08','2019-06-05 11:55:08'),(143,37,'Ciclismul Chisinau - Denis ROMANESCU','Ciclismul Chisinau - Denis ROMANESCU',NULL,NULL,'','2019-06-15 00:05:34','2019-06-14 21:05:34'),(144,37,'Busine$tep - Anna POZDNIAKOVA','Busine$tep - Anna POZDNIAKOVA',NULL,NULL,'','2019-06-15 00:06:09','2019-06-14 21:06:09'),(145,37,'Transparent Rent - Volodymyr TARNAI','Прозрачная аренда - Volodymyr TARNAI',NULL,NULL,'','2019-06-15 00:06:42','2019-06-14 21:06:42'),(146,37,'Chat bot for Community - Serhiy ZAPOROZHCHENKO','Чат бот для громады - Serhiy ZAPOROZHCHENKO',NULL,NULL,'','2019-06-15 00:07:39','2019-06-14 21:07:39'),(147,37,'SE Lab - Sergey MELIK-YOLCHYAN','SE Lab - Sergey MELIK-YOLCHYAN',NULL,NULL,'','2019-06-15 00:08:19','2019-06-14 21:08:19'),(148,37,'MolaMola - Anton MOTOLKO','MolaMola - Anton MOTOLKO',NULL,NULL,'','2019-06-15 00:08:51','2019-06-14 21:08:51'),(149,37,'Smolevich 2.0 - Yauheni PUHACH','Smolevich 2.0 - Yauheni PUHACH',NULL,NULL,'','2019-06-15 00:09:59','2019-06-14 21:09:59'),(150,37,'SpiritUp - Veranika SHENDA','SpiritUp - Veranika SHENDA',NULL,NULL,'','2019-06-15 00:10:28','2019-06-14 21:10:28'),(151,37,'Crypto Donation - Orkhan AHMADOV','Crypto Donation - Orkhan AHMADOV',NULL,NULL,'','2019-06-15 00:11:17','2019-06-14 21:11:17'),(152,37,'Rubbish - Palina PLISKOUSKAYA','Rubbish - Palina PLISKOUSKAYA',NULL,NULL,'','2019-06-15 00:11:45','2019-06-14 21:11:45'),(153,37,'Transparent Infrastructure - Svyatoslav ABRAMOV','Прозрачная инфраструктура - Svyatoslav ABRAMOV',NULL,NULL,'','2019-06-15 00:12:33','2019-06-14 21:12:33'),(154,37,'SPENDONATE - Ilgar TAGHIYEV','SPENDONATE - Ilgar TAGHIYEV',NULL,NULL,'','2019-06-15 00:13:11','2019-06-14 21:13:11'),(155,37,'TeenJob - Valeryia AMIALIUSIK','TeenJob - Valeryia AMIALIUSIK',NULL,NULL,'','2019-06-15 00:13:59','2019-06-14 21:13:59'),(156,37,'GlutenFree - Olha TERESHCHENKO','Жизнь без глютена - Olha TERESHCHENKO',NULL,NULL,'','2019-06-15 00:15:04','2019-06-14 21:15:04'),(157,37,'MOB - Sergei LAVRINENKO','MOB - Sergei LAVRINENKO',NULL,NULL,'','2019-06-15 00:15:57','2019-06-14 21:15:57'),(158,37,'Good Neighbours - Alesia BALCHUNAS','Хорошие соседи - Alesia BALCHUNAS',NULL,NULL,'','2019-06-15 00:16:51','2019-06-14 21:16:51'),(159,37,'Provodnik - Anna KRYS','Проводник - Anna KRYS',NULL,NULL,'','2019-06-15 00:18:02','2019-06-14 21:18:02'),(160,37,'MyVoice - Mariam AVAKOVA','Мой голос - Mariam AVAKOVA',NULL,NULL,'','2019-06-15 00:18:42','2019-06-14 21:18:42'),(161,37,'Never Too Late - Sophiko GOGOCHASHVILI','Never Too Late - Sophiko GOGOCHASHVILI',NULL,NULL,'','2019-06-15 00:19:38','2019-06-14 21:19:38'),(162,37,'Healthy - Mariam HARUTYUNYAN','Healthy - Mariam HARUTYUNYAN',NULL,NULL,'','2019-06-15 00:20:10','2019-06-14 21:20:10'),(163,37,'Test 1','Тест 1',NULL,NULL,'','2019-06-15 00:20:32','2019-06-14 21:20:32');
/*!40000 ALTER TABLE `project` ENABLE KEYS */;
UNLOCK TABLES;
/*!50003 SET @saved_cs_client      = @@character_set_client */ ;
/*!50003 SET @saved_cs_results     = @@character_set_results */ ;
/*!50003 SET @saved_col_connection = @@collation_connection */ ;
/*!50003 SET character_set_client  = utf8mb4 */ ;
/*!50003 SET character_set_results = utf8mb4 */ ;
/*!50003 SET collation_connection  = utf8mb4_general_ci */ ;
/*!50003 SET @saved_sql_mode       = @@sql_mode */ ;
/*!50003 SET sql_mode              = 'NO_AUTO_VALUE_ON_ZERO' */ ;
DELIMITER ;;
/*!50003 CREATE*/ /*!50017 DEFINER=`root`@`localhost`*/ /*!50003 TRIGGER `set_created_at_project` BEFORE INSERT ON `project` FOR EACH ROW SET new.created_at=NOW() */;;
DELIMITER ;
/*!50003 SET sql_mode              = @saved_sql_mode */ ;
/*!50003 SET character_set_client  = @saved_cs_client */ ;
/*!50003 SET character_set_results = @saved_cs_results */ ;
/*!50003 SET collation_connection  = @saved_col_connection */ ;

--
-- Table structure for table `project_to_user`
--

DROP TABLE IF EXISTS `project_to_user`;
/*!40101 SET @saved_cs_client     = @@character_set_client */;
/*!40101 SET character_set_client = utf8 */;
CREATE TABLE `project_to_user` (
  `project_id` int(11) NOT NULL DEFAULT '0',
  `voter_id` int(11) NOT NULL DEFAULT '0',
  PRIMARY KEY (`project_id`,`voter_id`),
  UNIQUE KEY `project_user_unique` (`project_id`,`voter_id`),
  KEY `project_to_user_voter` (`voter_id`),
  CONSTRAINT `project_to_user_ibfk_1` FOREIGN KEY (`voter_id`) REFERENCES `voter` (`id`) ON DELETE NO ACTION ON UPDATE NO ACTION,
  CONSTRAINT `project_to_user_voter` FOREIGN KEY (`voter_id`) REFERENCES `voter` (`id`) ON DELETE NO ACTION ON UPDATE NO ACTION
) ENGINE=InnoDB DEFAULT CHARSET=utf8;
/*!40101 SET character_set_client = @saved_cs_client */;

--
-- Dumping data for table `project_to_user`
--

LOCK TABLES `project_to_user` WRITE;
/*!40000 ALTER TABLE `project_to_user` DISABLE KEYS */;
INSERT INTO `project_to_user` VALUES (29,14),(30,17),(28,64),(28,75),(99,84),(99,85),(99,86),(99,87),(99,88),(99,89),(99,90),(99,91),(151,93),(153,94),(154,95),(162,96),(150,97),(151,98),(159,99),(155,100),(160,101),(150,102),(158,103),(149,104),(154,105),(147,106),(152,107),(161,108),(162,109),(162,110),(162,111),(155,112),(146,113),(153,114),(151,115),(143,116),(161,117),(159,118),(152,119),(155,120),(143,121),(157,122),(157,123),(149,124),(161,125),(144,126),(147,127),(145,128),(156,129),(148,130),(144,131),(145,132),(152,133),(144,134),(149,135),(143,136),(159,137),(156,138),(157,139),(160,140),(158,141),(150,142),(160,143),(147,144),(154,145),(145,146),(156,147),(158,148),(148,149),(148,150),(146,151),(146,152),(153,153),(157,154);
/*!40000 ALTER TABLE `project_to_user` ENABLE KEYS */;
UNLOCK TABLES;

--
-- Table structure for table `voter`
--

DROP TABLE IF EXISTS `voter`;
/*!40101 SET @saved_cs_client     = @@character_set_client */;
/*!40101 SET character_set_client = utf8 */;
CREATE TABLE `voter` (
  `id` int(11) NOT NULL AUTO_INCREMENT,
  `username` varchar(255) COLLATE utf8_unicode_ci NOT NULL,
  `name` varchar(250) COLLATE utf8_unicode_ci DEFAULT NULL,
  `auth_key` varchar(32) COLLATE utf8_unicode_ci NOT NULL,
  `password_hash` varchar(255) COLLATE utf8_unicode_ci NOT NULL,
  `password_reset_token` varchar(255) COLLATE utf8_unicode_ci DEFAULT NULL,
  `confirm_token` varchar(255) COLLATE utf8_unicode_ci DEFAULT NULL,
  `email` varchar(255) COLLATE utf8_unicode_ci NOT NULL,
  `status` smallint(6) NOT NULL DEFAULT '10',
  `created_at` int(11) NOT NULL,
  `updated_at` int(11) NOT NULL,
  `role` tinyint(4) NOT NULL DEFAULT '2',
  PRIMARY KEY (`id`),
  UNIQUE KEY `username` (`username`,`status`),
  UNIQUE KEY `password_reset_token` (`password_reset_token`)
) ENGINE=InnoDB AUTO_INCREMENT=155 DEFAULT CHARSET=utf8 COLLATE=utf8_unicode_ci;
/*!40101 SET character_set_client = @saved_cs_client */;

--
-- Dumping data for table `voter`
--

LOCK TABLES `voter` WRITE;
/*!40000 ALTER TABLE `voter` DISABLE KEYS */;
INSERT INTO `voter` VALUES (1,'admin','Sarvarbek Nishonboyev','LDjuyI6nON2AfpgJUYPVGgxh8UnWYUeH','$2y$13$WfoWO8tIkSv5fYTjcjZa/OE/QSfYmrfntuim56brsMVWynvXJ1qWq',NULL,NULL,'sarvar.nishonboyev@gmail.com',10,1553018543,1563380133,1),(14,'deleted_14_sarvarbek.uz@gmail.com','Sarvar Nishonboyev','q84qJAoJ6NG3H8AdYIpfpfMC_EkJTS92','$2y$13$O2Yn6YoMMmuJB.U3dSbFa.2F3XCb3P8sNxaAxhfQaHT/JiFtKdJua',NULL,NULL,'deleted_14_sarvarbek.uz@gmail.com',0,1554795786,1560348919,2),(15,'deleted_15_kriogen87@gmail.com','SergiWWW Sergii ','0OOHJNrQjeCSxIR_tXSWaxI_ftuRtcHU','$2y$13$MPMgj1x8bsr/TTP0FQUH.ON1z5jgFzKQhwjj2QDyVId2krlvrYEOG','I_ZDwxgVEXhvi_B1P2s_WxK_WgdT0X7L_1556834295',NULL,'deleted_15_kriogen87@gmail.com',0,1556236963,1556904536,2),(16,'deleted_16_ivan.bilenkyi.it@gmail.com','Test User Ivan B. 2019-04-26-001','f7RY2FD20i9LduYYFgpJ4nVPLtyVZsxh','$2y$13$D2xf6IgQW5lA5MzkZFjiuukBrs1WQScvq0QW6R6rIoTCpaipbwFg6',NULL,NULL,'deleted_16_ivan.bilenkyi.it@gmail.com',0,1556288192,1560348924,2),(17,'deleted_17_ibtestnuevo@gmail.com','Test User Ivan B. 2019-04-26-002','Cl2z7Pm9HFyFvUwtEmVkdgr7YcfTd9oo','$2y$13$X0fs8YWgyjGlDryWguUXBuRSyX6Khs9LI/yoFFjoGgG8P4pOu3uwu',NULL,NULL,'deleted_17_ibtestnuevo@gmail.com',0,1556288781,1560348928,2),(18,'deleted_18_ivan.bilenkyi.rok.revy@gmail.com','Test User Ivan B. 2019-04-26-003','FlH7Ongz_k2FmPPOFu2CAKVstliFLP7J','$2y$13$jJgUOrJ1MP5VouIjNO4br.k.TFP1dR4yOFb5k7Wkhkb0aif9wdC/.',NULL,NULL,'deleted_18_ivan.bilenkyi.rok.revy@gmail.com',0,1556288823,1560348932,2),(28,'deleted_28_ff@gg.com','Andy Barnfgeytryt','i0FPxSt3vm-urV-AOX0I_5vyRnbDW1Qb','$2y$13$rRkFX9RUXQ0kxxUUrPqBSOqLTsqlmBM8UWlzEXRcRiKc.3btX8Pam',NULL,'76908804f2f2c9296e4194203f22020115565079195bad78102d5665ced452626a326ea479','deleted_28_t@t.ty',0,1556507919,1557080869,2),(33,'deleted_33_f@g.j','f','dz1QXKuiZiUigIideAOSl4epqu3ZS8Xx','$2y$13$DIPEi6dxQ/QDavsRcziNmu0ncbe9Lt/Ti6oAqnre9MuKJPs13UmfS',NULL,'cdb70a182e425e77df4d67d097ee0cdf1556508670c90ada6bb55789caa2f6b745cc263c2d','deleted_33_f@g.j',0,1556508670,1557080919,2),(34,'deleted_34_sergiikulenkoqa@gmail.com','sk2','j343cwX7aoH9DC6BL_bIjqXD2KmfkjpU','$2y$13$0IS7w/syddjmA4ST3VIJC.thvASOVggrop4De1BxQROShVFOV1VDe',NULL,NULL,'deleted_34_sergiikulenkoqa@gmail.com',0,1556650260,1560348935,2),(35,'deleted_35_ikrom1231321312312@mail.ru','ikrom','8zy8nndPTkqa0o6Nr6awEK8n8wMT5PGH','$2y$13$bYBWrVx1kkGS4PBM1eiYFOIeH5eQBmtRj2Kcuq0eDHakxQfgTvA32',NULL,'ccf5595ce101ddb66a24276aca0e65a61556717862f01657bd3ee192b90440da6f48e66940','deleted_35_ikrom1231321312312@mail.ru',0,1556717862,1560348939,2),(36,'deleted_36_dsadsa@mail.ru','dsadsadsadsa','XMlhDG_ukSrPhvVBymnj25fzTQbN101O','$2y$13$PwrLgnYRC1mLwY0IPt0/yevW3snengHtW946c9IBuOjc0ROsAgAMq',NULL,'0fdc6a6f4c25e481a95210a8ef871d54155671974099093698d3e06d2507ec6d967fa13d2d','deleted_36_dsadsa@mail.ru',0,1556719740,1557244932,2),(37,'deleted_37_dadsaasd@mk.ru','dsadsa','qV8O7vrJ0dPyhzXxwwJf_o4HxrX3M6Yo','$2y$13$J/vCq4JIEArI.gPbQKdYuOfwbUuXgNVK3awI9Q.JtLXe0WAwjhCOi',NULL,'0036e1509e3ac7ff3969a37507b63fb815567204309624f56df4de4a71d24f7c0c265df3e9','deleted_37_dadsaasd@mk.ru',0,1556720430,1560348942,2),(38,'deleted_38_dina.targarjan@gmail.com','Test Voter 1','KigL50_s75R3t5pbkOmXsmYEv3ITrYW5','$2y$13$0jxWcRFW/pkECsL3X8YvoeaPsR1LjMNqQ7SnZD/jL6hB0RtchFU/a',NULL,NULL,'deleted_38_dina.targarjan@gmail.com',0,1556742419,1560348945,2),(39,'deleted_39_nahal.drognul@gmail.com','Test Voter 2','tbRm7tcN7WQN9Y38Twms7EGk0gkg5oNS','$2y$13$c9MM0G.wdZYGUqhnREQdyeJDnWEc/DisbOnvy19LsO9PyPr.C3pUu',NULL,NULL,'deleted_39_nahal.drognul@gmail.com',0,1556743283,1560348949,2),(40,'deleted_40_re@mail.com','Test 2','eq1PSZHJeMn1bENGANQP5vvkO2i47Ccn','$2y$13$Qo6zSZytgbHy5R2WMTMW1OX31cN0pheiH88iV2Qn4RdfC8q0jL5ii',NULL,'8917fb7f6da5b5e3218b7808b1df432a155674331643c4bf2d4f1b98c73fc8c557d5db7330','deleted_40_re@mail.com',0,1556743316,1560348953,2),(41,'deleted_41_nahal.drognul@gmail.co','Test 2','a_FYdjYKUrud8cBjeK4c_camSjS238ot','$2y$13$vqGJSLfJrtZf.DR3YwDMmO7BRL1xrHbTWfbtpnOPOUyPIE2uyzmaG',NULL,'e09bc27e91bc702fe1fd5732462bdcc51556743668c7422437c1a5f8a68efd2438e2f17d96','deleted_41_nahal.drognul@gmail.co',0,1556743668,1560348955,2),(42,'deleted_42_jora.mamont@gmail.com','Test Voter 3','3H5do_JK_KMo5_3MME-v7xtygp2Wr9gC','$2y$13$6iXfYLolmx5UibWn2vm.t.AfmwZopgevIDHuuBmtoG9PgtSGkz5bK',NULL,NULL,'deleted_42_jora.mamont@gmail.com',0,1556746055,1560348957,2),(43,'deleted_43_jimmi.sneg@gmail.com','Test Voter 4','lLkw8tQ6K1SdizeP9rH9SoYDE9enPsmA','$2y$13$m0SBORxNSipynTH0yfvk2.qg14m6qlRkDy2xib.ryAjdCfWTik5gy',NULL,NULL,'deleted_43_jimmi.sneg@gmail.com',0,1556746168,1560348959,2),(44,'deleted_44_jake.luckystrike@gmail.com','Test Voter 5','tjPlLymSESkq_vST1fZ1ylbmk_cn5UWZ','$2y$13$dUxsA9p6kekncWwbdhIhLe/5M.DHXAdHMSJdNcCjMsUNLAlktLmM2',NULL,NULL,'deleted_44_jake.luckystrike@gmail.com',0,1556749219,1560348962,2),(45,'deleted_45_sasha.strajk@gmail.com','Test Voter 6','q-5p9wHbsmpTVZuAFsO0dr-VVbQTAETH','$2y$13$WOsdav20qNsBR6Ot3AjTbOansNH2UWxPewpw5r2Wt1tx0Hm.xk7Yu',NULL,NULL,'deleted_45_sasha.strajk@gmail.com',0,1556757087,1560348964,2),(46,'deleted_46_aleksandr.huligun@gmail.com','Test Voter 7','JyxM-LXH9nCDk-cTfgtmK6fbgJ2e-LBU','$2y$13$MJjPDIiwpY5iA88WbKuSrubYm9AmskLQ4oxD4pJJ5PDkbAsnSsdH.',NULL,NULL,'deleted_46_aleksandr.huligun@gmail.com',0,1556757914,1560348966,2),(47,'deleted_47_bogdana.tort@gmail.com','Test Voter 8','SGSd6QUEnhRNM0228iT6d2W1k4C23Ly9','$2y$13$ciz9eUc7iU3zNs9XrhptFulCiUMJJljhVuo0BycdHfzYprXY8QX4a',NULL,NULL,'deleted_47_bogdana.tort@gmail.com',0,1556758272,1560348969,2),(48,'deleted_48_ddmjtnde@supere.ml','sk4_test','EK70so6gGm0AoKCsEEGJa3VVzt_wd1H7','$2y$13$6LTbdMDd.H8ewG29lmttdODwUGL1ETcr.LhZNsGw1iOxed4ATuQjG',NULL,NULL,'deleted_48_ddmjtnde@supere.ml',0,1556771513,1560348971,2),(49,'deleted_49_sramos1sk@gmail.com','sk4','seE7OBaBj1Q2gdwEY_drk2L6hucFoql8','$2y$13$z7F1Kej371aHvuMGe0yd3u6MwlevqQ9ngZEI1g55BAcgzxF4pyltO',NULL,NULL,'deleted_49_sramos1sk@gmail.com',0,1556771826,1560348972,2),(50,'deleted_50_sramos2sk@gmail.com','sk5','ZMYWBWIj1KdILfrIhLw5T1m-8hf6Zhs9','$2y$13$mCOwcrLVv8DM2bEmEtYat.hYMCbwmicKizUZvlBGFt/tKSdxgwqgu',NULL,NULL,'deleted_50_sramos2sk@gmail.com',0,1556772103,1560348974,2),(51,'deleted_51_sramos3sk@ukr.net','sk6','b4SzXxSL7_DDyijYR0awwB7e2oF-mD1T','$2y$13$sFwjM1zgZj913CvidU4Q1.NTrX8pEH86jaefulfMHwD7rmr.VCyEy',NULL,NULL,'deleted_51_sramos3sk@ukr.net',0,1556772632,1560348975,2),(52,'deleted_52_katarinatj@yahoo.com','KattyKat','f2NW-j0j0VxukS5vV2pH6FSdSMZ0rlEN','$2y$13$0sDq6fWupgS4T85NsjXZjOAIbHTRzQ3z9EUbfnCOXGVc3Sj2/qk.q','1K6I0HuzRuM5jRT57EChkEwtUvuvHomn_1556832386',NULL,'deleted_52_katarinatj@yahoo.com',0,1556832179,1560348978,2),(53,'deleted_53_katarinatj@gmail.com','Katarina','YLOGnBUXLMz7JeRlDnU5xVsB7dOD7nan','$2y$13$yZTw2HJa6eDQSnjE5ZQpz.7GowsA4VqIVw/nxT0fToLyEpehV3VJ.','kdPvt27EokQ6TjyWvhKnlNp94q3uJKLS_1557011345',NULL,'deleted_53_katarinatj@gmail.com',0,1556833188,1560348980,2),(54,'deleted_54_sramos4sk@ukr.net','sk7','dzXfNe2tGClhvgNGbpBD4-yVIXAHQI1L','$2y$13$aqGbt/bxotJebn1pXZh6TeXI9rhdFK1RwDXyPh.HUmPZAuiLhA/km',NULL,NULL,'deleted_54_sramos4sk@ukr.net',0,1556836782,1556977962,2),(55,'deleted_55_sramos5sk@ukr.net','sk8','zycAni2_f0efFLDS9EX18IQY8ll-L9JR','$2y$13$Yi3iNoWklSLc3Vj9R./ELe/i85Tz8lFS3rOhj9ThL39p5/j7ZEDMK',NULL,NULL,'deleted_55_sramos5sk@ukr.net',0,1556837976,1560348982,2),(56,'deleted_56_sramos6sk@ukr.net','sk9','IkGoUnPoNiyknnk62oop565fr-yCkolh','$2y$13$kIr.sXs2WRmFdAO23ZfC.OM8zhQznTUmXe4a483l1Ox41Mg7b/bXS',NULL,NULL,'deleted_56_sramos6sk@ukr.net',0,1556838159,1560348985,2),(57,'deleted_57_sramos7sk@ukr.net','sk10','VboGixLgwe_DPwtXN278Ae1LFJUKQsse','$2y$13$48Dea8vn8KPUpIvFRg4P.uNpd2zDs9Rb9Th3N7S5l68ncMN3J5L0u',NULL,NULL,'deleted_57_sramos7sk@ukr.net',0,1556839292,1560348987,2),(58,'deleted_58_voter8sk@yahoo.com','sk11','dHe0MwJ5o7moRwYIhjqVgwsXgwBItJFR','$2y$13$FwMzZEiOmLmEpwBrdxeVFOnTRFAxH0n9rRL45j2Xt/xhkhCiRhnk.',NULL,NULL,'deleted_58_voter8sk@yahoo.com',0,1556839917,1560348989,2),(59,'deleted_59_voter9sk@yahoo.com','sk12','ohh-bJWQ-Mmm-wnRuaoeRkpU0BfoonYL','$2y$13$vSMabyUnHwE2K8sEo170o.X5HRNk2bavm5WeEAP7ZlWijsXNas7l6',NULL,NULL,'deleted_59_voter9sk@yahoo.com',0,1556840450,1560348992,2),(60,'deleted_60_voter10sk@yahoo.com','sk13','3O-C4gKFjGUAoptCzdIg5BcIpSb380M1','$2y$13$BrolsMYbtX3xO62iVGC6KONZcPmM9.vD5Codwgf0RgD4ZE9m9aBVC',NULL,NULL,'deleted_60_voter10sk@yahoo.com',0,1556840790,1560348993,2),(61,'deleted_61_voter11sk@yahoo.com','sk14','q6RzK99XV2v3bKFAXIhYXlVuWYQmn_gV','$2y$13$0jJtE0yfIXZpQEu3m.Rqmu7Y7KTKHH3rCjts9wXUhoIdUB1PSGMsW',NULL,NULL,'deleted_61_voter11sk@yahoo.com',0,1556841738,1560348995,2),(62,'deleted_62_voter12sk@yahoo.com','sk15','xJpMmeywDbMaJURZixQbNW8iYSqehPe4','$2y$13$QDJXe3gxodPYQjzWbgoVXe7BZgQR/kugE7pcyPlwIkD7nTbGw7pFS',NULL,'2863ec026b942c85d4ea1d6983f4daca15568423057e1fd9b50e60cf9110680e08e3846be5','deleted_62_voter12sk@yahoo.com',0,1556842305,1560348997,2),(63,'deleted_63_voter13sk@protonmail.com','sk16','ydKTT1mTmJi0b-CwFBVxNzvEyI90zRbn','$2y$13$s548lpcH3TdT.WIFryaa7un4.2UjfRE8lhnfIfXayJ3e3UYu/WFhG',NULL,NULL,'deleted_63_voter13sk@protonmail.com',0,1556842834,1560348999,2),(64,'deleted_64_nsarvar@protonmail.com','Sarvar Nishonboyev','oaoU0W-U4C17eJGdkMF2Bh_T5P_G8cj6','$2y$13$q/0QHeCcIgJNKy96xb/.c.Fbl67gIV1I1VIXkHrPdePrbTzu5s7Be',NULL,NULL,'deleted_64_nsarvar@protonmail.com',0,1556862245,1560349001,2),(69,'deleted_69_sarvarbek.uz@gmail.com','dsadsa','kTnZry31N37SQLfp499R22uVqJCXGTHx','$2y$13$6kMww9SBCXdtnMd1VDcTAOFC2dT7OOBS6dXqDpH0ji6jRIjZs5drS',NULL,'50cdbf4cd51ee9107608df1ad73096d41556888201d1a5d75695005f05113f4f0630868834','deleted_69_sarvarbek.uz@gmail.com',0,1556888201,1556888700,2),(70,'deleted_70_sergiikulenkoqa@gmail.ru','sk2','0stQ_RMPa3iaCbkplZmHPa7N1RaWj3TX','$2y$13$veHPbEGrOfWTLva9yok22.NX45ErqbAL0AuUnhuWWXoyf7yXiGNuW',NULL,'6b2a64e80c696f3219ce5339110461671556904978c00fccb3d26abdef0429bfbe5e0e3409','deleted_70_sergiikulenkoqa@gmail.ru',0,1556904978,1556905015,2),(71,'deleted_71_sarvar@mysuperdispatch.com','dsa','dL5QfvJaiFcPq-i1jBJGyc0tC1aBAAnx','$2y$13$O.pSC5PkIlDTPVWC4Wc/l.ndZe87N8FUm/Z36rvTGFj/nK6J1psmS',NULL,NULL,'deleted_71_sarvar@mysuperdispatch.com',0,1556979215,1560349002,2),(72,'deleted_72_dsa@q.z','dsadsa','fo1gP-K_qN9HRI-qZ_UX_JS1L9m-6eS9','$2y$13$O2TX3P3QQWtBTl6Hlf0/l.ec9BMOMMyjdCT5cMyy5W3jZaKiMF.GC',NULL,'be1a42bda4e3872eaa033e6cf5ebac531556979420333a84b3d2b73a44a39ebb5adc70edb5','deleted_72_dsa@q.z',0,1556979420,1560349004,2),(73,'deleted_73_dsa@q.r','dsadsa','h4Kpu6BrgfsViNPqhZsATIZ6uN_5PcHh','$2y$13$uOeYPuJEOGNGfyIYzUCr/ONmMlb61YiiJ.aGxeMhdlnEZ9/ils58e',NULL,'96d15e1e21511ba03792cf40b9a1fd8c15569801845e5feeeb61fc8769b0d501add1f7cd30','deleted_73_dsa@q.r',0,1556980184,1560349006,2),(74,'deleted_74_dsa@q.i','dsadsa','CzaSwj7XTYHR7IqPFPHF3hJ5NucL3CsL','$2y$13$mMAHaHjNK/Iiu94SkTE3veihU/d05Y/WaoZaExX4xqU2HIO/RmJ1m',NULL,'1f887f5113fde6ad43e2476caed0f9751556980216330007f9fa87ebe3452f17ea721eb15b','deleted_74_dsa@q.i',0,1556980216,1560349009,2),(75,'deleted_75_dsa@q.o','dadsa','HpKg9x5lW1s3t2GgrLwjCAyay4cMS8p3','$2y$13$Y5YE8u0UF/LEZgWWEmsI8uiWlz2urHdzsssxCalLFqxdWt3y8Ejdm',NULL,'0379960e8416f3b0dbe4097071d879fd1556980295d3e990eb53005410aac7398426200572','deleted_75_dsa@q.o',0,1556980295,1560349011,2),(76,'deleted_76_newemail@new.new','NewTestUser','dM9EQ6-1gAH-vle8_fqowo5KQniVbkOu','$2y$13$cF8KyZkI75dTSMaQ6Lwx1.LsegjZdgtyW9hUTI08vKgOxFQwnjbBu',NULL,'7d351bfb4c874426a9467f3567a693251557044296e1068164c3b98d90e4577db50ba6be7f','deleted_76_newemail@new.new',0,1557044296,1560349015,2),(77,'deleted_77_sd@r.i','dsadas','kutyC9czqKTDTMZNC92yzkv8JZ3hBWpe','$2y$13$FmdWQ2hKkNmLxXSWX0w04OVWJbilCUbK32U.rpsrDU6SoztRZZQ4W',NULL,'2644548ce22a2cc0706fbfe393eb85f015570810844fc8eebea978c04bc8aee8ddf363b77a','deleted_77_sd@r.i',0,1557081084,1557081084,2),(78,'deleted_78_ds@r.u','dsa','SmZhBKLlmFDyZc00uJ-3mr33CVidphhH','$2y$13$AlTSOzDa1s.Js6W9EGfdIO6muIM8MXK61i0S2h1/rxnCO9M4x5DFS',NULL,'723d1d9acb93f2f7cd01f6a1d9421549155708112622562ca2d2a85258ce1843882a97ef9e','deleted_78_ds@r.u',0,1557081126,1557081127,2),(79,'Iryna.Velska@EaPCivilSociety.eu','Iryna Velska','MRgBf80Iw9jQ9deXRZ_VWyYj7Rt4x5fL','$2y$13$6Sylx2uYLLqpCReeF4J3XuBbL/Invw/LtDiMEQ5GW41ove7Lx6AVG',NULL,NULL,'Iryna.Velska@EaPCivilSociety.eu',10,1558301701,1559735817,2),(80,'alexandra.nazarenko@eapcivilsociety.eu','Alexandra Nazarenko','GeiMMuHQBpm719QWjfvKw3rfH28_S5ei','$2y$13$052P9wXARgKArJRGrw8LsunrorVUFuEfBsSThuacFAyKEpMK3.6Qm',NULL,NULL,'alexandra.nazarenko@eapcivilsociety.eu',10,1558302358,1558336610,2),(81,'elena.palivoda@eapcivilsociety.eu','Elena Palivoda','9VymHYOGyWgFc7oKP5wjZRPmZj1nIjYX','$2y$13$MvKooBnVDiMrwyh8v2lN..fOt8JHgAYfTb/fB4gm8PSsaPt2PXnY6',NULL,'67b06da0fa2bea17d94056743993b5cc15583023872fcbc2703c6214842cbb7930dc1afcac','elena.palivoda@eapcivilsociety.eu',10,1558302387,1558302387,2),(82,'monica.Bucurenciu@gdsi.ie','Monica Bucurenciu','AD2CvUTroqTsP6jsdn4wLv-v1ozUJvM8','$2y$13$1E0DOgvRTwft75LG2.jhAuOO2BFu4dqxG6DF9wE/ki5uu3Q7OU26u',NULL,NULL,'monica.Bucurenciu@gdsi.ie',10,1558302420,1558349486,2),(83,'deleted_83_mbucurenciu@gmail.com',' Monica Maria Bucurenciu','YiF8yYBQd0y5eCT3xfskBcNgl5WpyZHa','$2y$13$8LRarVEYYm4CywxIyo.tGuOHCmQg92Z3dKhXhHxtLqgpKo9CtMZsG',NULL,NULL,'deleted_83_mbucurenciu@gmail.com',0,1558350062,1560349027,2),(84,'deleted_84_janeklepa@gmail.com','Jane Klepa','UP25jrwvWFsQLKink7UvtQ773Q9U-ZKL','$2y$13$uA4YerK.aRnXX/mzAXC34u22YIvZYNBYXGg6E08I3n/85pQtPCXK.',NULL,NULL,'deleted_84_janeklepa@gmail.com',0,1558776152,1560349032,2),(85,'deleted_85_bektour@kloop.kg','Bektour Iskender','ihyt9GHTcpJ9CoosOLlPvGVWiIlYtE8y','$2y$13$wbSDKE3veIm/.qSMTyi3r.Mw/wYML4wu5l5KUUd34pwhOK/7U6nYO',NULL,NULL,'deleted_85_bektour@kloop.kg',0,1558776180,1560349039,2),(86,'deleted_86_nkozlov@fdi.ua','Nikolay Kozlov','Mdk0zZ_tS1nT6bvPXpOKVxPfnG97Aohp','$2y$13$AwPw43i00Vgb1r75oNpXIubP3nVFEhQLrahB5vgfKvniTX/rbG6Uu',NULL,NULL,'deleted_86_nkozlov@fdi.ua',0,1558776214,1560349065,2),(87,'deleted_87_uk@petitions.by','Uladzimir Kavalkin','kE4eDDU6F45uT4iHTc85fvWDdDesB_jy','$2y$13$qx2r.HvdRNqGX9sDkJeimOLIAY50yuSYhhvMNKEwt/aJRSXPUljzm',NULL,NULL,'deleted_87_uk@petitions.by',0,1558776249,1560349061,2),(88,'deleted_88_khlashchankova@gmail.com','Yuliya','C6aPpRkzNp2j21LMBU9R9ReX7JmRnmTJ','$2y$13$wlB9lFRdT/NuJJMzGfwqUu90gOjLZ6H6z/bzJUmKql0iumDSr4.Oq',NULL,NULL,'deleted_88_khlashchankova@gmail.com',0,1558776280,1560349057,2),(89,'deleted_89_azel@egap.in.ua','Oleksii Zelivianskyi','yplIvutdq0S0HHOFTQt21UdPjxY65AzZ','$2y$13$T/uo.Jt/bBU5bK5pc3DMi.flde/wFR/.Zk6o9ADBmRN.2bK5MMqKO',NULL,NULL,'deleted_89_azel@egap.in.ua',0,1558776368,1560349053,2),(90,'Vladimir.Ivanov@EaPCivilSociety.eu','Vladimir Ivanov','tuMhvGg2LZKXDu93ro3O9xDZY9dBV7X0','$2y$13$pJ97qcQ5NEIu5Jl7WL/Om.wJU7HQn4UOsKo6Nxe8p/Im5.8rbjniO',NULL,NULL,'Vladimir.Ivanov@EaPCivilSociety.eu',10,1558776412,1558781967,2),(91,'deleted_91_karina-litvinova@ukr.net','Karyna Litvinova','zT8nDwNTAhujeNp_2yR3KfwamZOdnqNV','$2y$13$Q7VNMZy/.vRouLswe500OeJXAXHaoNHf4Ur095JD17U2bf1o5y4Fe',NULL,NULL,'deleted_91_karina-litvinova@ukr.net',0,1558776480,1560349047,2),(92,'irenwell@gmail.com','Iryna Velska','jhttI1m5RZ8i5r83THQxQ6cXOcjLCc5v','$2y$13$ZgzD9E1tW.MBuEJU0zhVwOVYvW1CUiqzJ837q2Ii.hupbQh51n..K',NULL,NULL,'irenwell@gmail.com',10,1559735835,1559740933,2),(93,'jabbasov020@gmail.com','Javid ABBASOV','lVh_Op7dhMKQSjH4oSOCav74KRvrfbCo','$2y$13$DowdeV/2Hz2ptXVksFLxf.g5WzM5Vkw5O93.qWlXkyjaINLynez56',NULL,NULL,'jabbasov020@gmail.com',10,1560590301,1560598588,2),(94,'sviat.abramov@gmail.com','Svyatoslav ABRAMOV','59fmKktaZssep0CvCX7Ve6e5NXgglcS1','$2y$13$kx5LMJgVVmiTaKNXKDiI0.4bJuje.lCXaBU1VQGEAaFPd8JcA/rlO',NULL,NULL,'sviat.abramov@gmail.com',10,1560590341,1560591421,2),(95,'andrian.imag@gmail.com','Andrian ADAM','y0MOWZuzlIZ1HAO_K5O-8OlKBb1eS4Ob','$2y$13$tmVqJh9FWqwTXNh7rR5g..0640eo2jQsqOK1GoCb7cOl2bvUlazUG',NULL,NULL,'andrian.imag@gmail.com',10,1560590443,1560666760,2),(96,'adamovichmv@gmail.com','Maryna ADAMOVICH','3OBDRF84M2qLn9GqDryLKryFVdeFNa7F','$2y$13$ecKyS5L.30YRBANr6QJLC.qaiO5.raIozEXSf87V7j.TaZbwV.HFK',NULL,NULL,'adamovichmv@gmail.com',10,1560590513,1560593342,2),(97,'musepsycho98@gmail.com','Vagif AGHAYEV','Yytwq5pkk8yWALWtK0bmvBlgW2jXhZ8y','$2y$13$jMmpy4bKzpzjPUdSdUcqHefAQW247n2vXQqhGYmtn0nGOSreWvQzC',NULL,NULL,'musepsycho98@gmail.com',10,1560590558,1560591255,2),(98,'orkhan23@gmail.com','Orkhan AHMADOV','0hlF_iA2FlYygj1KJ1u03-C2_mxz7HmQ','$2y$13$gDzFBQsm54RBQlt67DG.Ge8vLsIv2Hty652vndDf0nOAvStXFbjOu',NULL,NULL,'orkhan23@gmail.com',10,1560590595,1560592636,2),(99,'dashaksionova@gmail.com','Daria AKSONOVA','JV07XdAGDQthsWQPzDyeBegi9RLO06pN','$2y$13$OjW6EfM/KcSHk2w/E2yohuppbEhLNF4/mkegDp1uwSkWZ75fqkat.',NULL,NULL,'dashaksionova@gmail.com',10,1560590637,1560613220,2),(100,'valeriya.omeliusik@gmail.com','Valeryia AMIALIUSIK','BZkAQLrI8uw7YIZQImPEi4TAi7jhHl1X','$2y$13$v7d2RPRir8gjSVfCVYWYlu2WagVc5jK7OG52vluimm8tCaBs8APSe',NULL,NULL,'valeriya.omeliusik@gmail.com',10,1560590665,1560591405,2),(101,'mariamavakova@gmail.com','Mariam AVAKOVA','LoLzdNYPvWojdj2rQe57qyS5wNy2rCN1','$2y$13$ANXnKMw0CqhBAmJtLRay4.YkX7mR/bZy84WIQfrwmYoyuSoQ1jEt.',NULL,NULL,'mariamavakova@gmail.com',10,1560590703,1560592985,2),(102,'alexandrmakedonaci@gmail.com','Alexandr BADOYAN','7yXZqCq-EvpsJUlSLbntUyG-13uTKvxZ','$2y$13$iUoNeerfMMliz/FXR8Izpu0tHggOKwd.E4EW.zu.8Xu2WDVxSxGti',NULL,NULL,'alexandrmakedonaci@gmail.com',10,1560590775,1560610041,2),(103,'alesia.balchunas@gmail.com','Alesia BALCHUNAS','taVCDM35TrDfEZxWFdt6q61TLYjUa08x','$2y$13$wRKo6t1djf9hX.tob27vWuklwWRlArrrVrqMQ8xHEF6KdAowYn3Re',NULL,NULL,'alesia.balchunas@gmail.com',10,1560590812,1560592627,2),(104,'oleksandr.barannik.dev@gmail.com','Oleksandr BARANNIK','sXkdONHdOPP9ZNhu8sf8mQH0M8Hnr4jB','$2y$13$QAJxQRKje8JwcRIZo7CFKOwEJza5pjbLPj249w41JyfSAHUOAcr0m',NULL,NULL,'oleksandr.barannik.dev@gmail.com',10,1560590849,1560666752,2),(105,'7fantasy7@gmail.com','Evgeny BOTYANOVSKY','QzVd_qE95G0CUmKOiM9NiUiUWDrEE0Gb','$2y$13$85nPRZM0rD8E28bT0ePKCueh3w0X2K7mYUsAAlcVSclGXt92ODMnC',NULL,NULL,'7fantasy7@gmail.com',10,1560590955,1560600072,2),(106,'waddon@narod.ru','Vadym DONETS','eG4F8EBB28imhuwo7dvwtVVSs5dsrgyc','$2y$13$VYegrAc2VM4vu0j6nmiyAuD/vT76ndqs.2OW2y2/AQaK8EoDkBTni',NULL,NULL,'waddon@narod.ru',10,1560590992,1560694665,2),(107,'artak@x-tech.am','Artak GEVORGIAN','lLUfhEQ3Cx5PTXPzSoWL1WK2sxHBGzOY','$2y$13$zLbACjcS3hYCRP6GVFd0VO/Tw8j3ieuTyYItS.rhlqx2aHC1pOHAK',NULL,NULL,'artak@x-tech.am',10,1560591027,1560623491,2),(108,'sopo.gogocha@gmail.com','Sophiko GOGOCHASHVILI','ZK_W_OyTg0EbBgi6pNBC7v_f-jFPn49E','$2y$13$qMQtXXzwByOwE1SuFKGg8u7Eyos1rbKz54/uxkCQqd4U8c6w1DQKe',NULL,NULL,'sopo.gogocha@gmail.com',10,1560591064,1560592087,2),(109,'m.harutyunyan1996@gmail.com','Mariam HARUTYUNYAN','nubA7D60EQCnE1USul9zp9lyTsypn9ky','$2y$13$vBM33LrJd6drdWn8k0zma.3eT610n8bBzLSG8MUu6AGoQfVBNsn/q',NULL,NULL,'m.harutyunyan1996@gmail.com',10,1560591090,1560591378,2),(110,'tamaraharutyunyan1994@gmail.com','Tamara HARUTYUNYAN','gmf4sL5XekcxW9avU1pWXeKharRbfls5','$2y$13$JzjKPQVt9KNmbolhXUVBMus7REbQzi6d7xeH9afuKr7zWt0GsMH.C',NULL,NULL,'tamaraharutyunyan1994@gmail.com',10,1560591124,1560591533,2),(111,'vha.2222@gmail.com','Vahan HARUTYUNYAN','4CYmnBAMRVChzvYyBxb5y2nEj7GoaIvd','$2y$13$Xxhoi.RdYDgK7hWw8pdwZOZQxtKhrUCaPR5Gm3FThA1kEC/CReW82',NULL,NULL,'vha.2222@gmail.com',10,1560591169,1560664786,2),(112,'zczvzczv1@gmail.com','Yaroslava HOLUBOVA','nZev_YqAZSdptel9QTGNHb42MbXQVuVc','$2y$13$PIzD1Wmfg1Zqd4rY8UOOBOPnPmWtFubYXk2ZAB/3lgw7ZIAfrCfRG',NULL,NULL,'zczvzczv1@gmail.com',10,1560591231,1560671143,2),(113,'misha.hornychar@gmail.com','Mykhailo HORNYCHAR','t9a_QadBZkTO8iFZ2H7dt58bubp09IxZ','$2y$13$LKTauqGYRHcgGEWIdYkBH.bUmKSKLldk2zv4S/TXlz2Lj4tJMzmsO',NULL,NULL,'misha.hornychar@gmail.com',10,1560591314,1560591406,2),(114,'eugeniya.grigorieva@gmail.com','Yevheniia HRYHORIEVA','ffo8CWA6N_i1vlLqN6CTtwF1XhEBog0U','$2y$13$BEW0VJzHfUTtTvapY01mpOYPzMkfMU.gexOKUE173Vtzz4vbuOQNa',NULL,NULL,'eugeniya.grigorieva@gmail.com',10,1560591357,1560592004,2),(115,'alexwish@tut.by','Aliaksei KIRPICHENKAU','Od9-WB_b9YbpFJVKB9O4NiE01dofGy-4','$2y$13$pZHNxdzri8326hZtXurZtOMrYaaYbBFOhTFJ6WIRjB7l3iqszvWy2',NULL,NULL,'alexwish@tut.by',10,1560591404,1560666752,2),(116,'elena.kobylyan@gmail.com','Elena KOBYLYAN','24aYBrTHZDN29tRhY1uXarKW39KD2jtb','$2y$13$uHiLFWFFvvAKc/EJ64deiOwyLal6..yjLxRDNxcGPsVtCb2mPXpvq',NULL,NULL,'elena.kobylyan@gmail.com',10,1560591439,1560591497,2),(117,'alexeyvk@gmail.com','Oleksii KOSTRZHYTSKYI','XunazhZyTDDAA33LxckrrL6-o3gZ6DkS','$2y$13$kaYx8NFSS0nP3erbokbeYuB9M64nKuuNH4G.tRRNstt/Yp1jLlTbC',NULL,NULL,'alexeyvk@gmail.com',10,1560591488,1560593879,2),(118,'debate4changes@gmail.com','Anna KRYS','xDXB1dHNGLVhov9VGDmzp8cvKshZPiw6','$2y$13$mSjZFDMU9J60B4whgWS0JOjDRsdsJuJNp2fq2mdZGPVN8fOgYFzTe',NULL,NULL,'debate4changes@gmail.com',10,1560591515,1560666748,2),(119,'sergey.kuchmistov@gmail.com','Siarhei KUCHMISTAU','RZ43rCrVrwwfjsLKb5G9q6_MEVlog1vb','$2y$13$NNtfnccWYB7/th.0lPwfuO3VaSpLNR61b.eAmQdVMbk612iheWQiG',NULL,NULL,'sergey.kuchmistov@gmail.com',10,1560591554,1560598577,2),(120,'one.quaker@gmail.com','Anatolii KURINNYI','gR_rRJBlRug-0BDqef1c7acm4uK5QwJW','$2y$13$UWR8Yh7LBQkLfTSvRM.06e61uYJcbBSILpAdyKOUzPiaFJUiF.zPy',NULL,NULL,'one.quaker@gmail.com',10,1560591605,1560596212,2),(121,'dzmitry.lahoda@gmail.com','Dzmitry LAHODA','DRZ293ApftWzHwvHAhJikeQCWQ3CJ5Dy','$2y$13$gRp0qdIkErEpp5IRjJrBfeyIr7tKJ7VoLAmw2eZH2UTpuxWRj9pp2',NULL,NULL,'dzmitry.lahoda@gmail.com',10,1560591679,1560597528,2),(122,'deleted_122_lavrinson@gmail.com','Tatsiana LAURINENKO','jX6kh02Foss2qvF5nDsspH3Q5mDz8ayM','$2y$13$83j5lLQiR.uULEX4K.2smOvahKyqThM8K6qWOT1tYqREpQo.iWmia',NULL,'0bb42c8452ea51c2494343449fa902b4156059183709e8c328ca27e564e998fd942ad1708c','deleted_122_lavrinson@gmail.com',0,1560591837,1560591915,2),(123,'lavrinson@gmail.com','Sergei LAVRINENKO','7NG03enEtBa7DJm3xTPH55bIxe3qCUOx','$2y$13$m0S1lXNB7rW1.Znv94nNfuS5qTxolA4AU8G5qztlXL0V65NRimgoW',NULL,NULL,'lavrinson@gmail.com',10,1560591944,1560592714,2),(124,'olalytvinenko@gmail.com','Olha LYTVYNENKO','4GuViHe_nllTr9-mf6zoVWSqHAtjhCeM','$2y$13$8/rs6xEn01WdI//K/7rQv.zwUUu/FxhqAvXrXIVizLfn3lrJWGuxu',NULL,'edfd9c835e92dbeee873cd0687a379fd1560591988b814fd4e36d2e28fc32e3d56afd88500','olalytvinenko@gmail.com',10,1560591988,1560591988,2),(125,'lia.ekba@gmail.com','Liliia MASOMA','QRirx3kuljYjgcPvHxSIlg22n1KV8Em9','$2y$13$BrtA000RGAEztWGk.5XzQehFxUGJwf85Q6tNn7/nguVrOTGwVTl7e',NULL,NULL,'lia.ekba@gmail.com',10,1560592058,1560592631,2),(126,'imashoom@gmail.com','Aliaksandra MATSIYEUSKAYA','4NBNboIs7GRInaYZcDXKFsrjM9PCKkxL','$2y$13$z7E8dFFYPr8Cf0RPjzn9Du7EL5k8EBzNI1xks2rRYx/qxUq4IJXti',NULL,NULL,'imashoom@gmail.com',10,1560592131,1560592625,2),(127,'smelikyolchyan@gmail.com','Sergey MELIK-YOLCHYAN','MTBFvQoFbC01D4AwA5nbEsgtP6hoqKXx','$2y$13$og9wMpgPa9loz9n/LJLSq.CRgTBkYu7n/Eb.Tu4MF9TL0akG1XoGO',NULL,NULL,'smelikyolchyan@gmail.com',10,1560592157,1560592547,2),(128,'viktor1532@gmail.com','Viktor MELNYK','O-Dbr1Bm8EytXmHpzG4a125Pbm3Jr-x8','$2y$13$2ERTtBH4xVPtSfMw7quSEu4nHD/cy5xgFCzeaZ5bs/3USQ/fiMvlu',NULL,NULL,'viktor1532@gmail.com',10,1560592191,1560666803,2),(129,'alina.miadzelets@gmail.com','Alina MIADZELETS','24BCagyOWd78yp-uta6ibLzzTPUF7JDn','$2y$13$tV.cO76X1Lgnut13VXoM2uxVNEhWbloSLYdbTpS2K7whm7NpEvMY.',NULL,NULL,'alina.miadzelets@gmail.com',10,1560592225,1560654637,2),(130,'toxaby@gmail.com','Anton MOTOLKO','HdzsHHqS1e1KVqtaDEK-w0Gv0_6HbhaG','$2y$13$CKwccnCahmFI3DVdL62c1OEmj1j31otgVXJHqJFlLfKcHMXiGt.rm',NULL,NULL,'toxaby@gmail.com',10,1560595093,1560599202,2),(131,'yurii.oleshko@gmail.com','Yurii OLESHKO','1FRVZVV5mPmz3pgk0baf_h5myRh_9tla','$2y$13$sVAa9UsYTqyVZJ3/zqDgV.JZ/O8NOkfT13Y5awJFF/3zmzAiZacwu',NULL,NULL,'yurii.oleshko@gmail.com',10,1560595127,1560597687,2),(132,'1989alpan@gmail.com','Oleksandr PANCHENKO','3yLPmJ4IzuegCosgSDFWhFv3Bb9K9LJq','$2y$13$o9b3ybhjQZ0.tuEXCtpXaedoOMOpQP9f6H3qA9gk76nUt65iyOR/6',NULL,NULL,'1989alpan@gmail.com',10,1560595177,1560666758,2),(133,'polina.pliskovskaya@gmail.com','Palina PLISKOUSKAYA','zto0MMQx9pmHUzvmStCQJuohOGHqAavG','$2y$13$/BphFfL1BhKn1hCZTshg/.FxgxYxVHFxD0nSIvp/xDwUikU8/zwwm',NULL,NULL,'polina.pliskovskaya@gmail.com',10,1560595245,1560600211,2),(134,'mira37cle@gmail.com','Anna POZDNIAKOVA','pTWl0rJm2VbxB_LesCUuDC_NvGxuEx05','$2y$13$aaHCMja0ehu6PZ/FRynhVOD7jnmRzlBZ2Rnht24PcN4uU0r8hrf9.',NULL,NULL,'mira37cle@gmail.com',10,1560595273,1560619985,2),(135,'jauhien.p@gmail.com','Yauheni PUHACH','Uoz5P28MDt9e8iMXd0XyVvgbtdX-wI_S','$2y$13$hVElniBFAoWol1cNa0muHu17Tpvj0Uz5Tglv57n6jnVE0pYO9IRFm',NULL,NULL,'jauhien.p@gmail.com',10,1560595347,1560598000,2),(136,'ikoyot@gmail.com','Denis ROMANESCU','jUXlIelsz9ZeB5DVd1Zu3JQGDTycP1Ug','$2y$13$38YF4h1B/jbt2CivNcwEpuwUXWjk35KnY.JxJPLxOpbc7DjHH2dxK',NULL,NULL,'ikoyot@gmail.com',10,1560595377,1560659222,2),(137,'t.samoylov@yandex.ru','Tsimur SAMOILAU','NUwSPKoDHV4B5NJ6BF1k_pxA_omCTE-4','$2y$13$X.Z4cuiPQwJrJrOQ/N.2v.Jda3MoAZ4z3wlKOsyuFTXP0/W8UtXq2',NULL,NULL,'t.samoylov@yandex.ru',10,1560595422,1560597287,2),(138,'sergheev@icloud.com','Andrian SERGHEEV','eXWCZ_bIJMdlaNnK0NHG2adfrqruVz3-','$2y$13$4ziIItOS3UT73Zb3w4kS/.qpLzBEYHA4QbQ0sHjmO0ny/tfR4kW.O',NULL,NULL,'sergheev@icloud.com',10,1560595472,1560595498,2),(139,'igor.shadurin@gmail.com','Ihar SHADURIN','_7LqMw7c8KuAD2FoX9r6oAOSE_jX5D3k','$2y$13$/hZT5pyfsRR3bmFITPrMku6hGLHCYm9YtXWAtzdHtlEI/6fJmyA.2',NULL,NULL,'igor.shadurin@gmail.com',10,1560595502,1560595683,2),(140,'irakli198012@gmail.com','Irakli SHAISHMELASHVILI','knZP-WYYUmlLk2aFw3TqJr4g2gNc_WpG','$2y$13$j4L4ITc0tsqZl0BWhelcE.e3eGXjS3OYwG8QdMPPYmGtIYeT/g/QC',NULL,NULL,'irakli198012@gmail.com',10,1560595523,1560595546,2),(141,'khatunashaveshova@gmail.com','Khatuna SHAVESHOVA','mC8Q9PCR3Pq5TpjKP9YfWp3qMEByi48P','$2y$13$fcwo3RCIROmx2HP9B5hMru7zjrSyrJJpLmNqrqGSBXDUewMD1ru4i',NULL,NULL,'khatunashaveshova@gmail.com',10,1560595574,1560598743,2),(142,'veronika.shendo@gmail.com','Veranika SHENDA','PiHGFIbROriFrubg9AtGj0AiSh-PmBYX','$2y$13$UdEzgZzhWXZS2Rj1Y8F7iOACrg/Nu.PybPHC4xqaH6WgvcuueQar2',NULL,NULL,'veronika.shendo@gmail.com',10,1560595618,1560598431,2),(143,'dimas@mellowdea.space','Dzmitry SIARHEYEU','59RowLmxmD1aRzCGFhNQLPRg2BBach6T','$2y$13$5hjoMBYIBxDfwR3KeEHe1.3KaqIaAAcQSLjaUKCxIr43tATvpzC2e',NULL,NULL,'dimas@mellowdea.space',10,1560595645,1560596196,2),(144,'maryana.silvanovich@gmail.com','Maryana SILVANOVICH','MNcH1UG4tUb7ZZrJp-1AFToPpxqceLBB','$2y$13$jroQbJrot40UxHI/PV11bO.k62BiC54cAl1/PeuzccIoQ8pRiPOJW',NULL,NULL,'maryana.silvanovich@gmail.com',10,1560595664,1560656077,2),(145,'ilgart@mednot.com','Ilgar TAGHIYEV','vvdumUKIEz2NqJ5vhgaRlJzQBzHGbg1d','$2y$13$zh3QsKY1OWuRdagXcsSyU.Lq6HJmxXxTpOrPmYu.D17RPKwHq4dT.',NULL,NULL,'ilgart@mednot.com',10,1560595707,1560595842,2),(146,'vtarnay@gmail.com','Volodymyr TARNAI','CHcYVVtgmC-PksRfkk48ujyqXX_MZS34','$2y$13$hVtTGVaveaplXuDl0BKP.OKEWrPBPe778mmarhKEBlxfmHINUQ0by',NULL,NULL,'vtarnay@gmail.com',10,1560595734,1560600850,2),(147,'terola33@gmail.com','Olha TERESHCHENKO','Rwjgmffd3pf7WgYyisQYCKEf7iUoSPr0','$2y$13$rnObzR4uAWZ3AY52FgO.t.5VqP7bqOa91RS/AiN1yfKPUc.lDRpeG',NULL,NULL,'terola33@gmail.com',10,1560595758,1560604308,2),(148,'vvolkogonova@gmail.com','Valeriya VOLKOGONOVA','EU7xJSCTH8GtRGeQK-qCy6_-6dlhY8Fj','$2y$13$Guk4Wh.deR/pR9XqVmCUp.uqtCzgIjKtDOyJ8ILsJanVbXfVZHk5e',NULL,NULL,'vvolkogonova@gmail.com',10,1560595796,1560598792,2),(149,'stimesdesign@gmail.com','Valeryi VYSOTSKI','8MDVJKznPvHFB_drebhkbFCOBT7xHgIT','$2y$13$qq5qGubt1PtfdMW1Oj.oSej/7XqNnGtT0IVJ/JSOEX4QyzCz/V916',NULL,NULL,'stimesdesign@gmail.com',10,1560595819,1560678488,2),(150,'yakimenka.viola@gmail.com','Viola YAKIMENKA','iQGEgBzeWEj_eKLmhwwvnqSiuNKgXx63','$2y$13$QjA6432pCRBR.Mg.XzIpMOr3lWpIG9H.yd9zKFZ8tIyMMGmiDs2Yq',NULL,NULL,'yakimenka.viola@gmail.com',10,1560595843,1560665700,2),(151,'zaporozcenkos@gmail.com','Serhiy ZAPOROZHCHENKO','3wvJBd3G4rxbv_cMoeFOL1kSbCA5YY22','$2y$13$BRJRN4Mrhmul8X7tQNVb5uezraBRJo9KXD.vxC20/uaG08goMuWO2',NULL,NULL,'zaporozcenkos@gmail.com',10,1560595861,1560666834,2),(152,'zenovich.n@gmail.com','Nastassia ZENOVICH','a2TRf1A5zBseSKGzcvt4LmRf_4P4AZf0','$2y$13$tiOClqGiHEQftayWoKwuDefP6S5x9Y325g5XEoK3SY1CRu2tKQjqK',NULL,NULL,'zenovich.n@gmail.com',10,1560595903,1560611934,2),(153,'pavel.zimogorov@gmail.com','Pavel ZIMAHORAU','K7HMeReqoj0BesQpOPaqDD2GKhsfcoZr','$2y$13$9QrRw.Inxp4T75A2aPkW5eT2tKi9lWV2XchB26vWLlwH0vfvk9X06',NULL,NULL,'pavel.zimogorov@gmail.com',10,1560595916,1560600454,2),(154,'msteslathrone@gmail.com','Sergei LAVRINENKO','_k0g8TZf4LZ5ZEdBNghrqUYnyDMTamE_','$2y$13$e1Bzcs8jt.Qn7pK6i8BSiORff4Uk4f8zSXDAKWlJ6ocUc6MYUk.Fm',NULL,NULL,'msteslathrone@gmail.com',10,1560629219,1560674885,2);
/*!40000 ALTER TABLE `voter` ENABLE KEYS */;
UNLOCK TABLES;

--
-- Table structure for table `votes`
--

DROP TABLE IF EXISTS `votes`;
/*!40101 SET @saved_cs_client     = @@character_set_client */;
/*!40101 SET character_set_client = utf8 */;
CREATE TABLE `votes` (
  `id` int(11) NOT NULL AUTO_INCREMENT,
  `user_id` int(11) NOT NULL,
  `project_id` int(11) NOT NULL,
  `contest_id` int(11) NOT NULL,
  `category_id` int(11) NOT NULL,
  `score` int(2) NOT NULL,
  `created_at` timestamp NOT NULL DEFAULT CURRENT_TIMESTAMP,
  PRIMARY KEY (`id`),
  UNIQUE KEY `project_id` (`project_id`,`contest_id`,`category_id`,`user_id`) USING BTREE,
  KEY `votes_fk0` (`user_id`),
  KEY `votes_category` (`category_id`),
  KEY `votes_contest` (`contest_id`),
  CONSTRAINT `votes_category` FOREIGN KEY (`category_id`) REFERENCES `category` (`id`),
  CONSTRAINT `votes_contest` FOREIGN KEY (`contest_id`) REFERENCES `contest` (`id`),
  CONSTRAINT `votes_fk0` FOREIGN KEY (`user_id`) REFERENCES `voter` (`id`),
  CONSTRAINT `votes_project` FOREIGN KEY (`project_id`) REFERENCES `project` (`id`)
) ENGINE=InnoDB AUTO_INCREMENT=5973 DEFAULT CHARSET=utf8;
/*!40101 SET character_set_client = @saved_cs_client */;

--
-- Dumping data for table `votes`
--

LOCK TABLES `votes` WRITE;
/*!40000 ALTER TABLE `votes` DISABLE KEYS */;
INSERT INTO `votes` VALUES (9,34,57,19,36,5,'0000-00-00 00:00:00'),(10,34,57,19,37,5,'0000-00-00 00:00:00'),(11,34,57,19,38,5,'0000-00-00 00:00:00'),(12,34,57,19,39,5,'0000-00-00 00:00:00'),(13,34,57,19,40,5,'0000-00-00 00:00:00'),(14,34,57,19,41,5,'0000-00-00 00:00:00'),(15,34,57,19,42,5,'0000-00-00 00:00:00'),(16,34,57,19,43,5,'0000-00-00 00:00:00'),(17,34,57,19,44,5,'0000-00-00 00:00:00'),(18,34,57,19,45,5,'0000-00-00 00:00:00'),(21,34,58,19,36,8,'0000-00-00 00:00:00'),(22,34,58,19,37,10,'0000-00-00 00:00:00'),(23,34,58,19,38,8,'0000-00-00 00:00:00'),(24,34,58,19,39,8,'0000-00-00 00:00:00'),(25,34,58,19,40,8,'0000-00-00 00:00:00'),(26,34,58,19,41,8,'0000-00-00 00:00:00'),(27,34,58,19,42,10,'0000-00-00 00:00:00'),(28,34,58,19,43,8,'0000-00-00 00:00:00'),(29,34,58,19,44,13,'0000-00-00 00:00:00'),(30,34,58,19,45,8,'0000-00-00 00:00:00'),(33,34,59,19,36,9,'0000-00-00 00:00:00'),(34,34,59,19,37,9,'0000-00-00 00:00:00'),(35,34,59,19,38,9,'0000-00-00 00:00:00'),(36,34,59,19,39,9,'0000-00-00 00:00:00'),(37,34,59,19,40,9,'0000-00-00 00:00:00'),(38,34,59,19,41,9,'0000-00-00 00:00:00'),(39,34,59,19,42,9,'0000-00-00 00:00:00'),(40,34,59,19,43,9,'0000-00-00 00:00:00'),(41,34,59,19,44,10,'0000-00-00 00:00:00'),(42,34,59,19,45,9,'0000-00-00 00:00:00'),(45,34,60,19,36,1,'0000-00-00 00:00:00'),(46,34,60,19,37,2,'0000-00-00 00:00:00'),(47,34,60,19,38,1,'0000-00-00 00:00:00'),(48,34,60,19,39,1,'0000-00-00 00:00:00'),(49,34,60,19,40,1,'0000-00-00 00:00:00'),(50,34,60,19,41,1,'0000-00-00 00:00:00'),(51,34,60,19,42,1,'0000-00-00 00:00:00'),(52,34,60,19,43,1,'0000-00-00 00:00:00'),(53,34,60,19,44,1,'0000-00-00 00:00:00'),(54,34,60,19,45,1,'0000-00-00 00:00:00'),(57,15,57,19,36,3,'0000-00-00 00:00:00'),(58,15,57,19,37,3,'0000-00-00 00:00:00'),(59,15,57,19,38,3,'0000-00-00 00:00:00'),(60,15,57,19,39,3,'0000-00-00 00:00:00'),(61,15,57,19,40,3,'0000-00-00 00:00:00'),(62,15,57,19,41,3,'0000-00-00 00:00:00'),(63,15,57,19,42,3,'0000-00-00 00:00:00'),(64,15,57,19,43,3,'0000-00-00 00:00:00'),(65,15,57,19,44,3,'0000-00-00 00:00:00'),(66,15,57,19,45,3,'0000-00-00 00:00:00'),(67,15,57,19,48,3,'0000-00-00 00:00:00'),(68,15,57,19,49,3,'0000-00-00 00:00:00'),(69,15,58,19,36,4,'0000-00-00 00:00:00'),(70,15,58,19,37,4,'0000-00-00 00:00:00'),(71,15,58,19,38,4,'0000-00-00 00:00:00'),(72,15,58,19,39,4,'0000-00-00 00:00:00'),(73,15,58,19,40,4,'0000-00-00 00:00:00'),(74,15,58,19,41,4,'0000-00-00 00:00:00'),(75,15,58,19,42,4,'0000-00-00 00:00:00'),(76,15,58,19,43,4,'0000-00-00 00:00:00'),(77,15,58,19,44,4,'0000-00-00 00:00:00'),(78,15,58,19,45,4,'0000-00-00 00:00:00'),(79,15,58,19,48,4,'0000-00-00 00:00:00'),(80,15,58,19,49,4,'0000-00-00 00:00:00'),(81,15,59,19,36,5,'0000-00-00 00:00:00'),(82,15,59,19,37,5,'0000-00-00 00:00:00'),(83,15,59,19,38,5,'0000-00-00 00:00:00'),(84,15,59,19,39,5,'0000-00-00 00:00:00'),(85,15,59,19,40,5,'0000-00-00 00:00:00'),(86,15,59,19,41,5,'0000-00-00 00:00:00'),(87,15,59,19,42,5,'0000-00-00 00:00:00'),(88,15,59,19,43,5,'0000-00-00 00:00:00'),(89,15,59,19,44,5,'0000-00-00 00:00:00'),(90,15,59,19,45,5,'0000-00-00 00:00:00'),(91,15,59,19,48,5,'0000-00-00 00:00:00'),(92,15,59,19,49,5,'0000-00-00 00:00:00'),(105,15,60,19,36,6,'0000-00-00 00:00:00'),(106,15,60,19,37,6,'0000-00-00 00:00:00'),(107,15,60,19,38,6,'0000-00-00 00:00:00'),(108,15,60,19,39,6,'0000-00-00 00:00:00'),(109,15,60,19,40,6,'0000-00-00 00:00:00'),(110,15,60,19,41,6,'0000-00-00 00:00:00'),(111,15,60,19,42,6,'0000-00-00 00:00:00'),(112,15,60,19,43,6,'0000-00-00 00:00:00'),(113,15,60,19,44,6,'0000-00-00 00:00:00'),(114,15,60,19,45,6,'0000-00-00 00:00:00'),(115,15,60,19,48,6,'0000-00-00 00:00:00'),(116,15,60,19,49,6,'0000-00-00 00:00:00'),(117,71,20,9,10,10,'0000-00-00 00:00:00'),(118,71,20,9,11,7,'0000-00-00 00:00:00'),(119,53,19,9,10,10,'0000-00-00 00:00:00'),(120,53,19,9,11,1,'0000-00-00 00:00:00'),(137,38,73,28,58,2,'0000-00-00 00:00:00'),(138,38,73,28,59,2,'0000-00-00 00:00:00'),(139,38,73,28,60,3,'0000-00-00 00:00:00'),(140,38,73,28,61,3,'0000-00-00 00:00:00'),(141,39,73,28,58,2,'0000-00-00 00:00:00'),(142,39,73,28,59,2,'0000-00-00 00:00:00'),(143,39,73,28,60,4,'0000-00-00 00:00:00'),(144,39,73,28,61,4,'0000-00-00 00:00:00'),(145,42,74,28,58,2,'0000-00-00 00:00:00'),(146,42,74,28,59,2,'0000-00-00 00:00:00'),(147,42,74,28,60,4,'0000-00-00 00:00:00'),(148,42,74,28,61,4,'0000-00-00 00:00:00'),(149,49,77,27,64,2,'0000-00-00 00:00:00'),(150,49,77,27,65,2,'0000-00-00 00:00:00'),(151,49,77,27,66,4,'0000-00-00 00:00:00'),(152,49,77,27,67,5,'0000-00-00 00:00:00'),(153,49,78,27,64,3,'0000-00-00 00:00:00'),(154,49,78,27,65,4,'0000-00-00 00:00:00'),(155,49,78,27,66,5,'0000-00-00 00:00:00'),(156,49,78,27,67,6,'0000-00-00 00:00:00'),(157,49,79,27,64,4,'0000-00-00 00:00:00'),(158,49,79,27,65,5,'0000-00-00 00:00:00'),(159,49,79,27,66,6,'0000-00-00 00:00:00'),(160,49,79,27,67,7,'0000-00-00 00:00:00'),(161,49,80,27,64,5,'0000-00-00 00:00:00'),(162,49,80,27,65,6,'0000-00-00 00:00:00'),(163,49,80,27,66,7,'0000-00-00 00:00:00'),(164,49,80,27,67,8,'0000-00-00 00:00:00'),(165,49,81,27,64,6,'0000-00-00 00:00:00'),(166,49,81,27,65,7,'0000-00-00 00:00:00'),(167,49,81,27,66,8,'0000-00-00 00:00:00'),(168,49,81,27,67,9,'0000-00-00 00:00:00'),(169,49,82,27,64,7,'0000-00-00 00:00:00'),(170,49,82,27,65,8,'0000-00-00 00:00:00'),(171,49,82,27,66,9,'0000-00-00 00:00:00'),(172,49,82,27,67,10,'0000-00-00 00:00:00'),(173,49,83,27,64,9,'0000-00-00 00:00:00'),(174,49,83,27,65,2,'0000-00-00 00:00:00'),(175,49,83,27,66,3,'0000-00-00 00:00:00'),(176,49,83,27,67,4,'0000-00-00 00:00:00'),(177,49,84,27,64,2,'0000-00-00 00:00:00'),(178,49,84,27,65,3,'0000-00-00 00:00:00'),(179,49,84,27,66,4,'0000-00-00 00:00:00'),(180,49,84,27,67,5,'0000-00-00 00:00:00'),(181,49,85,27,64,3,'0000-00-00 00:00:00'),(182,49,85,27,65,4,'0000-00-00 00:00:00'),(183,49,85,27,66,5,'0000-00-00 00:00:00'),(184,49,85,27,67,6,'0000-00-00 00:00:00'),(185,50,76,27,64,10,'0000-00-00 00:00:00'),(186,50,76,27,65,9,'0000-00-00 00:00:00'),(187,50,76,27,66,8,'0000-00-00 00:00:00'),(188,50,76,27,67,7,'0000-00-00 00:00:00'),(189,50,78,27,64,9,'0000-00-00 00:00:00'),(190,50,78,27,65,8,'0000-00-00 00:00:00'),(191,50,78,27,66,7,'0000-00-00 00:00:00'),(192,50,78,27,67,6,'0000-00-00 00:00:00'),(193,50,79,27,64,8,'0000-00-00 00:00:00'),(194,50,79,27,65,7,'0000-00-00 00:00:00'),(195,50,79,27,66,6,'0000-00-00 00:00:00'),(196,50,79,27,67,5,'0000-00-00 00:00:00'),(197,50,80,27,64,7,'0000-00-00 00:00:00'),(198,50,80,27,65,6,'0000-00-00 00:00:00'),(199,50,80,27,66,5,'0000-00-00 00:00:00'),(200,50,80,27,67,4,'0000-00-00 00:00:00'),(201,50,81,27,64,6,'0000-00-00 00:00:00'),(202,50,81,27,65,5,'0000-00-00 00:00:00'),(203,50,81,27,66,4,'0000-00-00 00:00:00'),(204,50,81,27,67,3,'0000-00-00 00:00:00'),(205,50,82,27,64,5,'0000-00-00 00:00:00'),(206,50,82,27,65,4,'0000-00-00 00:00:00'),(207,50,82,27,66,3,'0000-00-00 00:00:00'),(208,50,82,27,67,2,'0000-00-00 00:00:00'),(209,50,83,27,64,4,'0000-00-00 00:00:00'),(210,50,83,27,65,3,'0000-00-00 00:00:00'),(211,50,83,27,66,2,'0000-00-00 00:00:00'),(212,50,83,27,67,1,'0000-00-00 00:00:00'),(213,50,84,27,64,3,'0000-00-00 00:00:00'),(214,50,84,27,65,2,'0000-00-00 00:00:00'),(215,50,84,27,66,1,'0000-00-00 00:00:00'),(216,50,84,27,67,1,'0000-00-00 00:00:00'),(217,50,85,27,64,5,'0000-00-00 00:00:00'),(218,50,85,27,65,5,'0000-00-00 00:00:00'),(219,50,85,27,66,5,'0000-00-00 00:00:00'),(220,50,85,27,67,5,'0000-00-00 00:00:00'),(221,51,76,27,64,1,'0000-00-00 00:00:00'),(222,51,76,27,65,2,'0000-00-00 00:00:00'),(223,51,76,27,66,3,'0000-00-00 00:00:00'),(224,51,76,27,67,4,'0000-00-00 00:00:00'),(225,51,77,27,64,2,'0000-00-00 00:00:00'),(226,51,77,27,65,3,'0000-00-00 00:00:00'),(227,51,77,27,66,4,'0000-00-00 00:00:00'),(228,51,77,27,67,5,'0000-00-00 00:00:00'),(229,51,79,27,64,3,'0000-00-00 00:00:00'),(230,51,79,27,65,4,'0000-00-00 00:00:00'),(231,51,79,27,66,5,'0000-00-00 00:00:00'),(232,51,79,27,67,6,'0000-00-00 00:00:00'),(233,51,80,27,64,4,'0000-00-00 00:00:00'),(234,51,80,27,65,5,'0000-00-00 00:00:00'),(235,51,80,27,66,6,'0000-00-00 00:00:00'),(236,51,80,27,67,7,'0000-00-00 00:00:00'),(237,51,81,27,64,5,'0000-00-00 00:00:00'),(238,51,81,27,65,6,'0000-00-00 00:00:00'),(239,51,81,27,66,7,'0000-00-00 00:00:00'),(240,51,81,27,67,8,'0000-00-00 00:00:00'),(241,51,82,27,64,6,'0000-00-00 00:00:00'),(242,51,82,27,65,7,'0000-00-00 00:00:00'),(243,51,82,27,66,8,'0000-00-00 00:00:00'),(244,51,82,27,67,9,'0000-00-00 00:00:00'),(245,51,83,27,64,7,'0000-00-00 00:00:00'),(246,51,83,27,65,8,'0000-00-00 00:00:00'),(247,51,83,27,66,9,'0000-00-00 00:00:00'),(248,51,83,27,67,10,'0000-00-00 00:00:00'),(249,51,84,27,64,1,'0000-00-00 00:00:00'),(250,51,84,27,65,1,'0000-00-00 00:00:00'),(251,51,84,27,66,1,'0000-00-00 00:00:00'),(252,51,84,27,67,1,'0000-00-00 00:00:00'),(253,51,85,27,64,10,'0000-00-00 00:00:00'),(254,51,85,27,65,10,'0000-00-00 00:00:00'),(255,51,85,27,66,10,'0000-00-00 00:00:00'),(256,51,85,27,67,10,'0000-00-00 00:00:00'),(257,55,76,27,64,1,'0000-00-00 00:00:00'),(258,55,76,27,65,1,'0000-00-00 00:00:00'),(259,55,76,27,66,1,'0000-00-00 00:00:00'),(260,55,76,27,67,1,'0000-00-00 00:00:00'),(261,55,77,27,64,2,'0000-00-00 00:00:00'),(262,55,77,27,65,2,'0000-00-00 00:00:00'),(263,55,77,27,66,2,'0000-00-00 00:00:00'),(264,55,77,27,67,2,'0000-00-00 00:00:00'),(265,55,78,27,64,3,'0000-00-00 00:00:00'),(266,55,78,27,65,3,'0000-00-00 00:00:00'),(267,55,78,27,66,3,'0000-00-00 00:00:00'),(268,55,78,27,67,3,'0000-00-00 00:00:00'),(269,55,80,27,64,4,'0000-00-00 00:00:00'),(270,55,80,27,65,4,'0000-00-00 00:00:00'),(271,55,80,27,66,4,'0000-00-00 00:00:00'),(272,55,80,27,67,4,'0000-00-00 00:00:00'),(273,55,81,27,64,5,'0000-00-00 00:00:00'),(274,55,81,27,65,5,'0000-00-00 00:00:00'),(275,55,81,27,66,5,'0000-00-00 00:00:00'),(276,55,81,27,67,5,'0000-00-00 00:00:00'),(277,55,82,27,64,6,'0000-00-00 00:00:00'),(278,55,82,27,65,6,'0000-00-00 00:00:00'),(279,55,82,27,66,6,'0000-00-00 00:00:00'),(280,55,82,27,67,6,'0000-00-00 00:00:00'),(281,55,83,27,64,7,'0000-00-00 00:00:00'),(282,55,83,27,65,7,'0000-00-00 00:00:00'),(283,55,83,27,66,7,'0000-00-00 00:00:00'),(284,55,83,27,67,7,'0000-00-00 00:00:00'),(285,55,84,27,64,8,'0000-00-00 00:00:00'),(286,55,84,27,65,8,'0000-00-00 00:00:00'),(287,55,84,27,66,8,'0000-00-00 00:00:00'),(288,55,84,27,67,8,'0000-00-00 00:00:00'),(289,55,85,27,64,9,'0000-00-00 00:00:00'),(290,55,85,27,65,9,'0000-00-00 00:00:00'),(291,55,85,27,66,9,'0000-00-00 00:00:00'),(292,55,85,27,67,9,'0000-00-00 00:00:00'),(293,64,29,13,21,10,'0000-00-00 00:00:00'),(294,64,29,13,22,8,'0000-00-00 00:00:00'),(295,64,29,13,23,7,'0000-00-00 00:00:00'),(296,64,29,13,24,8,'0000-00-00 00:00:00'),(297,64,30,13,21,8,'0000-00-00 00:00:00'),(298,64,30,13,22,8,'0000-00-00 00:00:00'),(299,64,30,13,23,9,'0000-00-00 00:00:00'),(300,64,30,13,24,10,'0000-00-00 00:00:00'),(301,56,76,27,64,6,'0000-00-00 00:00:00'),(302,56,76,27,65,4,'0000-00-00 00:00:00'),(303,56,76,27,66,6,'0000-00-00 00:00:00'),(304,56,76,27,67,4,'0000-00-00 00:00:00'),(305,56,77,27,64,9,'0000-00-00 00:00:00'),(306,56,77,27,65,9,'0000-00-00 00:00:00'),(307,56,77,27,66,1,'0000-00-00 00:00:00'),(308,56,77,27,67,1,'0000-00-00 00:00:00'),(309,56,78,27,64,2,'0000-00-00 00:00:00'),(310,56,78,27,65,1,'0000-00-00 00:00:00'),(311,56,78,27,66,2,'0000-00-00 00:00:00'),(312,56,78,27,67,1,'0000-00-00 00:00:00'),(313,56,79,27,64,8,'0000-00-00 00:00:00'),(314,56,79,27,65,2,'0000-00-00 00:00:00'),(315,56,79,27,66,8,'0000-00-00 00:00:00'),(316,56,79,27,67,2,'0000-00-00 00:00:00'),(317,56,81,27,64,5,'0000-00-00 00:00:00'),(318,56,81,27,65,10,'0000-00-00 00:00:00'),(319,56,81,27,66,5,'0000-00-00 00:00:00'),(320,56,81,27,67,10,'0000-00-00 00:00:00'),(321,56,82,27,64,6,'0000-00-00 00:00:00'),(322,56,82,27,65,4,'0000-00-00 00:00:00'),(323,56,82,27,66,6,'0000-00-00 00:00:00'),(324,56,82,27,67,4,'0000-00-00 00:00:00'),(325,56,83,27,64,9,'0000-00-00 00:00:00'),(326,56,83,27,65,1,'0000-00-00 00:00:00'),(327,56,83,27,66,9,'0000-00-00 00:00:00'),(328,56,83,27,67,1,'0000-00-00 00:00:00'),(329,56,84,27,64,2,'0000-00-00 00:00:00'),(330,56,84,27,65,2,'0000-00-00 00:00:00'),(331,56,84,27,66,3,'0000-00-00 00:00:00'),(332,56,84,27,67,3,'0000-00-00 00:00:00'),(333,56,85,27,64,1,'0000-00-00 00:00:00'),(334,56,85,27,65,2,'0000-00-00 00:00:00'),(335,56,85,27,66,2,'0000-00-00 00:00:00'),(336,56,85,27,67,1,'0000-00-00 00:00:00'),(337,57,76,27,64,9,'0000-00-00 00:00:00'),(338,57,76,27,65,8,'0000-00-00 00:00:00'),(339,57,76,27,66,7,'0000-00-00 00:00:00'),(340,57,76,27,67,6,'0000-00-00 00:00:00'),(341,57,77,27,64,3,'0000-00-00 00:00:00'),(342,57,77,27,65,3,'0000-00-00 00:00:00'),(343,57,77,27,66,4,'0000-00-00 00:00:00'),(344,57,77,27,67,4,'0000-00-00 00:00:00'),(345,57,78,27,64,10,'0000-00-00 00:00:00'),(346,57,78,27,65,10,'0000-00-00 00:00:00'),(347,57,78,27,66,10,'0000-00-00 00:00:00'),(348,57,78,27,67,1,'0000-00-00 00:00:00'),(349,57,79,27,64,3,'0000-00-00 00:00:00'),(350,57,79,27,65,4,'0000-00-00 00:00:00'),(351,57,79,27,66,5,'0000-00-00 00:00:00'),(352,57,79,27,67,5,'0000-00-00 00:00:00'),(353,57,80,27,64,7,'0000-00-00 00:00:00'),(354,57,80,27,65,7,'0000-00-00 00:00:00'),(355,57,80,27,66,7,'0000-00-00 00:00:00'),(356,57,80,27,67,10,'0000-00-00 00:00:00'),(357,57,82,27,64,1,'0000-00-00 00:00:00'),(358,57,82,27,65,1,'0000-00-00 00:00:00'),(359,57,82,27,66,1,'0000-00-00 00:00:00'),(360,57,82,27,67,3,'0000-00-00 00:00:00'),(361,57,83,27,64,3,'0000-00-00 00:00:00'),(362,57,83,27,65,6,'0000-00-00 00:00:00'),(363,57,83,27,66,4,'0000-00-00 00:00:00'),(364,57,83,27,67,8,'0000-00-00 00:00:00'),(365,57,84,27,64,9,'0000-00-00 00:00:00'),(366,57,84,27,65,8,'0000-00-00 00:00:00'),(367,57,84,27,66,8,'0000-00-00 00:00:00'),(368,57,84,27,67,10,'0000-00-00 00:00:00'),(369,57,85,27,64,7,'0000-00-00 00:00:00'),(370,57,85,27,65,6,'0000-00-00 00:00:00'),(371,57,85,27,66,10,'0000-00-00 00:00:00'),(372,57,85,27,67,2,'0000-00-00 00:00:00'),(373,58,76,27,64,2,'0000-00-00 00:00:00'),(374,58,76,27,65,6,'0000-00-00 00:00:00'),(375,58,76,27,66,6,'0000-00-00 00:00:00'),(376,58,76,27,67,10,'0000-00-00 00:00:00'),(377,58,77,27,64,3,'0000-00-00 00:00:00'),(378,58,77,27,65,1,'0000-00-00 00:00:00'),(379,58,77,27,66,1,'0000-00-00 00:00:00'),(380,58,77,27,67,1,'0000-00-00 00:00:00'),(381,58,78,27,64,7,'0000-00-00 00:00:00'),(382,58,78,27,65,5,'0000-00-00 00:00:00'),(383,58,78,27,66,8,'0000-00-00 00:00:00'),(384,58,78,27,67,8,'0000-00-00 00:00:00'),(385,58,79,27,64,10,'0000-00-00 00:00:00'),(386,58,79,27,65,8,'0000-00-00 00:00:00'),(387,58,79,27,66,8,'0000-00-00 00:00:00'),(388,58,79,27,67,3,'0000-00-00 00:00:00'),(389,58,80,27,64,4,'0000-00-00 00:00:00'),(390,58,80,27,65,5,'0000-00-00 00:00:00'),(391,58,80,27,66,3,'0000-00-00 00:00:00'),(392,58,80,27,67,4,'0000-00-00 00:00:00'),(393,58,81,27,64,9,'0000-00-00 00:00:00'),(394,58,81,27,65,8,'0000-00-00 00:00:00'),(395,58,81,27,66,9,'0000-00-00 00:00:00'),(396,58,81,27,67,10,'0000-00-00 00:00:00'),(397,58,83,27,64,7,'0000-00-00 00:00:00'),(398,58,83,27,65,8,'0000-00-00 00:00:00'),(399,58,83,27,66,7,'0000-00-00 00:00:00'),(400,58,83,27,67,9,'0000-00-00 00:00:00'),(401,58,84,27,64,2,'0000-00-00 00:00:00'),(402,58,84,27,65,3,'0000-00-00 00:00:00'),(403,58,84,27,66,2,'0000-00-00 00:00:00'),(404,58,84,27,67,5,'0000-00-00 00:00:00'),(405,58,85,27,64,10,'0000-00-00 00:00:00'),(406,58,85,27,65,9,'0000-00-00 00:00:00'),(407,58,85,27,66,10,'0000-00-00 00:00:00'),(408,58,85,27,67,10,'0000-00-00 00:00:00'),(409,59,76,27,64,2,'0000-00-00 00:00:00'),(410,59,76,27,65,2,'0000-00-00 00:00:00'),(411,59,76,27,66,2,'0000-00-00 00:00:00'),(412,59,76,27,67,2,'0000-00-00 00:00:00'),(413,59,77,27,64,2,'0000-00-00 00:00:00'),(414,59,77,27,65,2,'0000-00-00 00:00:00'),(415,59,77,27,66,2,'0000-00-00 00:00:00'),(416,59,77,27,67,2,'0000-00-00 00:00:00'),(417,59,78,27,64,2,'0000-00-00 00:00:00'),(418,59,78,27,65,2,'0000-00-00 00:00:00'),(419,59,78,27,66,2,'0000-00-00 00:00:00'),(420,59,78,27,67,2,'0000-00-00 00:00:00'),(421,59,79,27,64,2,'0000-00-00 00:00:00'),(422,59,79,27,65,2,'0000-00-00 00:00:00'),(423,59,79,27,66,2,'0000-00-00 00:00:00'),(424,59,79,27,67,2,'0000-00-00 00:00:00'),(433,59,80,27,64,2,'0000-00-00 00:00:00'),(434,59,80,27,65,2,'0000-00-00 00:00:00'),(435,59,80,27,66,2,'0000-00-00 00:00:00'),(436,59,80,27,67,2,'0000-00-00 00:00:00'),(437,59,81,27,64,2,'0000-00-00 00:00:00'),(438,59,81,27,65,2,'0000-00-00 00:00:00'),(439,59,81,27,66,2,'0000-00-00 00:00:00'),(440,59,81,27,67,2,'0000-00-00 00:00:00'),(441,59,82,27,64,2,'0000-00-00 00:00:00'),(442,59,82,27,65,2,'0000-00-00 00:00:00'),(443,59,82,27,66,2,'0000-00-00 00:00:00'),(444,59,82,27,67,2,'0000-00-00 00:00:00'),(445,59,84,27,64,2,'0000-00-00 00:00:00'),(446,59,84,27,65,2,'0000-00-00 00:00:00'),(447,59,84,27,66,2,'0000-00-00 00:00:00'),(448,59,84,27,67,2,'0000-00-00 00:00:00'),(449,59,85,27,64,2,'0000-00-00 00:00:00'),(450,59,85,27,65,2,'0000-00-00 00:00:00'),(451,59,85,27,66,2,'0000-00-00 00:00:00'),(452,59,85,27,67,2,'0000-00-00 00:00:00'),(453,60,76,27,64,3,'0000-00-00 00:00:00'),(454,60,76,27,65,7,'0000-00-00 00:00:00'),(455,60,76,27,66,2,'0000-00-00 00:00:00'),(456,60,76,27,67,9,'0000-00-00 00:00:00'),(457,60,77,27,64,6,'0000-00-00 00:00:00'),(458,60,77,27,65,6,'0000-00-00 00:00:00'),(459,60,77,27,66,6,'0000-00-00 00:00:00'),(460,60,77,27,67,1,'0000-00-00 00:00:00'),(461,60,78,27,64,9,'0000-00-00 00:00:00'),(462,60,78,27,65,10,'0000-00-00 00:00:00'),(463,60,78,27,66,9,'0000-00-00 00:00:00'),(464,60,78,27,67,5,'0000-00-00 00:00:00'),(465,60,79,27,64,4,'0000-00-00 00:00:00'),(466,60,79,27,65,2,'0000-00-00 00:00:00'),(467,60,79,27,66,7,'0000-00-00 00:00:00'),(468,60,79,27,67,2,'0000-00-00 00:00:00'),(469,60,80,27,64,8,'0000-00-00 00:00:00'),(470,60,80,27,65,8,'0000-00-00 00:00:00'),(471,60,80,27,66,8,'0000-00-00 00:00:00'),(472,60,80,27,67,8,'0000-00-00 00:00:00'),(473,60,81,27,64,4,'0000-00-00 00:00:00'),(474,60,81,27,65,6,'0000-00-00 00:00:00'),(475,60,81,27,66,3,'0000-00-00 00:00:00'),(476,60,81,27,67,4,'0000-00-00 00:00:00'),(477,60,82,27,64,1,'0000-00-00 00:00:00'),(478,60,82,27,65,2,'0000-00-00 00:00:00'),(479,60,82,27,66,2,'0000-00-00 00:00:00'),(480,60,82,27,67,3,'0000-00-00 00:00:00'),(481,60,83,27,64,8,'0000-00-00 00:00:00'),(482,60,83,27,65,8,'0000-00-00 00:00:00'),(483,60,83,27,66,9,'0000-00-00 00:00:00'),(484,60,83,27,67,10,'0000-00-00 00:00:00'),(485,60,85,27,64,1,'0000-00-00 00:00:00'),(486,60,85,27,65,1,'0000-00-00 00:00:00'),(487,60,85,27,66,1,'0000-00-00 00:00:00'),(488,60,85,27,67,1,'0000-00-00 00:00:00'),(489,61,76,27,64,1,'0000-00-00 00:00:00'),(490,61,76,27,65,2,'0000-00-00 00:00:00'),(491,61,76,27,66,2,'0000-00-00 00:00:00'),(492,61,76,27,67,2,'0000-00-00 00:00:00'),(493,61,77,27,64,10,'0000-00-00 00:00:00'),(494,61,77,27,65,10,'0000-00-00 00:00:00'),(495,61,77,27,66,10,'0000-00-00 00:00:00'),(496,61,77,27,67,10,'0000-00-00 00:00:00'),(497,61,78,27,64,3,'0000-00-00 00:00:00'),(498,61,78,27,65,7,'0000-00-00 00:00:00'),(499,61,78,27,66,4,'0000-00-00 00:00:00'),(500,61,78,27,67,4,'0000-00-00 00:00:00'),(501,61,79,27,64,10,'0000-00-00 00:00:00'),(502,61,79,27,65,10,'0000-00-00 00:00:00'),(503,61,79,27,66,10,'0000-00-00 00:00:00'),(504,61,79,27,67,8,'0000-00-00 00:00:00'),(505,61,80,27,64,6,'0000-00-00 00:00:00'),(506,61,80,27,65,3,'0000-00-00 00:00:00'),(507,61,80,27,66,7,'0000-00-00 00:00:00'),(508,61,80,27,67,1,'0000-00-00 00:00:00'),(509,61,81,27,64,2,'0000-00-00 00:00:00'),(510,61,81,27,65,4,'0000-00-00 00:00:00'),(511,61,81,27,66,4,'0000-00-00 00:00:00'),(512,61,81,27,67,7,'0000-00-00 00:00:00'),(513,61,82,27,64,10,'0000-00-00 00:00:00'),(514,61,82,27,65,9,'0000-00-00 00:00:00'),(515,61,82,27,66,9,'0000-00-00 00:00:00'),(516,61,82,27,67,10,'0000-00-00 00:00:00'),(517,61,83,27,64,3,'0000-00-00 00:00:00'),(518,61,83,27,65,3,'0000-00-00 00:00:00'),(519,61,83,27,66,2,'0000-00-00 00:00:00'),(520,61,83,27,67,3,'0000-00-00 00:00:00'),(521,61,84,27,64,2,'0000-00-00 00:00:00'),(522,61,84,27,65,2,'0000-00-00 00:00:00'),(523,61,84,27,66,3,'0000-00-00 00:00:00'),(524,61,84,27,67,1,'0000-00-00 00:00:00'),(525,58,86,27,64,10,'0000-00-00 00:00:00'),(526,58,86,27,65,10,'0000-00-00 00:00:00'),(527,58,86,27,66,10,'0000-00-00 00:00:00'),(528,58,86,27,67,10,'0000-00-00 00:00:00'),(529,56,86,27,64,2,'0000-00-00 00:00:00'),(530,56,86,27,65,5,'0000-00-00 00:00:00'),(531,56,86,27,66,6,'0000-00-00 00:00:00'),(532,56,86,27,67,3,'0000-00-00 00:00:00'),(533,55,86,27,64,10,'0000-00-00 00:00:00'),(534,55,86,27,65,10,'0000-00-00 00:00:00'),(535,55,86,27,66,10,'0000-00-00 00:00:00'),(536,55,86,27,67,10,'0000-00-00 00:00:00'),(537,55,86,27,68,10,'0000-00-00 00:00:00'),(538,51,86,27,64,7,'0000-00-00 00:00:00'),(539,51,86,27,65,8,'0000-00-00 00:00:00'),(540,51,86,27,66,8,'0000-00-00 00:00:00'),(541,51,86,27,67,8,'0000-00-00 00:00:00'),(542,51,86,27,68,8,'0000-00-00 00:00:00'),(543,38,89,31,69,2,'0000-00-00 00:00:00'),(544,38,89,31,70,2,'0000-00-00 00:00:00'),(545,38,89,31,71,8,'0000-00-00 00:00:00'),(546,38,89,31,72,8,'0000-00-00 00:00:00'),(547,38,90,31,69,2,'0000-00-00 00:00:00'),(548,38,90,31,70,2,'0000-00-00 00:00:00'),(549,38,90,31,71,8,'0000-00-00 00:00:00'),(550,38,90,31,72,8,'0000-00-00 00:00:00'),(551,38,91,31,69,2,'0000-00-00 00:00:00'),(552,38,91,31,70,2,'0000-00-00 00:00:00'),(553,38,91,31,71,8,'0000-00-00 00:00:00'),(554,38,91,31,72,8,'0000-00-00 00:00:00'),(555,39,87,31,69,4,'0000-00-00 00:00:00'),(556,39,87,31,70,4,'0000-00-00 00:00:00'),(557,39,87,31,71,10,'0000-00-00 00:00:00'),(558,39,87,31,72,10,'0000-00-00 00:00:00'),(559,39,90,31,69,4,'0000-00-00 00:00:00'),(560,39,90,31,70,4,'0000-00-00 00:00:00'),(561,39,90,31,71,10,'0000-00-00 00:00:00'),(562,39,90,31,72,10,'0000-00-00 00:00:00'),(563,39,91,31,69,4,'0000-00-00 00:00:00'),(564,39,91,31,70,4,'0000-00-00 00:00:00'),(565,39,91,31,71,10,'0000-00-00 00:00:00'),(566,39,91,31,72,10,'0000-00-00 00:00:00'),(567,79,93,34,73,10,'0000-00-00 00:00:00'),(568,79,93,34,74,10,'0000-00-00 00:00:00'),(569,79,93,34,75,10,'0000-00-00 00:00:00'),(570,79,93,34,76,10,'0000-00-00 00:00:00'),(571,79,94,34,73,10,'0000-00-00 00:00:00'),(572,79,94,34,74,10,'0000-00-00 00:00:00'),(573,79,94,34,75,10,'0000-00-00 00:00:00'),(574,79,94,34,76,10,'0000-00-00 00:00:00'),(575,79,96,34,73,6,'0000-00-00 00:00:00'),(576,79,96,34,74,4,'0000-00-00 00:00:00'),(577,79,96,34,75,9,'0000-00-00 00:00:00'),(578,79,96,34,76,3,'0000-00-00 00:00:00'),(579,79,95,34,73,3,'0000-00-00 00:00:00'),(580,79,95,34,74,5,'0000-00-00 00:00:00'),(581,79,95,34,75,1,'0000-00-00 00:00:00'),(582,79,95,34,76,3,'0000-00-00 00:00:00'),(583,38,93,34,73,10,'0000-00-00 00:00:00'),(584,38,93,34,74,10,'0000-00-00 00:00:00'),(585,38,93,34,75,10,'0000-00-00 00:00:00'),(586,38,93,34,76,10,'0000-00-00 00:00:00'),(587,38,94,34,73,10,'0000-00-00 00:00:00'),(588,38,94,34,74,10,'0000-00-00 00:00:00'),(589,38,94,34,75,10,'0000-00-00 00:00:00'),(590,38,94,34,76,10,'0000-00-00 00:00:00'),(591,38,95,34,73,1,'0000-00-00 00:00:00'),(592,38,95,34,74,1,'0000-00-00 00:00:00'),(593,38,95,34,75,1,'0000-00-00 00:00:00'),(594,38,95,34,76,1,'0000-00-00 00:00:00'),(595,38,96,34,73,1,'0000-00-00 00:00:00'),(596,38,96,34,74,1,'0000-00-00 00:00:00'),(597,38,96,34,75,1,'0000-00-00 00:00:00'),(598,38,96,34,76,1,'0000-00-00 00:00:00'),(599,80,93,34,73,5,'0000-00-00 00:00:00'),(600,80,93,34,74,4,'0000-00-00 00:00:00'),(601,80,93,34,75,8,'0000-00-00 00:00:00'),(602,80,93,34,76,5,'0000-00-00 00:00:00'),(603,80,94,34,73,4,'0000-00-00 00:00:00'),(604,80,94,34,74,5,'0000-00-00 00:00:00'),(605,80,94,34,75,5,'0000-00-00 00:00:00'),(606,80,94,34,76,10,'0000-00-00 00:00:00'),(607,80,95,34,73,5,'0000-00-00 00:00:00'),(608,80,95,34,74,5,'0000-00-00 00:00:00'),(609,80,95,34,75,6,'0000-00-00 00:00:00'),(610,80,95,34,76,6,'0000-00-00 00:00:00'),(611,80,96,34,73,3,'0000-00-00 00:00:00'),(612,80,96,34,74,6,'0000-00-00 00:00:00'),(613,80,96,34,75,1,'0000-00-00 00:00:00'),(614,80,96,34,76,7,'0000-00-00 00:00:00'),(615,82,94,34,73,5,'0000-00-00 00:00:00'),(616,82,94,34,74,6,'0000-00-00 00:00:00'),(617,82,94,34,75,3,'0000-00-00 00:00:00'),(618,82,94,34,76,7,'0000-00-00 00:00:00'),(619,82,95,34,73,4,'0000-00-00 00:00:00'),(620,82,95,34,74,5,'0000-00-00 00:00:00'),(621,82,95,34,75,5,'0000-00-00 00:00:00'),(622,82,95,34,76,4,'0000-00-00 00:00:00'),(623,82,93,34,73,3,'0000-00-00 00:00:00'),(624,82,93,34,74,4,'0000-00-00 00:00:00'),(625,82,93,34,75,4,'0000-00-00 00:00:00'),(626,82,93,34,76,4,'0000-00-00 00:00:00'),(627,82,96,34,73,7,'0000-00-00 00:00:00'),(628,82,96,34,74,5,'0000-00-00 00:00:00'),(629,82,96,34,75,3,'0000-00-00 00:00:00'),(630,82,96,34,76,4,'0000-00-00 00:00:00'),(631,83,93,34,73,5,'0000-00-00 00:00:00'),(632,83,93,34,74,6,'0000-00-00 00:00:00'),(633,83,93,34,75,6,'0000-00-00 00:00:00'),(634,83,93,34,76,5,'0000-00-00 00:00:00'),(635,83,94,34,73,3,'0000-00-00 00:00:00'),(636,83,94,34,74,2,'0000-00-00 00:00:00'),(637,83,94,34,75,3,'0000-00-00 00:00:00'),(638,83,94,34,76,5,'0000-00-00 00:00:00'),(639,83,95,34,73,3,'0000-00-00 00:00:00'),(640,83,95,34,74,4,'0000-00-00 00:00:00'),(641,83,95,34,75,4,'0000-00-00 00:00:00'),(642,83,95,34,76,2,'0000-00-00 00:00:00'),(659,79,29,13,21,8,'2019-05-25 09:07:43'),(660,79,29,13,22,5,'2019-05-25 09:07:43'),(661,79,29,13,23,8,'2019-05-25 09:07:43'),(662,79,29,13,24,8,'2019-05-25 09:07:43'),(663,79,30,13,21,6,'2019-05-25 09:07:56'),(664,79,30,13,22,4,'2019-05-25 09:07:56'),(665,79,30,13,23,8,'2019-05-25 09:07:56'),(666,79,30,13,24,5,'2019-05-25 09:07:56'),(667,84,103,35,77,7,'2019-05-25 11:44:11'),(668,84,103,35,78,7,'2019-05-25 11:44:11'),(669,84,103,35,79,6,'2019-05-25 11:44:11'),(670,84,103,35,80,8,'2019-05-25 11:44:11'),(671,84,102,35,77,4,'2019-05-25 11:51:08'),(672,84,102,35,78,5,'2019-05-25 11:51:08'),(673,84,102,35,79,2,'2019-05-25 11:51:08'),(674,84,102,35,80,3,'2019-05-25 11:51:08'),(675,84,98,35,77,7,'2019-05-25 11:57:50'),(676,84,98,35,78,5,'2019-05-25 11:57:50'),(677,84,98,35,79,7,'2019-05-25 11:57:50'),(678,84,98,35,80,5,'2019-05-25 11:57:50'),(679,84,100,35,77,7,'2019-05-25 12:02:46'),(680,84,100,35,78,5,'2019-05-25 12:02:46'),(681,84,100,35,79,3,'2019-05-25 12:02:46'),(682,84,100,35,80,8,'2019-05-25 12:02:46'),(683,90,98,35,77,5,'2019-05-25 12:05:06'),(684,90,98,35,78,7,'2019-05-25 12:05:06'),(685,90,98,35,79,5,'2019-05-25 12:05:06'),(686,90,98,35,80,8,'2019-05-25 12:05:06'),(687,90,100,35,77,7,'2019-05-25 12:05:17'),(688,90,100,35,78,7,'2019-05-25 12:05:17'),(689,90,100,35,79,7,'2019-05-25 12:05:17'),(690,90,100,35,80,7,'2019-05-25 12:05:17'),(691,90,101,35,77,7,'2019-05-25 12:06:30'),(692,90,101,35,78,4,'2019-05-25 12:06:30'),(693,90,101,35,79,7,'2019-05-25 12:06:30'),(694,90,101,35,80,7,'2019-05-25 12:06:30'),(695,84,101,35,77,4,'2019-05-25 12:09:00'),(696,84,101,35,78,5,'2019-05-25 12:09:00'),(697,84,101,35,79,3,'2019-05-25 12:09:00'),(698,84,101,35,80,3,'2019-05-25 12:09:00'),(699,90,104,35,77,4,'2019-05-25 12:11:25'),(700,90,104,35,78,2,'2019-05-25 12:11:25'),(701,90,104,35,79,1,'2019-05-25 12:11:25'),(702,90,104,35,80,3,'2019-05-25 12:11:25'),(703,84,104,35,77,5,'2019-05-25 12:17:25'),(704,84,104,35,78,5,'2019-05-25 12:17:25'),(705,84,104,35,79,2,'2019-05-25 12:17:25'),(706,84,104,35,80,3,'2019-05-25 12:17:25'),(707,90,107,35,77,1,'2019-05-25 12:17:39'),(708,90,107,35,78,3,'2019-05-25 12:17:39'),(709,90,107,35,79,1,'2019-05-25 12:17:39'),(710,90,107,35,80,2,'2019-05-25 12:17:39'),(711,84,107,35,77,5,'2019-05-25 12:21:50'),(712,84,107,35,78,7,'2019-05-25 12:21:50'),(713,84,107,35,79,4,'2019-05-25 12:21:50'),(714,84,107,35,80,4,'2019-05-25 12:21:50'),(715,84,106,35,77,4,'2019-05-25 12:28:52'),(716,84,106,35,78,5,'2019-05-25 12:28:52'),(717,84,106,35,79,4,'2019-05-25 12:28:52'),(718,84,106,35,80,3,'2019-05-25 12:28:52'),(719,90,106,35,77,4,'2019-05-25 12:30:01'),(720,90,106,35,78,4,'2019-05-25 12:30:01'),(721,90,106,35,79,3,'2019-05-25 12:30:01'),(722,90,106,35,80,4,'2019-05-25 12:30:01'),(723,90,108,35,77,2,'2019-05-25 12:33:27'),(724,90,108,35,78,1,'2019-05-25 12:33:27'),(725,90,108,35,79,1,'2019-05-25 12:33:27'),(726,90,108,35,80,3,'2019-05-25 12:33:27'),(727,84,108,35,77,6,'2019-05-25 12:38:36'),(728,84,108,35,78,5,'2019-05-25 12:38:36'),(729,84,108,35,79,4,'2019-05-25 12:38:36'),(730,84,108,35,80,3,'2019-05-25 12:38:36'),(731,90,109,35,77,9,'2019-05-25 12:41:12'),(732,90,109,35,78,6,'2019-05-25 12:41:12'),(733,90,109,35,79,8,'2019-05-25 12:41:12'),(734,90,109,35,80,10,'2019-05-25 12:41:12'),(735,84,109,35,77,8,'2019-05-25 12:46:08'),(736,84,109,35,78,5,'2019-05-25 12:46:08'),(737,84,109,35,79,6,'2019-05-25 12:46:08'),(738,84,109,35,80,5,'2019-05-25 12:46:08'),(739,84,110,35,77,8,'2019-05-25 12:54:12'),(740,84,110,35,78,6,'2019-05-25 12:54:12'),(741,84,110,35,79,4,'2019-05-25 12:54:12'),(742,84,110,35,80,2,'2019-05-25 12:54:12'),(743,90,110,35,77,8,'2019-05-25 12:54:13'),(744,90,110,35,78,5,'2019-05-25 12:54:13'),(745,90,110,35,79,3,'2019-05-25 12:54:13'),(746,90,110,35,80,7,'2019-05-25 12:54:13'),(747,90,111,35,77,5,'2019-05-25 12:56:07'),(748,90,111,35,78,8,'2019-05-25 12:56:07'),(749,90,111,35,79,4,'2019-05-25 12:56:07'),(750,90,111,35,80,9,'2019-05-25 12:56:07'),(751,84,111,35,77,8,'2019-05-25 13:00:06'),(752,84,111,35,78,5,'2019-05-25 13:00:06'),(753,84,111,35,79,6,'2019-05-25 13:00:06'),(754,84,111,35,80,4,'2019-05-25 13:00:06'),(755,90,112,35,77,8,'2019-05-25 13:01:35'),(756,90,112,35,78,3,'2019-05-25 13:01:35'),(757,90,112,35,79,5,'2019-05-25 13:01:35'),(758,90,112,35,80,7,'2019-05-25 13:01:35'),(759,84,112,35,77,4,'2019-05-25 13:05:07'),(760,84,112,35,78,5,'2019-05-25 13:05:07'),(761,84,112,35,79,4,'2019-05-25 13:05:07'),(762,84,112,35,80,7,'2019-05-25 13:05:07'),(763,84,113,35,77,8,'2019-05-25 13:10:37'),(764,84,113,35,78,7,'2019-05-25 13:10:37'),(765,84,113,35,79,3,'2019-05-25 13:10:37'),(766,84,113,35,80,7,'2019-05-25 13:10:37'),(767,90,113,35,77,7,'2019-05-25 13:12:44'),(768,90,113,35,78,6,'2019-05-25 13:12:44'),(769,90,113,35,79,5,'2019-05-25 13:12:44'),(770,90,113,35,80,7,'2019-05-25 13:12:44'),(771,90,114,35,77,1,'2019-05-25 13:36:05'),(772,90,114,35,78,2,'2019-05-25 13:36:05'),(773,90,114,35,79,1,'2019-05-25 13:36:05'),(774,90,114,35,80,3,'2019-05-25 13:36:05'),(775,84,114,35,77,5,'2019-05-25 13:40:36'),(776,84,114,35,78,3,'2019-05-25 13:40:36'),(777,84,114,35,79,4,'2019-05-25 13:40:36'),(778,84,114,35,80,4,'2019-05-25 13:40:36'),(779,90,115,35,77,5,'2019-05-25 13:43:45'),(780,90,115,35,78,9,'2019-05-25 13:43:45'),(781,90,115,35,79,6,'2019-05-25 13:43:45'),(782,90,115,35,80,9,'2019-05-25 13:43:45'),(783,84,115,35,77,8,'2019-05-25 13:46:01'),(784,84,115,35,78,9,'2019-05-25 13:46:01'),(785,84,115,35,79,7,'2019-05-25 13:46:01'),(786,84,115,35,80,10,'2019-05-25 13:46:01'),(787,84,116,35,77,6,'2019-05-25 13:51:40'),(788,84,116,35,78,5,'2019-05-25 13:51:40'),(789,84,116,35,79,5,'2019-05-25 13:51:40'),(790,84,116,35,80,4,'2019-05-25 13:51:40'),(791,90,102,35,77,5,'2019-05-25 13:54:39'),(792,90,102,35,78,6,'2019-05-25 13:54:39'),(793,90,102,35,79,4,'2019-05-25 13:54:39'),(794,90,102,35,80,5,'2019-05-25 13:54:39'),(795,90,127,35,77,5,'2019-05-25 13:56:54'),(796,90,127,35,78,3,'2019-05-25 13:56:54'),(797,90,127,35,79,3,'2019-05-25 13:56:54'),(798,90,127,35,80,3,'2019-05-25 13:56:54'),(799,90,116,35,77,2,'2019-05-25 13:57:34'),(800,90,116,35,78,1,'2019-05-25 13:57:34'),(801,90,116,35,79,1,'2019-05-25 13:57:34'),(802,90,116,35,80,1,'2019-05-25 13:57:34'),(803,84,117,35,77,10,'2019-05-25 14:00:08'),(804,84,117,35,78,8,'2019-05-25 14:00:08'),(805,84,117,35,79,7,'2019-05-25 14:00:08'),(806,84,117,35,80,8,'2019-05-25 14:00:08'),(807,90,117,35,77,7,'2019-05-25 14:01:15'),(808,90,117,35,78,9,'2019-05-25 14:01:15'),(809,90,117,35,79,8,'2019-05-25 14:01:15'),(810,90,117,35,80,9,'2019-05-25 14:01:15'),(811,90,118,35,77,4,'2019-05-25 14:08:03'),(812,90,118,35,78,10,'2019-05-25 14:08:03'),(813,90,118,35,79,3,'2019-05-25 14:08:03'),(814,90,118,35,80,8,'2019-05-25 14:08:03'),(815,84,118,35,77,8,'2019-05-25 14:09:08'),(816,84,118,35,78,7,'2019-05-25 14:09:08'),(817,84,118,35,79,3,'2019-05-25 14:09:08'),(818,84,118,35,80,5,'2019-05-25 14:09:08'),(819,90,121,35,77,4,'2019-05-25 14:13:31'),(820,90,121,35,78,7,'2019-05-25 14:13:31'),(821,90,121,35,79,4,'2019-05-25 14:13:31'),(822,90,121,35,80,5,'2019-05-25 14:13:31'),(823,84,121,35,77,9,'2019-05-25 14:13:47'),(824,84,121,35,78,9,'2019-05-25 14:13:47'),(825,84,121,35,79,5,'2019-05-25 14:13:47'),(826,84,121,35,80,7,'2019-05-25 14:13:47'),(827,84,119,35,77,6,'2019-05-25 14:19:56'),(828,84,119,35,78,6,'2019-05-25 14:19:56'),(829,84,119,35,79,4,'2019-05-25 14:19:56'),(830,84,119,35,80,3,'2019-05-25 14:19:56'),(831,90,119,35,77,6,'2019-05-25 14:23:15'),(832,90,119,35,78,9,'2019-05-25 14:23:15'),(833,90,119,35,79,8,'2019-05-25 14:23:15'),(834,90,119,35,80,8,'2019-05-25 14:23:15'),(835,84,120,35,77,4,'2019-05-25 14:26:49'),(836,84,120,35,78,4,'2019-05-25 14:26:49'),(837,84,120,35,79,3,'2019-05-25 14:26:49'),(838,84,120,35,80,3,'2019-05-25 14:26:49'),(839,90,120,35,77,8,'2019-05-25 14:26:57'),(840,90,120,35,78,4,'2019-05-25 14:26:57'),(841,90,120,35,79,7,'2019-05-25 14:26:57'),(842,90,120,35,80,8,'2019-05-25 14:26:57'),(843,90,128,35,77,5,'2019-05-25 14:33:57'),(844,90,128,35,78,7,'2019-05-25 14:33:57'),(845,90,128,35,79,6,'2019-05-25 14:33:57'),(846,90,128,35,80,7,'2019-05-25 14:33:57'),(847,84,128,35,77,6,'2019-05-25 14:35:11'),(848,84,128,35,78,5,'2019-05-25 14:35:11'),(849,84,128,35,79,4,'2019-05-25 14:35:11'),(850,84,128,35,80,5,'2019-05-25 14:35:11'),(851,84,122,35,77,8,'2019-05-25 14:40:48'),(852,84,122,35,78,7,'2019-05-25 14:40:48'),(853,84,122,35,79,6,'2019-05-25 14:40:48'),(854,84,122,35,80,7,'2019-05-25 14:40:48'),(855,90,122,35,77,5,'2019-05-25 14:41:20'),(856,90,122,35,78,4,'2019-05-25 14:41:20'),(857,90,122,35,79,3,'2019-05-25 14:41:20'),(858,90,122,35,80,6,'2019-05-25 14:41:20'),(859,90,123,35,77,8,'2019-05-25 14:42:56'),(860,90,123,35,78,5,'2019-05-25 14:42:56'),(861,90,123,35,79,7,'2019-05-25 14:42:56'),(862,90,123,35,80,7,'2019-05-25 14:42:56'),(863,84,123,35,77,7,'2019-05-25 14:45:53'),(864,84,123,35,78,6,'2019-05-25 14:45:53'),(865,84,123,35,79,7,'2019-05-25 14:45:53'),(866,84,123,35,80,5,'2019-05-25 14:45:53'),(867,90,124,35,77,8,'2019-05-25 14:49:29'),(868,90,124,35,78,7,'2019-05-25 14:49:29'),(869,90,124,35,79,6,'2019-05-25 14:49:29'),(870,90,124,35,80,6,'2019-05-25 14:49:29'),(871,84,124,35,77,8,'2019-05-25 14:51:16'),(872,84,124,35,78,7,'2019-05-25 14:51:16'),(873,84,124,35,79,5,'2019-05-25 14:51:16'),(874,84,124,35,80,5,'2019-05-25 14:51:16'),(875,90,125,35,77,2,'2019-05-25 14:58:25'),(876,90,125,35,78,2,'2019-05-25 14:58:25'),(877,90,125,35,79,2,'2019-05-25 14:58:25'),(878,90,125,35,80,2,'2019-05-25 14:58:25'),(879,84,125,35,77,5,'2019-05-25 14:58:53'),(880,84,125,35,78,7,'2019-05-25 14:58:53'),(881,84,125,35,79,6,'2019-05-25 14:58:53'),(882,84,125,35,80,7,'2019-05-25 14:58:53'),(883,90,126,35,77,8,'2019-05-25 15:00:23'),(884,90,126,35,78,5,'2019-05-25 15:00:23'),(885,90,126,35,79,7,'2019-05-25 15:00:23'),(886,90,126,35,80,9,'2019-05-25 15:00:23'),(887,84,126,35,77,6,'2019-05-25 15:01:50'),(888,84,126,35,78,7,'2019-05-25 15:01:50'),(889,84,126,35,79,3,'2019-05-25 15:01:50'),(890,84,126,35,80,4,'2019-05-25 15:01:50'),(891,84,127,35,77,6,'2019-05-25 15:02:34'),(892,84,127,35,78,5,'2019-05-25 15:02:34'),(893,84,127,35,79,3,'2019-05-25 15:02:34'),(894,84,127,35,80,4,'2019-05-25 15:02:34'),(895,84,129,35,77,9,'2019-05-25 15:10:26'),(896,84,129,35,78,8,'2019-05-25 15:10:26'),(897,84,129,35,79,4,'2019-05-25 15:10:26'),(898,84,129,35,80,8,'2019-05-25 15:10:26'),(899,90,129,35,77,9,'2019-05-25 15:11:58'),(900,90,129,35,78,8,'2019-05-25 15:11:58'),(901,90,129,35,79,9,'2019-05-25 15:11:58'),(902,90,129,35,80,9,'2019-05-25 15:11:58'),(903,88,98,35,77,7,'2019-05-25 15:12:06'),(904,88,98,35,78,7,'2019-05-25 15:12:06'),(905,88,98,35,79,7,'2019-05-25 15:12:06'),(906,88,98,35,80,7,'2019-05-25 15:12:06'),(907,88,100,35,77,7,'2019-05-25 15:13:22'),(908,88,100,35,78,6,'2019-05-25 15:13:22'),(909,88,100,35,79,6,'2019-05-25 15:13:22'),(910,88,100,35,80,7,'2019-05-25 15:13:22'),(911,88,101,35,77,6,'2019-05-25 15:13:37'),(912,88,101,35,78,6,'2019-05-25 15:13:37'),(913,88,101,35,79,6,'2019-05-25 15:13:37'),(914,88,101,35,80,6,'2019-05-25 15:13:37'),(915,88,102,35,77,5,'2019-05-25 15:14:40'),(916,88,102,35,78,5,'2019-05-25 15:14:40'),(917,88,102,35,79,5,'2019-05-25 15:14:40'),(918,88,102,35,80,5,'2019-05-25 15:14:40'),(919,88,103,35,77,7,'2019-05-25 15:14:57'),(920,88,103,35,78,7,'2019-05-25 15:14:57'),(921,88,103,35,79,7,'2019-05-25 15:14:57'),(922,88,103,35,80,7,'2019-05-25 15:14:57'),(923,88,104,35,77,2,'2019-05-25 15:15:06'),(924,88,104,35,78,2,'2019-05-25 15:15:06'),(925,88,104,35,79,2,'2019-05-25 15:15:06'),(926,88,104,35,80,2,'2019-05-25 15:15:06'),(927,88,106,35,77,2,'2019-05-25 15:15:13'),(928,88,106,35,78,2,'2019-05-25 15:15:13'),(929,88,106,35,79,2,'2019-05-25 15:15:13'),(930,88,106,35,80,2,'2019-05-25 15:15:13'),(931,88,107,35,77,5,'2019-05-25 15:15:43'),(932,88,107,35,78,5,'2019-05-25 15:15:43'),(933,88,107,35,79,5,'2019-05-25 15:15:43'),(934,88,107,35,80,5,'2019-05-25 15:15:43'),(935,88,108,35,77,3,'2019-05-25 15:15:53'),(936,88,108,35,78,3,'2019-05-25 15:15:53'),(937,88,108,35,79,3,'2019-05-25 15:15:53'),(938,88,108,35,80,3,'2019-05-25 15:15:53'),(939,88,109,35,77,4,'2019-05-25 15:16:20'),(940,88,109,35,78,4,'2019-05-25 15:16:20'),(941,88,109,35,79,4,'2019-05-25 15:16:20'),(942,88,109,35,80,4,'2019-05-25 15:16:20'),(943,90,103,35,77,4,'2019-05-25 15:16:24'),(944,90,103,35,78,3,'2019-05-25 15:16:24'),(945,90,103,35,79,7,'2019-05-25 15:16:24'),(946,90,103,35,80,8,'2019-05-25 15:16:24'),(947,85,98,35,77,8,'2019-05-25 15:17:14'),(948,85,98,35,78,7,'2019-05-25 15:17:14'),(949,85,98,35,79,8,'2019-05-25 15:17:14'),(950,85,98,35,80,6,'2019-05-25 15:17:14'),(951,85,100,35,77,3,'2019-05-25 15:17:29'),(952,85,100,35,78,3,'2019-05-25 15:17:29'),(953,85,100,35,79,3,'2019-05-25 15:17:29'),(954,85,100,35,80,3,'2019-05-25 15:17:29'),(955,88,110,35,77,4,'2019-05-25 15:18:35'),(956,88,110,35,78,4,'2019-05-25 15:18:35'),(957,88,110,35,79,4,'2019-05-25 15:18:35'),(958,88,110,35,80,4,'2019-05-25 15:18:35'),(959,87,98,35,77,10,'2019-05-25 15:18:38'),(960,87,98,35,78,6,'2019-05-25 15:18:38'),(961,87,98,35,79,9,'2019-05-25 15:18:38'),(962,87,98,35,80,8,'2019-05-25 15:18:38'),(963,91,98,35,77,4,'2019-05-25 15:18:53'),(964,91,98,35,78,4,'2019-05-25 15:18:53'),(965,91,98,35,79,5,'2019-05-25 15:18:53'),(966,91,98,35,80,4,'2019-05-25 15:18:53'),(967,88,111,35,77,6,'2019-05-25 15:18:56'),(968,88,111,35,78,6,'2019-05-25 15:18:56'),(969,88,111,35,79,6,'2019-05-25 15:18:56'),(970,88,111,35,80,6,'2019-05-25 15:18:56'),(971,87,100,35,77,7,'2019-05-25 15:19:15'),(972,87,100,35,78,6,'2019-05-25 15:19:15'),(973,87,100,35,79,6,'2019-05-25 15:19:15'),(974,87,100,35,80,7,'2019-05-25 15:19:15'),(975,88,112,35,77,4,'2019-05-25 15:19:24'),(976,88,112,35,78,4,'2019-05-25 15:19:24'),(977,88,112,35,79,4,'2019-05-25 15:19:24'),(978,88,112,35,80,4,'2019-05-25 15:19:24'),(979,89,98,35,77,5,'2019-05-25 15:19:29'),(980,89,98,35,78,2,'2019-05-25 15:19:29'),(981,89,98,35,79,3,'2019-05-25 15:19:29'),(982,89,98,35,80,3,'2019-05-25 15:19:29'),(983,91,100,35,77,4,'2019-05-25 15:19:32'),(984,91,100,35,78,5,'2019-05-25 15:19:32'),(985,91,100,35,79,4,'2019-05-25 15:19:32'),(986,91,100,35,80,4,'2019-05-25 15:19:32'),(987,85,101,35,77,5,'2019-05-25 15:19:32'),(988,85,101,35,78,5,'2019-05-25 15:19:32'),(989,85,101,35,79,7,'2019-05-25 15:19:32'),(990,85,101,35,80,7,'2019-05-25 15:19:32'),(991,87,101,35,77,6,'2019-05-25 15:19:35'),(992,87,101,35,78,8,'2019-05-25 15:19:35'),(993,87,101,35,79,5,'2019-05-25 15:19:35'),(994,87,101,35,80,9,'2019-05-25 15:19:35'),(995,85,102,35,77,4,'2019-05-25 15:19:52'),(996,85,102,35,78,4,'2019-05-25 15:19:52'),(997,85,102,35,79,5,'2019-05-25 15:19:52'),(998,85,102,35,80,4,'2019-05-25 15:19:52'),(999,88,113,35,77,6,'2019-05-25 15:19:52'),(1000,88,113,35,78,7,'2019-05-25 15:19:52'),(1001,88,113,35,79,6,'2019-05-25 15:19:52'),(1002,88,113,35,80,7,'2019-05-25 15:19:52'),(1003,85,103,35,77,4,'2019-05-25 15:20:09'),(1004,85,103,35,78,5,'2019-05-25 15:20:09'),(1005,85,103,35,79,4,'2019-05-25 15:20:09'),(1006,85,103,35,80,3,'2019-05-25 15:20:09'),(1007,91,101,35,77,3,'2019-05-25 15:20:10'),(1008,91,101,35,78,4,'2019-05-25 15:20:10'),(1009,91,101,35,79,5,'2019-05-25 15:20:10'),(1010,91,101,35,80,3,'2019-05-25 15:20:10'),(1011,89,100,35,77,5,'2019-05-25 15:20:14'),(1012,89,100,35,78,3,'2019-05-25 15:20:14'),(1013,89,100,35,79,7,'2019-05-25 15:20:14'),(1014,89,100,35,80,4,'2019-05-25 15:20:14'),(1015,88,114,35,77,6,'2019-05-25 15:20:15'),(1016,88,114,35,78,7,'2019-05-25 15:20:15'),(1017,88,114,35,79,5,'2019-05-25 15:20:15'),(1018,88,114,35,80,6,'2019-05-25 15:20:15'),(1019,87,102,35,77,6,'2019-05-25 15:20:24'),(1020,87,102,35,78,4,'2019-05-25 15:20:24'),(1021,87,102,35,79,4,'2019-05-25 15:20:24'),(1022,87,102,35,80,4,'2019-05-25 15:20:24'),(1023,85,104,35,77,7,'2019-05-25 15:20:29'),(1024,85,104,35,78,5,'2019-05-25 15:20:29'),(1025,85,104,35,79,3,'2019-05-25 15:20:29'),(1026,85,104,35,80,8,'2019-05-25 15:20:29'),(1027,91,102,35,77,5,'2019-05-25 15:20:35'),(1028,91,102,35,78,5,'2019-05-25 15:20:35'),(1029,91,102,35,79,3,'2019-05-25 15:20:35'),(1030,91,102,35,80,5,'2019-05-25 15:20:35'),(1031,88,115,35,77,7,'2019-05-25 15:20:42'),(1032,88,115,35,78,6,'2019-05-25 15:20:42'),(1033,88,115,35,79,5,'2019-05-25 15:20:42'),(1034,88,115,35,80,7,'2019-05-25 15:20:42'),(1035,86,98,35,77,7,'2019-05-25 15:20:43'),(1036,86,98,35,78,6,'2019-05-25 15:20:43'),(1037,86,98,35,79,7,'2019-05-25 15:20:43'),(1038,86,98,35,80,5,'2019-05-25 15:20:43'),(1039,89,101,35,77,6,'2019-05-25 15:20:46'),(1040,89,101,35,78,2,'2019-05-25 15:20:46'),(1041,89,101,35,79,1,'2019-05-25 15:20:46'),(1042,89,101,35,80,5,'2019-05-25 15:20:46'),(1043,85,106,35,77,3,'2019-05-25 15:20:48'),(1044,85,106,35,78,3,'2019-05-25 15:20:48'),(1045,85,106,35,79,4,'2019-05-25 15:20:48'),(1046,85,106,35,80,3,'2019-05-25 15:20:48'),(1047,91,103,35,77,7,'2019-05-25 15:20:57'),(1048,91,103,35,78,4,'2019-05-25 15:20:57'),(1049,91,103,35,79,6,'2019-05-25 15:20:57'),(1050,91,103,35,80,8,'2019-05-25 15:20:57'),(1051,85,107,35,77,4,'2019-05-25 15:21:09'),(1052,85,107,35,78,4,'2019-05-25 15:21:09'),(1053,85,107,35,79,3,'2019-05-25 15:21:09'),(1054,85,107,35,80,2,'2019-05-25 15:21:09'),(1055,87,103,35,77,9,'2019-05-25 15:21:12'),(1056,87,103,35,78,4,'2019-05-25 15:21:12'),(1057,87,103,35,79,4,'2019-05-25 15:21:12'),(1058,87,103,35,80,4,'2019-05-25 15:21:12'),(1059,86,100,35,77,7,'2019-05-25 15:21:16'),(1060,86,100,35,78,6,'2019-05-25 15:21:16'),(1061,86,100,35,79,5,'2019-05-25 15:21:16'),(1062,86,100,35,80,4,'2019-05-25 15:21:16'),(1063,91,104,35,77,4,'2019-05-25 15:21:18'),(1064,91,104,35,78,4,'2019-05-25 15:21:18'),(1065,91,104,35,79,3,'2019-05-25 15:21:18'),(1066,91,104,35,80,2,'2019-05-25 15:21:18'),(1067,88,116,35,77,5,'2019-05-25 15:21:25'),(1068,88,116,35,78,5,'2019-05-25 15:21:25'),(1069,88,116,35,79,5,'2019-05-25 15:21:25'),(1070,88,116,35,80,5,'2019-05-25 15:21:25'),(1071,87,104,35,77,1,'2019-05-25 15:21:30'),(1072,87,104,35,78,1,'2019-05-25 15:21:30'),(1073,87,104,35,79,1,'2019-05-25 15:21:30'),(1074,87,104,35,80,5,'2019-05-25 15:21:30'),(1075,85,108,35,77,4,'2019-05-25 15:21:35'),(1076,85,108,35,78,2,'2019-05-25 15:21:35'),(1077,85,108,35,79,1,'2019-05-25 15:21:35'),(1078,85,108,35,80,2,'2019-05-25 15:21:35'),(1079,91,106,35,77,7,'2019-05-25 15:21:40'),(1080,91,106,35,78,6,'2019-05-25 15:21:40'),(1081,91,106,35,79,5,'2019-05-25 15:21:40'),(1082,91,106,35,80,6,'2019-05-25 15:21:40'),(1083,86,101,35,77,6,'2019-05-25 15:21:46'),(1084,86,101,35,78,4,'2019-05-25 15:21:46'),(1085,86,101,35,79,4,'2019-05-25 15:21:46'),(1086,86,101,35,80,4,'2019-05-25 15:21:46'),(1087,87,106,35,77,1,'2019-05-25 15:21:46'),(1088,87,106,35,78,1,'2019-05-25 15:21:46'),(1089,87,106,35,79,1,'2019-05-25 15:21:46'),(1090,87,106,35,80,1,'2019-05-25 15:21:46'),(1091,91,107,35,77,3,'2019-05-25 15:21:58'),(1092,91,107,35,78,4,'2019-05-25 15:21:58'),(1093,91,107,35,79,3,'2019-05-25 15:21:58'),(1094,91,107,35,80,3,'2019-05-25 15:21:58'),(1095,85,109,35,77,2,'2019-05-25 15:22:01'),(1096,85,109,35,78,3,'2019-05-25 15:22:01'),(1097,85,109,35,79,2,'2019-05-25 15:22:01'),(1098,85,109,35,80,2,'2019-05-25 15:22:01'),(1099,89,102,35,77,3,'2019-05-25 15:22:07'),(1100,89,102,35,78,3,'2019-05-25 15:22:07'),(1101,89,102,35,79,3,'2019-05-25 15:22:07'),(1102,89,102,35,80,1,'2019-05-25 15:22:07'),(1103,88,117,35,77,7,'2019-05-25 15:22:16'),(1104,88,117,35,78,9,'2019-05-25 15:22:16'),(1105,88,117,35,79,7,'2019-05-25 15:22:16'),(1106,88,117,35,80,8,'2019-05-25 15:22:16'),(1107,86,102,35,77,7,'2019-05-25 15:22:23'),(1108,86,102,35,78,4,'2019-05-25 15:22:23'),(1109,86,102,35,79,2,'2019-05-25 15:22:23'),(1110,86,102,35,80,2,'2019-05-25 15:22:23'),(1111,85,110,35,77,7,'2019-05-25 15:22:24'),(1112,85,110,35,78,6,'2019-05-25 15:22:24'),(1113,85,110,35,79,4,'2019-05-25 15:22:24'),(1114,85,110,35,80,5,'2019-05-25 15:22:24'),(1115,87,107,35,77,7,'2019-05-25 15:22:26'),(1116,87,107,35,78,7,'2019-05-25 15:22:26'),(1117,87,107,35,79,5,'2019-05-25 15:22:26'),(1118,87,107,35,80,4,'2019-05-25 15:22:26'),(1119,88,118,35,77,5,'2019-05-25 15:22:31'),(1120,88,118,35,78,5,'2019-05-25 15:22:31'),(1121,88,118,35,79,5,'2019-05-25 15:22:31'),(1122,88,118,35,80,5,'2019-05-25 15:22:31'),(1123,89,103,35,77,6,'2019-05-25 15:22:34'),(1124,89,103,35,78,3,'2019-05-25 15:22:34'),(1125,89,103,35,79,1,'2019-05-25 15:22:34'),(1126,89,103,35,80,5,'2019-05-25 15:22:34'),(1127,87,108,35,77,3,'2019-05-25 15:22:38'),(1128,87,108,35,78,1,'2019-05-25 15:22:38'),(1129,87,108,35,79,1,'2019-05-25 15:22:38'),(1130,87,108,35,80,1,'2019-05-25 15:22:38'),(1131,91,108,35,77,6,'2019-05-25 15:23:09'),(1132,91,108,35,78,5,'2019-05-25 15:23:09'),(1133,91,108,35,79,6,'2019-05-25 15:23:09'),(1134,91,108,35,80,4,'2019-05-25 15:23:09'),(1135,88,119,35,77,3,'2019-05-25 15:23:10'),(1136,88,119,35,78,3,'2019-05-25 15:23:10'),(1137,88,119,35,79,3,'2019-05-25 15:23:10'),(1138,88,119,35,80,3,'2019-05-25 15:23:10'),(1139,89,104,35,77,6,'2019-05-25 15:23:13'),(1140,89,104,35,78,2,'2019-05-25 15:23:13'),(1141,89,104,35,79,1,'2019-05-25 15:23:13'),(1142,89,104,35,80,2,'2019-05-25 15:23:13'),(1143,86,103,35,77,7,'2019-05-25 15:23:20'),(1144,86,103,35,78,5,'2019-05-25 15:23:20'),(1145,86,103,35,79,4,'2019-05-25 15:23:20'),(1146,86,103,35,80,6,'2019-05-25 15:23:20'),(1147,85,111,35,77,7,'2019-05-25 15:23:25'),(1148,85,111,35,78,6,'2019-05-25 15:23:25'),(1149,85,111,35,79,5,'2019-05-25 15:23:25'),(1150,85,111,35,80,4,'2019-05-25 15:23:25'),(1151,88,120,35,77,4,'2019-05-25 15:23:34'),(1152,88,120,35,78,5,'2019-05-25 15:23:34'),(1153,88,120,35,79,4,'2019-05-25 15:23:34'),(1154,88,120,35,80,4,'2019-05-25 15:23:34'),(1155,91,109,35,77,3,'2019-05-25 15:23:35'),(1156,91,109,35,78,7,'2019-05-25 15:23:35'),(1157,91,109,35,79,6,'2019-05-25 15:23:35'),(1158,91,109,35,80,8,'2019-05-25 15:23:35'),(1159,89,106,35,77,5,'2019-05-25 15:23:42'),(1160,89,106,35,78,3,'2019-05-25 15:23:42'),(1161,89,106,35,79,2,'2019-05-25 15:23:42'),(1162,89,106,35,80,5,'2019-05-25 15:23:42'),(1163,85,112,35,77,8,'2019-05-25 15:23:51'),(1164,85,112,35,78,5,'2019-05-25 15:23:51'),(1165,85,112,35,79,4,'2019-05-25 15:23:51'),(1166,85,112,35,80,5,'2019-05-25 15:23:51'),(1167,89,107,35,77,3,'2019-05-25 15:24:02'),(1168,89,107,35,78,4,'2019-05-25 15:24:02'),(1169,89,107,35,79,1,'2019-05-25 15:24:02'),(1170,89,107,35,80,6,'2019-05-25 15:24:02'),(1171,91,110,35,77,4,'2019-05-25 15:24:04'),(1172,91,110,35,78,4,'2019-05-25 15:24:04'),(1173,91,110,35,79,5,'2019-05-25 15:24:04'),(1174,91,110,35,80,4,'2019-05-25 15:24:04'),(1175,86,104,35,77,5,'2019-05-25 15:24:08'),(1176,86,104,35,78,3,'2019-05-25 15:24:08'),(1177,86,104,35,79,2,'2019-05-25 15:24:08'),(1178,86,104,35,80,2,'2019-05-25 15:24:08'),(1179,85,113,35,77,5,'2019-05-25 15:24:13'),(1180,85,113,35,78,4,'2019-05-25 15:24:13'),(1181,85,113,35,79,3,'2019-05-25 15:24:13'),(1182,85,113,35,80,5,'2019-05-25 15:24:13'),(1183,91,111,35,77,8,'2019-05-25 15:24:21'),(1184,91,111,35,78,7,'2019-05-25 15:24:21'),(1185,91,111,35,79,8,'2019-05-25 15:24:21'),(1186,91,111,35,80,8,'2019-05-25 15:24:21'),(1187,89,108,35,77,8,'2019-05-25 15:24:31'),(1188,89,108,35,78,5,'2019-05-25 15:24:31'),(1189,89,108,35,79,2,'2019-05-25 15:24:31'),(1190,89,108,35,80,2,'2019-05-25 15:24:31'),(1191,85,114,35,77,3,'2019-05-25 15:24:32'),(1192,85,114,35,78,4,'2019-05-25 15:24:32'),(1193,85,114,35,79,2,'2019-05-25 15:24:32'),(1194,85,114,35,80,4,'2019-05-25 15:24:32'),(1195,87,109,35,77,5,'2019-05-25 15:24:32'),(1196,87,109,35,78,7,'2019-05-25 15:24:32'),(1197,87,109,35,79,5,'2019-05-25 15:24:32'),(1198,87,109,35,80,9,'2019-05-25 15:24:32'),(1199,91,112,35,77,2,'2019-05-25 15:24:47'),(1200,91,112,35,78,3,'2019-05-25 15:24:47'),(1201,91,112,35,79,5,'2019-05-25 15:24:47'),(1202,91,112,35,80,4,'2019-05-25 15:24:47'),(1203,87,110,35,77,7,'2019-05-25 15:24:47'),(1204,87,110,35,78,3,'2019-05-25 15:24:47'),(1205,87,110,35,79,3,'2019-05-25 15:24:47'),(1206,87,110,35,80,3,'2019-05-25 15:24:47'),(1207,85,115,35,77,8,'2019-05-25 15:24:48'),(1208,85,115,35,78,7,'2019-05-25 15:24:48'),(1209,85,115,35,79,5,'2019-05-25 15:24:48'),(1210,85,115,35,80,8,'2019-05-25 15:24:48'),(1211,86,106,35,77,8,'2019-05-25 15:24:57'),(1212,86,106,35,78,7,'2019-05-25 15:24:57'),(1213,86,106,35,79,5,'2019-05-25 15:24:57'),(1214,86,106,35,80,7,'2019-05-25 15:24:57'),(1215,85,116,35,77,6,'2019-05-25 15:24:58'),(1216,85,116,35,78,4,'2019-05-25 15:24:58'),(1217,85,116,35,79,4,'2019-05-25 15:24:58'),(1218,85,116,35,80,8,'2019-05-25 15:24:58'),(1219,87,111,35,77,9,'2019-05-25 15:25:00'),(1220,87,111,35,78,2,'2019-05-25 15:25:00'),(1221,87,111,35,79,2,'2019-05-25 15:25:00'),(1222,87,111,35,80,3,'2019-05-25 15:25:00'),(1223,91,113,35,77,4,'2019-05-25 15:25:10'),(1224,91,113,35,78,6,'2019-05-25 15:25:10'),(1225,91,113,35,79,5,'2019-05-25 15:25:10'),(1226,91,113,35,80,4,'2019-05-25 15:25:10'),(1227,87,112,35,77,6,'2019-05-25 15:25:12'),(1228,87,112,35,78,7,'2019-05-25 15:25:12'),(1229,87,112,35,79,7,'2019-05-25 15:25:12'),(1230,87,112,35,80,7,'2019-05-25 15:25:12'),(1231,85,117,35,77,9,'2019-05-25 15:25:15'),(1232,85,117,35,78,8,'2019-05-25 15:25:15'),(1233,85,117,35,79,6,'2019-05-25 15:25:15'),(1234,85,117,35,80,8,'2019-05-25 15:25:15'),(1235,86,107,35,77,7,'2019-05-25 15:25:26'),(1236,86,107,35,78,6,'2019-05-25 15:25:26'),(1237,86,107,35,79,2,'2019-05-25 15:25:26'),(1238,86,107,35,80,2,'2019-05-25 15:25:26'),(1239,89,109,35,77,3,'2019-05-25 15:25:28'),(1240,89,109,35,78,7,'2019-05-25 15:25:28'),(1241,89,109,35,79,6,'2019-05-25 15:25:28'),(1242,89,109,35,80,2,'2019-05-25 15:25:28'),(1243,91,114,35,77,3,'2019-05-25 15:25:29'),(1244,91,114,35,78,7,'2019-05-25 15:25:29'),(1245,91,114,35,79,4,'2019-05-25 15:25:29'),(1246,91,114,35,80,4,'2019-05-25 15:25:29'),(1247,85,118,35,77,5,'2019-05-25 15:25:30'),(1248,85,118,35,78,6,'2019-05-25 15:25:30'),(1249,85,118,35,79,5,'2019-05-25 15:25:30'),(1250,85,118,35,80,5,'2019-05-25 15:25:30'),(1251,87,113,35,77,7,'2019-05-25 15:25:35'),(1252,87,113,35,78,7,'2019-05-25 15:25:35'),(1253,87,113,35,79,5,'2019-05-25 15:25:35'),(1254,87,113,35,80,3,'2019-05-25 15:25:35'),(1255,88,121,35,77,5,'2019-05-25 15:25:35'),(1256,88,121,35,78,6,'2019-05-25 15:25:35'),(1257,88,121,35,79,5,'2019-05-25 15:25:35'),(1258,88,121,35,80,5,'2019-05-25 15:25:35'),(1259,85,119,35,77,4,'2019-05-25 15:25:44'),(1260,85,119,35,78,4,'2019-05-25 15:25:44'),(1261,85,119,35,79,3,'2019-05-25 15:25:44'),(1262,85,119,35,80,2,'2019-05-25 15:25:44'),(1263,91,115,35,77,7,'2019-05-25 15:25:48'),(1264,91,115,35,78,7,'2019-05-25 15:25:48'),(1265,91,115,35,79,6,'2019-05-25 15:25:48'),(1266,91,115,35,80,7,'2019-05-25 15:25:48'),(1267,87,114,35,77,8,'2019-05-25 15:25:49'),(1268,87,114,35,78,4,'2019-05-25 15:25:49'),(1269,87,114,35,79,8,'2019-05-25 15:25:49'),(1270,87,114,35,80,8,'2019-05-25 15:25:49'),(1271,85,120,35,77,6,'2019-05-25 15:26:02'),(1272,85,120,35,78,6,'2019-05-25 15:26:02'),(1273,85,120,35,79,6,'2019-05-25 15:26:02'),(1274,85,120,35,80,5,'2019-05-25 15:26:02'),(1275,91,116,35,77,5,'2019-05-25 15:26:04'),(1276,91,116,35,78,5,'2019-05-25 15:26:04'),(1277,91,116,35,79,6,'2019-05-25 15:26:04'),(1278,91,116,35,80,5,'2019-05-25 15:26:04'),(1279,86,108,35,77,8,'2019-05-25 15:26:10'),(1280,86,108,35,78,5,'2019-05-25 15:26:10'),(1281,86,108,35,79,5,'2019-05-25 15:26:10'),(1282,86,108,35,80,4,'2019-05-25 15:26:10'),(1283,85,121,35,77,3,'2019-05-25 15:26:17'),(1284,85,121,35,78,6,'2019-05-25 15:26:17'),(1285,85,121,35,79,3,'2019-05-25 15:26:17'),(1286,85,121,35,80,4,'2019-05-25 15:26:17'),(1287,89,110,35,77,6,'2019-05-25 15:26:21'),(1288,89,110,35,78,2,'2019-05-25 15:26:21'),(1289,89,110,35,79,1,'2019-05-25 15:26:21'),(1290,89,110,35,80,5,'2019-05-25 15:26:21'),(1291,88,122,35,77,6,'2019-05-25 15:26:21'),(1292,88,122,35,78,7,'2019-05-25 15:26:21'),(1293,88,122,35,79,6,'2019-05-25 15:26:21'),(1294,88,122,35,80,7,'2019-05-25 15:26:21'),(1295,85,122,35,77,6,'2019-05-25 15:26:35'),(1296,85,122,35,78,4,'2019-05-25 15:26:35'),(1297,85,122,35,79,3,'2019-05-25 15:26:35'),(1298,85,122,35,80,4,'2019-05-25 15:26:35'),(1299,91,117,35,77,8,'2019-05-25 15:26:39'),(1300,91,117,35,78,5,'2019-05-25 15:26:39'),(1301,91,117,35,79,5,'2019-05-25 15:26:39'),(1302,91,117,35,80,8,'2019-05-25 15:26:39'),(1303,87,115,35,77,8,'2019-05-25 15:26:45'),(1304,87,115,35,78,5,'2019-05-25 15:26:45'),(1305,87,115,35,79,4,'2019-05-25 15:26:45'),(1306,87,115,35,80,7,'2019-05-25 15:26:45'),(1307,85,123,35,77,9,'2019-05-25 15:27:00'),(1308,85,123,35,78,8,'2019-05-25 15:27:00'),(1309,85,123,35,79,5,'2019-05-25 15:27:00'),(1310,85,123,35,80,8,'2019-05-25 15:27:00'),(1311,87,116,35,77,7,'2019-05-25 15:27:02'),(1312,87,116,35,78,2,'2019-05-25 15:27:02'),(1313,87,116,35,79,2,'2019-05-25 15:27:02'),(1314,87,116,35,80,2,'2019-05-25 15:27:02'),(1315,86,109,35,77,7,'2019-05-25 15:27:03'),(1316,86,109,35,78,5,'2019-05-25 15:27:03'),(1317,86,109,35,79,6,'2019-05-25 15:27:03'),(1318,86,109,35,80,7,'2019-05-25 15:27:03'),(1319,85,124,35,77,6,'2019-05-25 15:27:14'),(1320,85,124,35,78,6,'2019-05-25 15:27:14'),(1321,85,124,35,79,4,'2019-05-25 15:27:14'),(1322,85,124,35,80,4,'2019-05-25 15:27:14'),(1323,91,118,35,77,4,'2019-05-25 15:27:14'),(1324,91,118,35,78,7,'2019-05-25 15:27:14'),(1325,91,118,35,79,4,'2019-05-25 15:27:14'),(1326,91,118,35,80,7,'2019-05-25 15:27:14'),(1327,87,117,35,77,7,'2019-05-25 15:27:15'),(1328,87,117,35,78,2,'2019-05-25 15:27:15'),(1329,87,117,35,79,2,'2019-05-25 15:27:15'),(1330,87,117,35,80,3,'2019-05-25 15:27:15'),(1331,86,110,35,77,5,'2019-05-25 15:27:20'),(1332,86,110,35,78,4,'2019-05-25 15:27:20'),(1333,86,110,35,79,4,'2019-05-25 15:27:20'),(1334,86,110,35,80,3,'2019-05-25 15:27:20'),(1335,85,125,35,77,6,'2019-05-25 15:27:27'),(1336,85,125,35,78,4,'2019-05-25 15:27:27'),(1337,85,125,35,79,3,'2019-05-25 15:27:27'),(1338,85,125,35,80,6,'2019-05-25 15:27:27'),(1339,91,119,35,77,6,'2019-05-25 15:27:35'),(1340,91,119,35,78,5,'2019-05-25 15:27:35'),(1341,91,119,35,79,4,'2019-05-25 15:27:35'),(1342,91,119,35,80,4,'2019-05-25 15:27:35'),(1343,85,126,35,77,7,'2019-05-25 15:27:37'),(1344,85,126,35,78,5,'2019-05-25 15:27:37'),(1345,85,126,35,79,6,'2019-05-25 15:27:37'),(1346,85,126,35,80,7,'2019-05-25 15:27:37'),(1347,89,111,35,77,7,'2019-05-25 15:27:38'),(1348,89,111,35,78,5,'2019-05-25 15:27:38'),(1349,89,111,35,79,2,'2019-05-25 15:27:38'),(1350,89,111,35,80,4,'2019-05-25 15:27:38'),(1351,91,120,35,77,4,'2019-05-25 15:27:52'),(1352,91,120,35,78,3,'2019-05-25 15:27:52'),(1353,91,120,35,79,2,'2019-05-25 15:27:52'),(1354,91,120,35,80,2,'2019-05-25 15:27:52'),(1355,89,112,35,77,8,'2019-05-25 15:27:53'),(1356,89,112,35,78,1,'2019-05-25 15:27:53'),(1357,89,112,35,79,2,'2019-05-25 15:27:53'),(1358,89,112,35,80,1,'2019-05-25 15:27:53'),(1359,88,123,35,77,8,'2019-05-25 15:27:53'),(1360,88,123,35,78,8,'2019-05-25 15:27:53'),(1361,88,123,35,79,8,'2019-05-25 15:27:53'),(1362,88,123,35,80,8,'2019-05-25 15:27:53'),(1363,87,118,35,77,6,'2019-05-25 15:27:54'),(1364,87,118,35,78,3,'2019-05-25 15:27:54'),(1365,87,118,35,79,3,'2019-05-25 15:27:54'),(1366,87,118,35,80,7,'2019-05-25 15:27:54'),(1367,88,124,35,77,9,'2019-05-25 15:28:00'),(1368,88,124,35,78,9,'2019-05-25 15:28:00'),(1369,88,124,35,79,9,'2019-05-25 15:28:00'),(1370,88,124,35,80,9,'2019-05-25 15:28:00'),(1371,85,127,35,77,4,'2019-05-25 15:28:00'),(1372,85,127,35,78,5,'2019-05-25 15:28:00'),(1373,85,127,35,79,5,'2019-05-25 15:28:00'),(1374,85,127,35,80,4,'2019-05-25 15:28:00'),(1375,88,125,35,77,3,'2019-05-25 15:28:07'),(1376,88,125,35,78,3,'2019-05-25 15:28:07'),(1377,88,125,35,79,3,'2019-05-25 15:28:07'),(1378,88,125,35,80,3,'2019-05-25 15:28:07'),(1379,85,128,35,77,6,'2019-05-25 15:28:18'),(1380,85,128,35,78,6,'2019-05-25 15:28:18'),(1381,85,128,35,79,4,'2019-05-25 15:28:18'),(1382,85,128,35,80,3,'2019-05-25 15:28:18'),(1383,86,111,35,77,9,'2019-05-25 15:28:23'),(1384,86,111,35,78,8,'2019-05-25 15:28:23'),(1385,86,111,35,79,4,'2019-05-25 15:28:23'),(1386,86,111,35,80,8,'2019-05-25 15:28:23'),(1387,87,119,35,77,4,'2019-05-25 15:28:40'),(1388,87,119,35,78,2,'2019-05-25 15:28:40'),(1389,87,119,35,79,2,'2019-05-25 15:28:40'),(1390,87,119,35,80,1,'2019-05-25 15:28:40'),(1391,88,126,35,77,6,'2019-05-25 15:28:41'),(1392,88,126,35,78,6,'2019-05-25 15:28:41'),(1393,88,126,35,79,6,'2019-05-25 15:28:41'),(1394,88,126,35,80,6,'2019-05-25 15:28:41'),(1395,85,129,35,77,2,'2019-05-25 15:28:41'),(1396,85,129,35,78,2,'2019-05-25 15:28:41'),(1397,85,129,35,79,1,'2019-05-25 15:28:41'),(1398,85,129,35,80,2,'2019-05-25 15:28:41'),(1399,87,120,35,77,5,'2019-05-25 15:28:59'),(1400,87,120,35,78,5,'2019-05-25 15:28:59'),(1401,87,120,35,79,4,'2019-05-25 15:28:59'),(1402,87,120,35,80,4,'2019-05-25 15:28:59'),(1403,89,113,35,77,6,'2019-05-25 15:29:03'),(1404,89,113,35,78,3,'2019-05-25 15:29:03'),(1405,89,113,35,79,2,'2019-05-25 15:29:03'),(1406,89,113,35,80,5,'2019-05-25 15:29:03'),(1407,88,127,35,77,4,'2019-05-25 15:29:08'),(1408,88,127,35,78,4,'2019-05-25 15:29:08'),(1409,88,127,35,79,4,'2019-05-25 15:29:08'),(1410,88,127,35,80,4,'2019-05-25 15:29:08'),(1411,86,112,35,77,6,'2019-05-25 15:29:09'),(1412,86,112,35,78,4,'2019-05-25 15:29:09'),(1413,86,112,35,79,3,'2019-05-25 15:29:09'),(1414,86,112,35,80,3,'2019-05-25 15:29:09'),(1415,88,128,35,77,5,'2019-05-25 15:29:19'),(1416,88,128,35,78,6,'2019-05-25 15:29:19'),(1417,88,128,35,79,5,'2019-05-25 15:29:19'),(1418,88,128,35,80,6,'2019-05-25 15:29:19'),(1419,88,129,35,77,3,'2019-05-25 15:29:26'),(1420,88,129,35,78,3,'2019-05-25 15:29:26'),(1421,88,129,35,79,3,'2019-05-25 15:29:26'),(1422,88,129,35,80,3,'2019-05-25 15:29:26'),(1423,87,121,35,77,5,'2019-05-25 15:29:27'),(1424,87,121,35,78,3,'2019-05-25 15:29:27'),(1425,87,121,35,79,3,'2019-05-25 15:29:27'),(1426,87,121,35,80,5,'2019-05-25 15:29:27'),(1427,89,114,35,77,6,'2019-05-25 15:29:29'),(1428,89,114,35,78,3,'2019-05-25 15:29:29'),(1429,89,114,35,79,2,'2019-05-25 15:29:29'),(1430,89,114,35,80,2,'2019-05-25 15:29:29'),(1431,91,123,35,77,8,'2019-05-25 15:29:30'),(1432,91,123,35,78,7,'2019-05-25 15:29:30'),(1433,91,123,35,79,5,'2019-05-25 15:29:30'),(1434,91,123,35,80,7,'2019-05-25 15:29:30'),(1435,89,115,35,77,3,'2019-05-25 15:29:51'),(1436,89,115,35,78,4,'2019-05-25 15:29:51'),(1437,89,115,35,79,2,'2019-05-25 15:29:51'),(1438,89,115,35,80,2,'2019-05-25 15:29:51'),(1439,91,124,35,77,7,'2019-05-25 15:29:58'),(1440,91,124,35,78,6,'2019-05-25 15:29:58'),(1441,91,124,35,79,5,'2019-05-25 15:29:58'),(1442,91,124,35,80,8,'2019-05-25 15:29:58'),(1443,89,116,35,77,3,'2019-05-25 15:30:07'),(1444,89,116,35,78,3,'2019-05-25 15:30:07'),(1445,89,116,35,79,1,'2019-05-25 15:30:07'),(1446,89,116,35,80,5,'2019-05-25 15:30:07'),(1447,91,125,35,77,7,'2019-05-25 15:30:17'),(1448,91,125,35,78,5,'2019-05-25 15:30:17'),(1449,91,125,35,79,3,'2019-05-25 15:30:17'),(1450,91,125,35,80,4,'2019-05-25 15:30:17'),(1451,86,113,35,77,8,'2019-05-25 15:30:32'),(1452,86,113,35,78,5,'2019-05-25 15:30:32'),(1453,86,113,35,79,4,'2019-05-25 15:30:32'),(1454,86,113,35,80,3,'2019-05-25 15:30:32'),(1455,91,126,35,77,7,'2019-05-25 15:30:34'),(1456,91,126,35,78,6,'2019-05-25 15:30:34'),(1457,91,126,35,79,7,'2019-05-25 15:30:34'),(1458,91,126,35,80,8,'2019-05-25 15:30:34'),(1459,91,127,35,77,7,'2019-05-25 15:30:54'),(1460,91,127,35,78,6,'2019-05-25 15:30:54'),(1461,91,127,35,79,7,'2019-05-25 15:30:54'),(1462,91,127,35,80,7,'2019-05-25 15:30:54'),(1463,89,117,35,77,8,'2019-05-25 15:31:07'),(1464,89,117,35,78,8,'2019-05-25 15:31:07'),(1465,89,117,35,79,2,'2019-05-25 15:31:07'),(1466,89,117,35,80,3,'2019-05-25 15:31:07'),(1467,87,122,35,77,8,'2019-05-25 15:31:09'),(1468,87,122,35,78,3,'2019-05-25 15:31:09'),(1469,87,122,35,79,5,'2019-05-25 15:31:09'),(1470,87,122,35,80,5,'2019-05-25 15:31:09'),(1471,91,128,35,77,6,'2019-05-25 15:31:14'),(1472,91,128,35,78,4,'2019-05-25 15:31:14'),(1473,91,128,35,79,5,'2019-05-25 15:31:14'),(1474,91,128,35,80,3,'2019-05-25 15:31:14'),(1475,86,114,35,77,6,'2019-05-25 15:31:17'),(1476,86,114,35,78,5,'2019-05-25 15:31:17'),(1477,86,114,35,79,2,'2019-05-25 15:31:17'),(1478,86,114,35,80,2,'2019-05-25 15:31:17'),(1479,91,129,35,77,7,'2019-05-25 15:31:33'),(1480,91,129,35,78,4,'2019-05-25 15:31:33'),(1481,91,129,35,79,7,'2019-05-25 15:31:33'),(1482,91,129,35,80,6,'2019-05-25 15:31:33'),(1483,89,118,35,77,8,'2019-05-25 15:31:38'),(1484,89,118,35,78,5,'2019-05-25 15:31:38'),(1485,89,118,35,79,2,'2019-05-25 15:31:38'),(1486,89,118,35,80,5,'2019-05-25 15:31:38'),(1487,89,119,35,77,4,'2019-05-25 15:31:54'),(1488,89,119,35,78,7,'2019-05-25 15:31:54'),(1489,89,119,35,79,2,'2019-05-25 15:31:54'),(1490,89,119,35,80,5,'2019-05-25 15:31:54'),(1491,87,123,35,77,8,'2019-05-25 15:32:05'),(1492,87,123,35,78,5,'2019-05-25 15:32:05'),(1493,87,123,35,79,5,'2019-05-25 15:32:05'),(1494,87,123,35,80,4,'2019-05-25 15:32:05'),(1495,91,121,35,77,6,'2019-05-25 15:32:08'),(1496,91,121,35,78,3,'2019-05-25 15:32:08'),(1497,91,121,35,79,4,'2019-05-25 15:32:08'),(1498,91,121,35,80,4,'2019-05-25 15:32:08'),(1499,89,120,35,77,3,'2019-05-25 15:32:18'),(1500,89,120,35,78,2,'2019-05-25 15:32:18'),(1501,89,120,35,79,2,'2019-05-25 15:32:18'),(1502,89,120,35,80,1,'2019-05-25 15:32:18'),(1503,91,122,35,77,2,'2019-05-25 15:32:26'),(1504,91,122,35,78,3,'2019-05-25 15:32:26'),(1505,91,122,35,79,2,'2019-05-25 15:32:26'),(1506,91,122,35,80,2,'2019-05-25 15:32:26'),(1507,86,115,35,77,8,'2019-05-25 15:32:27'),(1508,86,115,35,78,7,'2019-05-25 15:32:27'),(1509,86,115,35,79,5,'2019-05-25 15:32:27'),(1510,86,115,35,80,8,'2019-05-25 15:32:27'),(1511,89,121,35,77,8,'2019-05-25 15:32:40'),(1512,89,121,35,78,7,'2019-05-25 15:32:40'),(1513,89,121,35,79,2,'2019-05-25 15:32:40'),(1514,89,121,35,80,4,'2019-05-25 15:32:40'),(1515,89,122,35,77,7,'2019-05-25 15:32:51'),(1516,89,122,35,78,2,'2019-05-25 15:32:51'),(1517,89,122,35,79,1,'2019-05-25 15:32:51'),(1518,89,122,35,80,3,'2019-05-25 15:32:51'),(1519,86,116,35,77,7,'2019-05-25 15:32:55'),(1520,86,116,35,78,4,'2019-05-25 15:32:55'),(1521,86,116,35,79,3,'2019-05-25 15:32:55'),(1522,86,116,35,80,4,'2019-05-25 15:32:55'),(1523,87,124,35,77,5,'2019-05-25 15:32:58'),(1524,87,124,35,78,3,'2019-05-25 15:32:58'),(1525,87,124,35,79,3,'2019-05-25 15:32:58'),(1526,87,124,35,80,4,'2019-05-25 15:32:58'),(1527,89,123,35,77,6,'2019-05-25 15:33:03'),(1528,89,123,35,78,8,'2019-05-25 15:33:03'),(1529,89,123,35,79,5,'2019-05-25 15:33:03'),(1530,89,123,35,80,7,'2019-05-25 15:33:03'),(1531,87,125,35,77,3,'2019-05-25 15:33:11'),(1532,87,125,35,78,1,'2019-05-25 15:33:11'),(1533,87,125,35,79,2,'2019-05-25 15:33:11'),(1534,87,125,35,80,3,'2019-05-25 15:33:11'),(1535,89,124,35,77,5,'2019-05-25 15:33:15'),(1536,89,124,35,78,7,'2019-05-25 15:33:15'),(1537,89,124,35,79,4,'2019-05-25 15:33:15'),(1538,89,124,35,80,6,'2019-05-25 15:33:15'),(1539,86,117,35,77,8,'2019-05-25 15:33:25'),(1540,86,117,35,78,7,'2019-05-25 15:33:25'),(1541,86,117,35,79,4,'2019-05-25 15:33:25'),(1542,86,117,35,80,7,'2019-05-25 15:33:25'),(1543,87,126,35,77,8,'2019-05-25 15:33:29'),(1544,87,126,35,78,5,'2019-05-25 15:33:29'),(1545,87,126,35,79,5,'2019-05-25 15:33:29'),(1546,87,126,35,80,2,'2019-05-25 15:33:29'),(1547,89,125,35,77,6,'2019-05-25 15:34:07'),(1548,89,125,35,78,3,'2019-05-25 15:34:07'),(1549,89,125,35,79,1,'2019-05-25 15:34:07'),(1550,89,125,35,80,2,'2019-05-25 15:34:07'),(1551,86,118,35,77,7,'2019-05-25 15:34:15'),(1552,86,118,35,78,5,'2019-05-25 15:34:15'),(1553,86,118,35,79,3,'2019-05-25 15:34:15'),(1554,86,118,35,80,7,'2019-05-25 15:34:15'),(1555,89,126,35,77,4,'2019-05-25 15:34:19'),(1556,89,126,35,78,6,'2019-05-25 15:34:19'),(1557,89,126,35,79,4,'2019-05-25 15:34:19'),(1558,89,126,35,80,2,'2019-05-25 15:34:19'),(1559,89,127,35,77,8,'2019-05-25 15:34:35'),(1560,89,127,35,78,7,'2019-05-25 15:34:35'),(1561,89,127,35,79,2,'2019-05-25 15:34:35'),(1562,89,127,35,80,3,'2019-05-25 15:34:35'),(1563,87,127,35,77,7,'2019-05-25 15:34:36'),(1564,87,127,35,78,5,'2019-05-25 15:34:36'),(1565,87,127,35,79,5,'2019-05-25 15:34:36'),(1566,87,127,35,80,4,'2019-05-25 15:34:36'),(1567,89,128,35,77,7,'2019-05-25 15:34:48'),(1568,89,128,35,78,5,'2019-05-25 15:34:48'),(1569,89,128,35,79,2,'2019-05-25 15:34:48'),(1570,89,128,35,80,2,'2019-05-25 15:34:48'),(1571,87,128,35,77,5,'2019-05-25 15:34:51'),(1572,87,128,35,78,3,'2019-05-25 15:34:51'),(1573,87,128,35,79,3,'2019-05-25 15:34:51'),(1574,87,128,35,80,3,'2019-05-25 15:34:51'),(1575,86,119,35,77,8,'2019-05-25 15:35:11'),(1576,86,119,35,78,7,'2019-05-25 15:35:11'),(1577,86,119,35,79,2,'2019-05-25 15:35:11'),(1578,86,119,35,80,5,'2019-05-25 15:35:11'),(1579,89,129,35,77,6,'2019-05-25 15:35:19'),(1580,89,129,35,78,3,'2019-05-25 15:35:19'),(1581,89,129,35,79,2,'2019-05-25 15:35:19'),(1582,89,129,35,80,1,'2019-05-25 15:35:19'),(1583,87,129,35,77,5,'2019-05-25 15:35:37'),(1584,87,129,35,78,3,'2019-05-25 15:35:37'),(1585,87,129,35,79,3,'2019-05-25 15:35:37'),(1586,87,129,35,80,3,'2019-05-25 15:35:37'),(1587,86,120,35,77,4,'2019-05-25 15:35:51'),(1588,86,120,35,78,4,'2019-05-25 15:35:51'),(1589,86,120,35,79,3,'2019-05-25 15:35:51'),(1590,86,120,35,80,2,'2019-05-25 15:35:51'),(1591,86,121,35,77,7,'2019-05-25 15:36:33'),(1592,86,121,35,78,3,'2019-05-25 15:36:33'),(1593,86,121,35,79,2,'2019-05-25 15:36:33'),(1594,86,121,35,80,2,'2019-05-25 15:36:33'),(1595,86,122,35,77,7,'2019-05-25 15:37:13'),(1596,86,122,35,78,4,'2019-05-25 15:37:13'),(1597,86,122,35,79,1,'2019-05-25 15:37:13'),(1598,86,122,35,80,2,'2019-05-25 15:37:13'),(1599,86,123,35,77,8,'2019-05-25 15:38:08'),(1600,86,123,35,78,7,'2019-05-25 15:38:08'),(1601,86,123,35,79,2,'2019-05-25 15:38:08'),(1602,86,123,35,80,5,'2019-05-25 15:38:08'),(1603,86,124,35,77,8,'2019-05-25 15:38:51'),(1604,86,124,35,78,7,'2019-05-25 15:38:51'),(1605,86,124,35,79,5,'2019-05-25 15:38:51'),(1606,86,124,35,80,7,'2019-05-25 15:38:51'),(1607,86,125,35,77,7,'2019-05-25 15:39:08'),(1608,86,125,35,78,4,'2019-05-25 15:39:08'),(1609,86,125,35,79,2,'2019-05-25 15:39:08'),(1610,86,125,35,80,5,'2019-05-25 15:39:08'),(1611,86,126,35,77,8,'2019-05-25 15:39:24'),(1612,86,126,35,78,7,'2019-05-25 15:39:24'),(1613,86,126,35,79,6,'2019-05-25 15:39:24'),(1614,86,126,35,80,7,'2019-05-25 15:39:24'),(1615,86,127,35,77,8,'2019-05-25 15:39:40'),(1616,86,127,35,78,6,'2019-05-25 15:39:40'),(1617,86,127,35,79,2,'2019-05-25 15:39:40'),(1618,86,127,35,80,6,'2019-05-25 15:39:40'),(1619,14,28,13,21,10,'2019-06-01 07:44:11'),(1620,14,28,13,22,10,'2019-06-01 07:44:11'),(1621,14,28,13,23,8,'2019-06-01 07:44:11'),(1622,14,28,13,24,10,'2019-06-01 07:44:11'),(1623,18,132,36,83,5,'2019-06-05 12:39:32'),(1624,18,132,36,84,5,'2019-06-05 12:39:32'),(1625,18,134,36,83,5,'2019-06-05 12:39:35'),(1626,18,134,36,84,5,'2019-06-05 12:39:35'),(1627,16,133,36,83,10,'2019-06-05 12:42:45'),(1628,16,133,36,84,10,'2019-06-05 12:42:45'),(1629,16,134,36,83,10,'2019-06-05 12:42:49'),(1630,16,134,36,84,10,'2019-06-05 12:42:49'),(1631,16,135,36,83,10,'2019-06-05 12:42:54'),(1632,16,135,36,84,10,'2019-06-05 12:42:54'),(1633,92,133,36,83,7,'2019-06-05 13:28:07'),(1634,92,133,36,84,6,'2019-06-05 13:28:07'),(1635,92,135,36,83,3,'2019-06-05 13:28:12'),(1636,92,135,36,84,7,'2019-06-05 13:28:12'),(1637,135,143,37,85,1,'2019-06-16 10:56:39'),(1638,135,143,37,86,4,'2019-06-16 10:56:39'),(1639,135,143,37,87,4,'2019-06-16 10:56:39'),(1640,135,143,37,88,5,'2019-06-16 10:56:39'),(1641,135,148,37,85,5,'2019-06-16 10:57:07'),(1642,135,148,37,86,5,'2019-06-16 10:57:07'),(1643,135,148,37,87,5,'2019-06-16 10:57:07'),(1644,135,148,37,88,4,'2019-06-16 10:57:07'),(1645,135,150,37,85,5,'2019-06-16 10:57:21'),(1646,135,150,37,86,5,'2019-06-16 10:57:21'),(1647,135,150,37,87,5,'2019-06-16 10:57:21'),(1648,135,150,37,88,5,'2019-06-16 10:57:21'),(1649,135,155,37,85,4,'2019-06-16 10:57:37'),(1650,135,155,37,86,4,'2019-06-16 10:57:37'),(1651,135,155,37,87,4,'2019-06-16 10:57:37'),(1652,135,155,37,88,4,'2019-06-16 10:57:37'),(1653,135,153,37,85,5,'2019-06-16 10:58:07'),(1654,135,153,37,86,7,'2019-06-16 10:58:07'),(1655,135,153,37,87,5,'2019-06-16 10:58:07'),(1656,135,153,37,88,5,'2019-06-16 10:58:07'),(1657,135,151,37,85,2,'2019-06-16 10:58:31'),(1658,135,151,37,86,2,'2019-06-16 10:58:31'),(1659,135,151,37,87,2,'2019-06-16 10:58:31'),(1660,135,151,37,88,2,'2019-06-16 10:58:31'),(1661,120,152,37,85,10,'2019-06-16 11:10:22'),(1662,120,152,37,86,10,'2019-06-16 11:10:22'),(1663,120,152,37,87,10,'2019-06-16 11:10:22'),(1664,120,152,37,88,10,'2019-06-16 11:10:22'),(1665,107,162,37,85,10,'2019-06-16 11:10:34'),(1666,107,162,37,86,10,'2019-06-16 11:10:34'),(1667,107,162,37,87,10,'2019-06-16 11:10:34'),(1668,107,162,37,88,10,'2019-06-16 11:10:34'),(1669,93,154,37,85,10,'2019-06-16 11:15:59'),(1670,93,154,37,86,10,'2019-06-16 11:15:59'),(1671,93,154,37,87,10,'2019-06-16 11:15:59'),(1672,93,154,37,88,10,'2019-06-16 11:15:59'),(1673,123,163,37,85,6,'2019-06-16 11:16:15'),(1674,123,163,37,86,6,'2019-06-16 11:16:15'),(1675,123,163,37,87,6,'2019-06-16 11:16:15'),(1676,123,163,37,88,6,'2019-06-16 11:16:15'),(1677,119,143,37,85,6,'2019-06-16 11:16:15'),(1678,119,143,37,86,7,'2019-06-16 11:16:15'),(1679,119,143,37,87,8,'2019-06-16 11:16:15'),(1680,119,143,37,88,4,'2019-06-16 11:16:15'),(1681,147,163,37,85,4,'2019-06-16 11:16:28'),(1682,147,163,37,86,6,'2019-06-16 11:16:28'),(1683,147,163,37,87,2,'2019-06-16 11:16:28'),(1684,147,163,37,88,6,'2019-06-16 11:16:28'),(1685,105,163,37,85,7,'2019-06-16 11:16:29'),(1686,105,163,37,86,10,'2019-06-16 11:16:29'),(1687,105,163,37,87,6,'2019-06-16 11:16:29'),(1688,105,163,37,88,10,'2019-06-16 11:16:29'),(1689,117,163,37,85,7,'2019-06-16 11:16:35'),(1690,117,163,37,86,5,'2019-06-16 11:16:35'),(1691,117,163,37,87,7,'2019-06-16 11:16:35'),(1692,117,163,37,88,6,'2019-06-16 11:16:35'),(1693,141,163,37,85,10,'2019-06-16 11:16:52'),(1694,141,163,37,86,9,'2019-06-16 11:16:52'),(1695,141,163,37,87,10,'2019-06-16 11:16:52'),(1696,141,163,37,88,8,'2019-06-16 11:16:52'),(1697,108,163,37,85,10,'2019-06-16 11:16:55'),(1698,108,163,37,86,10,'2019-06-16 11:16:55'),(1699,108,163,37,87,10,'2019-06-16 11:16:55'),(1700,108,163,37,88,10,'2019-06-16 11:16:55'),(1701,133,163,37,85,10,'2019-06-16 11:16:58'),(1702,133,163,37,86,10,'2019-06-16 11:16:58'),(1703,133,163,37,87,10,'2019-06-16 11:16:58'),(1704,133,163,37,88,10,'2019-06-16 11:16:58'),(1705,134,163,37,85,7,'2019-06-16 11:17:23'),(1706,134,163,37,86,4,'2019-06-16 11:17:23'),(1707,134,163,37,87,9,'2019-06-16 11:17:23'),(1708,134,163,37,88,8,'2019-06-16 11:17:23'),(1709,148,163,37,85,3,'2019-06-16 11:17:29'),(1710,148,163,37,86,8,'2019-06-16 11:17:29'),(1711,148,163,37,87,8,'2019-06-16 11:17:29'),(1712,148,163,37,88,4,'2019-06-16 11:17:29'),(1713,109,163,37,85,10,'2019-06-16 11:17:29'),(1714,109,163,37,86,10,'2019-06-16 11:17:29'),(1715,109,163,37,87,10,'2019-06-16 11:17:29'),(1716,109,163,37,88,10,'2019-06-16 11:17:29'),(1717,103,163,37,85,8,'2019-06-16 11:17:34'),(1718,103,163,37,86,4,'2019-06-16 11:17:34'),(1719,103,163,37,87,9,'2019-06-16 11:17:34'),(1720,103,163,37,88,3,'2019-06-16 11:17:34'),(1721,100,163,37,85,9,'2019-06-16 11:17:40'),(1722,100,163,37,86,9,'2019-06-16 11:17:40'),(1723,100,163,37,87,9,'2019-06-16 11:17:40'),(1724,100,163,37,88,9,'2019-06-16 11:17:40'),(1725,110,163,37,85,10,'2019-06-16 11:17:43'),(1726,110,163,37,86,10,'2019-06-16 11:17:43'),(1727,110,163,37,87,10,'2019-06-16 11:17:43'),(1728,110,163,37,88,10,'2019-06-16 11:17:43'),(1729,139,163,37,85,4,'2019-06-16 11:17:43'),(1730,139,163,37,86,8,'2019-06-16 11:17:43'),(1731,139,163,37,87,4,'2019-06-16 11:17:43'),(1732,139,163,37,88,5,'2019-06-16 11:17:43'),(1733,111,163,37,85,10,'2019-06-16 11:17:47'),(1734,111,163,37,86,8,'2019-06-16 11:17:47'),(1735,111,163,37,87,6,'2019-06-16 11:17:47'),(1736,111,163,37,88,6,'2019-06-16 11:17:47'),(1737,135,156,37,85,6,'2019-06-16 11:17:47'),(1738,135,156,37,86,6,'2019-06-16 11:17:47'),(1739,135,156,37,87,6,'2019-06-16 11:17:47'),(1740,135,156,37,88,6,'2019-06-16 11:17:47'),(1741,127,163,37,85,9,'2019-06-16 11:18:01'),(1742,127,163,37,86,3,'2019-06-16 11:18:01'),(1743,127,163,37,87,4,'2019-06-16 11:18:01'),(1744,127,163,37,88,8,'2019-06-16 11:18:01'),(1745,129,163,37,85,8,'2019-06-16 11:18:01'),(1746,129,163,37,86,8,'2019-06-16 11:18:01'),(1747,129,163,37,87,8,'2019-06-16 11:18:01'),(1748,129,163,37,88,8,'2019-06-16 11:18:01'),(1749,94,163,37,85,6,'2019-06-16 11:18:06'),(1750,94,163,37,86,9,'2019-06-16 11:18:06'),(1751,94,163,37,87,2,'2019-06-16 11:18:06'),(1752,94,163,37,88,2,'2019-06-16 11:18:06'),(1753,103,143,37,85,7,'2019-06-16 11:18:08'),(1754,103,143,37,86,9,'2019-06-16 11:18:08'),(1755,103,143,37,87,5,'2019-06-16 11:18:08'),(1756,103,143,37,88,6,'2019-06-16 11:18:08'),(1757,139,143,37,85,3,'2019-06-16 11:18:11'),(1758,139,143,37,86,3,'2019-06-16 11:18:11'),(1759,139,143,37,87,2,'2019-06-16 11:18:11'),(1760,139,143,37,88,4,'2019-06-16 11:18:11'),(1761,144,163,37,85,5,'2019-06-16 11:18:42'),(1762,144,163,37,86,8,'2019-06-16 11:18:42'),(1763,144,163,37,87,8,'2019-06-16 11:18:42'),(1764,144,163,37,88,8,'2019-06-16 11:18:42'),(1765,152,163,37,85,8,'2019-06-16 11:18:45'),(1766,152,163,37,86,7,'2019-06-16 11:18:45'),(1767,152,163,37,87,7,'2019-06-16 11:18:45'),(1768,152,163,37,88,10,'2019-06-16 11:18:45'),(1769,151,163,37,85,1,'2019-06-16 11:18:52'),(1770,151,163,37,86,9,'2019-06-16 11:18:52'),(1771,151,163,37,87,6,'2019-06-16 11:18:52'),(1772,151,163,37,88,6,'2019-06-16 11:18:52'),(1773,140,146,37,85,9,'2019-06-16 11:18:59'),(1774,140,146,37,86,10,'2019-06-16 11:18:59'),(1775,140,146,37,87,8,'2019-06-16 11:18:59'),(1776,140,146,37,88,10,'2019-06-16 11:18:59'),(1777,135,152,37,85,3,'2019-06-16 11:19:13'),(1778,135,152,37,86,4,'2019-06-16 11:19:13'),(1779,135,152,37,87,4,'2019-06-16 11:19:13'),(1780,135,152,37,88,6,'2019-06-16 11:19:13'),(1781,140,147,37,85,5,'2019-06-16 11:19:17'),(1782,140,147,37,86,8,'2019-06-16 11:19:17'),(1783,140,147,37,87,4,'2019-06-16 11:19:17'),(1784,140,147,37,88,9,'2019-06-16 11:19:17'),(1785,115,163,37,85,1,'2019-06-16 11:19:44'),(1786,115,163,37,86,1,'2019-06-16 11:19:44'),(1787,115,163,37,87,1,'2019-06-16 11:19:44'),(1788,115,163,37,88,1,'2019-06-16 11:19:44'),(1789,135,145,37,85,5,'2019-06-16 11:19:58'),(1790,135,145,37,86,7,'2019-06-16 11:19:58'),(1791,135,145,37,87,7,'2019-06-16 11:19:58'),(1792,135,145,37,88,3,'2019-06-16 11:19:58'),(1793,102,163,37,85,10,'2019-06-16 11:23:29'),(1794,102,163,37,86,10,'2019-06-16 11:23:29'),(1795,102,163,37,87,10,'2019-06-16 11:23:29'),(1796,102,163,37,88,10,'2019-06-16 11:23:29'),(1797,132,143,37,85,9,'2019-06-16 11:23:57'),(1798,132,143,37,86,8,'2019-06-16 11:23:57'),(1799,132,143,37,87,7,'2019-06-16 11:23:57'),(1800,132,143,37,88,7,'2019-06-16 11:23:57'),(1801,107,143,37,85,8,'2019-06-16 11:24:01'),(1802,107,143,37,86,6,'2019-06-16 11:24:01'),(1803,107,143,37,87,6,'2019-06-16 11:24:01'),(1804,107,143,37,88,8,'2019-06-16 11:24:01'),(1805,128,143,37,85,6,'2019-06-16 11:24:46'),(1806,128,143,37,86,4,'2019-06-16 11:24:46'),(1807,128,143,37,87,4,'2019-06-16 11:24:46'),(1808,128,143,37,88,7,'2019-06-16 11:24:46'),(1809,151,143,37,85,6,'2019-06-16 11:24:47'),(1810,151,143,37,86,5,'2019-06-16 11:24:47'),(1811,151,143,37,87,5,'2019-06-16 11:24:47'),(1812,151,143,37,88,4,'2019-06-16 11:24:47'),(1813,150,143,37,85,4,'2019-06-16 11:24:57'),(1814,150,143,37,86,5,'2019-06-16 11:24:57'),(1815,150,143,37,87,3,'2019-06-16 11:24:57'),(1816,150,143,37,88,7,'2019-06-16 11:24:57'),(1817,94,143,37,85,6,'2019-06-16 11:25:12'),(1818,94,143,37,86,8,'2019-06-16 11:25:12'),(1819,94,143,37,87,7,'2019-06-16 11:25:12'),(1820,94,143,37,88,10,'2019-06-16 11:25:12'),(1821,148,143,37,85,5,'2019-06-16 11:25:18'),(1822,148,143,37,86,4,'2019-06-16 11:25:18'),(1823,148,143,37,87,2,'2019-06-16 11:25:18'),(1824,148,143,37,88,7,'2019-06-16 11:25:18'),(1825,147,143,37,85,7,'2019-06-16 11:25:26'),(1826,147,143,37,86,3,'2019-06-16 11:25:26'),(1827,147,143,37,87,2,'2019-06-16 11:25:26'),(1828,147,143,37,88,4,'2019-06-16 11:25:26'),(1829,133,143,37,85,9,'2019-06-16 11:25:44'),(1830,133,143,37,86,5,'2019-06-16 11:25:44'),(1831,133,143,37,87,8,'2019-06-16 11:25:44'),(1832,133,143,37,88,4,'2019-06-16 11:25:44'),(1833,98,143,37,85,5,'2019-06-16 11:26:20'),(1834,98,143,37,86,5,'2019-06-16 11:26:20'),(1835,98,143,37,87,2,'2019-06-16 11:26:20'),(1836,98,143,37,88,3,'2019-06-16 11:26:20'),(1837,145,143,37,85,1,'2019-06-16 11:26:23'),(1838,145,143,37,86,3,'2019-06-16 11:26:23'),(1839,145,143,37,87,1,'2019-06-16 11:26:23'),(1840,145,143,37,88,1,'2019-06-16 11:26:23'),(1841,152,143,37,85,8,'2019-06-16 11:26:58'),(1842,152,143,37,86,8,'2019-06-16 11:26:58'),(1843,152,143,37,87,6,'2019-06-16 11:26:58'),(1844,152,143,37,88,7,'2019-06-16 11:26:58'),(1845,105,143,37,85,7,'2019-06-16 11:27:30'),(1846,105,143,37,86,2,'2019-06-16 11:27:30'),(1847,105,143,37,87,7,'2019-06-16 11:27:30'),(1848,105,143,37,88,3,'2019-06-16 11:27:30'),(1849,138,143,37,85,2,'2019-06-16 11:27:31'),(1850,138,143,37,86,5,'2019-06-16 11:27:31'),(1851,138,143,37,87,3,'2019-06-16 11:27:31'),(1852,138,143,37,88,1,'2019-06-16 11:27:31'),(1853,115,143,37,85,3,'2019-06-16 11:27:34'),(1854,115,143,37,86,3,'2019-06-16 11:27:34'),(1855,115,143,37,87,3,'2019-06-16 11:27:34'),(1856,115,143,37,88,2,'2019-06-16 11:27:34'),(1857,112,143,37,85,7,'2019-06-16 11:27:36'),(1858,112,143,37,86,6,'2019-06-16 11:27:36'),(1859,112,143,37,87,4,'2019-06-16 11:27:36'),(1860,112,143,37,88,5,'2019-06-16 11:27:36'),(1861,97,143,37,85,9,'2019-06-16 11:27:38'),(1862,97,143,37,86,3,'2019-06-16 11:27:38'),(1863,97,143,37,87,3,'2019-06-16 11:27:38'),(1864,97,143,37,88,3,'2019-06-16 11:27:38'),(1865,93,143,37,85,3,'2019-06-16 11:27:44'),(1866,93,143,37,86,3,'2019-06-16 11:27:44'),(1867,93,143,37,87,2,'2019-06-16 11:27:44'),(1868,93,143,37,88,1,'2019-06-16 11:27:44'),(1869,123,143,37,85,10,'2019-06-16 11:27:46'),(1870,123,143,37,86,7,'2019-06-16 11:27:46'),(1871,123,143,37,87,6,'2019-06-16 11:27:46'),(1872,123,143,37,88,3,'2019-06-16 11:27:46'),(1873,101,143,37,85,5,'2019-06-16 11:27:49'),(1874,101,143,37,86,7,'2019-06-16 11:27:49'),(1875,101,143,37,87,5,'2019-06-16 11:27:49'),(1876,101,143,37,88,5,'2019-06-16 11:27:49'),(1877,100,143,37,85,9,'2019-06-16 11:27:51'),(1878,100,143,37,86,8,'2019-06-16 11:27:51'),(1879,100,143,37,87,9,'2019-06-16 11:27:51'),(1880,100,143,37,88,6,'2019-06-16 11:27:51'),(1881,144,143,37,85,7,'2019-06-16 11:27:58'),(1882,144,143,37,86,6,'2019-06-16 11:27:58'),(1883,144,143,37,87,7,'2019-06-16 11:27:58'),(1884,144,143,37,88,7,'2019-06-16 11:27:58'),(1885,149,143,37,85,2,'2019-06-16 11:28:08'),(1886,149,143,37,86,4,'2019-06-16 11:28:08'),(1887,149,143,37,87,5,'2019-06-16 11:28:08'),(1888,149,143,37,88,4,'2019-06-16 11:28:08'),(1889,102,147,37,85,10,'2019-06-16 11:28:11'),(1890,102,147,37,86,10,'2019-06-16 11:28:11'),(1891,102,147,37,87,10,'2019-06-16 11:28:11'),(1892,102,147,37,88,10,'2019-06-16 11:28:11'),(1893,111,143,37,85,5,'2019-06-16 11:28:12'),(1894,111,143,37,86,5,'2019-06-16 11:28:12'),(1895,111,143,37,87,5,'2019-06-16 11:28:12'),(1896,111,143,37,88,5,'2019-06-16 11:28:12'),(1897,108,143,37,85,9,'2019-06-16 11:28:24'),(1898,108,143,37,86,7,'2019-06-16 11:28:24'),(1899,108,143,37,87,5,'2019-06-16 11:28:24'),(1900,108,143,37,88,5,'2019-06-16 11:28:24'),(1901,135,144,37,85,4,'2019-06-16 11:28:38'),(1902,135,144,37,86,6,'2019-06-16 11:28:38'),(1903,135,144,37,87,6,'2019-06-16 11:28:38'),(1904,135,144,37,88,4,'2019-06-16 11:28:38'),(1905,137,143,37,85,4,'2019-06-16 11:28:42'),(1906,137,143,37,86,5,'2019-06-16 11:28:42'),(1907,137,143,37,87,4,'2019-06-16 11:28:42'),(1908,137,143,37,88,6,'2019-06-16 11:28:42'),(1909,145,144,37,85,1,'2019-06-16 11:28:44'),(1910,145,144,37,86,2,'2019-06-16 11:28:44'),(1911,145,144,37,87,1,'2019-06-16 11:28:44'),(1912,145,144,37,88,1,'2019-06-16 11:28:44'),(1913,129,143,37,85,9,'2019-06-16 11:28:45'),(1914,129,143,37,86,6,'2019-06-16 11:28:45'),(1915,129,143,37,87,10,'2019-06-16 11:28:45'),(1916,129,143,37,88,4,'2019-06-16 11:28:45'),(1917,128,144,37,85,7,'2019-06-16 11:28:50'),(1918,128,144,37,86,7,'2019-06-16 11:28:50'),(1919,128,144,37,87,5,'2019-06-16 11:28:50'),(1920,128,144,37,88,7,'2019-06-16 11:28:50'),(1921,96,143,37,85,7,'2019-06-16 11:28:56'),(1922,96,143,37,86,4,'2019-06-16 11:28:56'),(1923,96,143,37,87,6,'2019-06-16 11:28:56'),(1924,96,143,37,88,5,'2019-06-16 11:28:56'),(1925,151,144,37,85,3,'2019-06-16 11:28:56'),(1926,151,144,37,86,4,'2019-06-16 11:28:56'),(1927,151,144,37,87,4,'2019-06-16 11:28:56'),(1928,151,144,37,88,4,'2019-06-16 11:28:56'),(1929,135,158,37,85,4,'2019-06-16 11:29:03'),(1930,135,158,37,86,7,'2019-06-16 11:29:03'),(1931,135,158,37,87,5,'2019-06-16 11:29:03'),(1932,135,158,37,88,4,'2019-06-16 11:29:03'),(1933,95,163,37,85,10,'2019-06-16 11:29:16'),(1934,95,163,37,86,10,'2019-06-16 11:29:16'),(1935,95,163,37,87,10,'2019-06-16 11:29:16'),(1936,95,163,37,88,10,'2019-06-16 11:29:16'),(1937,132,144,37,85,9,'2019-06-16 11:29:43'),(1938,132,144,37,86,8,'2019-06-16 11:29:43'),(1939,132,144,37,87,8,'2019-06-16 11:29:43'),(1940,132,144,37,88,10,'2019-06-16 11:29:43'),(1941,95,143,37,85,10,'2019-06-16 11:29:45'),(1942,95,143,37,86,10,'2019-06-16 11:29:45'),(1943,95,143,37,87,10,'2019-06-16 11:29:45'),(1944,95,143,37,88,10,'2019-06-16 11:29:45'),(1945,154,143,37,85,6,'2019-06-16 11:30:08'),(1946,154,143,37,86,4,'2019-06-16 11:30:08'),(1947,154,143,37,87,2,'2019-06-16 11:30:08'),(1948,154,143,37,88,4,'2019-06-16 11:30:08'),(1949,95,144,37,85,9,'2019-06-16 11:30:26'),(1950,95,144,37,86,8,'2019-06-16 11:30:26'),(1951,95,144,37,87,8,'2019-06-16 11:30:26'),(1952,95,144,37,88,9,'2019-06-16 11:30:26'),(1953,127,143,37,85,8,'2019-06-16 11:30:35'),(1954,127,143,37,86,5,'2019-06-16 11:30:35'),(1955,127,143,37,87,5,'2019-06-16 11:30:35'),(1956,127,143,37,88,5,'2019-06-16 11:30:35'),(1957,107,144,37,85,7,'2019-06-16 11:30:55'),(1958,107,144,37,86,4,'2019-06-16 11:30:55'),(1959,107,144,37,87,4,'2019-06-16 11:30:55'),(1960,107,144,37,88,3,'2019-06-16 11:30:55'),(1961,138,144,37,85,3,'2019-06-16 11:31:00'),(1962,138,144,37,86,6,'2019-06-16 11:31:00'),(1963,138,144,37,87,4,'2019-06-16 11:31:00'),(1964,138,144,37,88,3,'2019-06-16 11:31:00'),(1965,102,144,37,85,5,'2019-06-16 11:31:08'),(1966,102,144,37,86,5,'2019-06-16 11:31:08'),(1967,102,144,37,87,4,'2019-06-16 11:31:08'),(1968,102,144,37,88,3,'2019-06-16 11:31:08'),(1969,108,144,37,85,10,'2019-06-16 11:31:08'),(1970,108,144,37,86,10,'2019-06-16 11:31:08'),(1971,108,144,37,87,10,'2019-06-16 11:31:08'),(1972,108,144,37,88,10,'2019-06-16 11:31:08'),(1973,142,143,37,85,5,'2019-06-16 11:31:13'),(1974,142,143,37,86,4,'2019-06-16 11:31:13'),(1975,142,143,37,87,1,'2019-06-16 11:31:13'),(1976,142,143,37,88,4,'2019-06-16 11:31:13'),(1977,144,144,37,85,7,'2019-06-16 11:31:15'),(1978,144,144,37,86,7,'2019-06-16 11:31:15'),(1979,144,144,37,87,8,'2019-06-16 11:31:15'),(1980,144,144,37,88,9,'2019-06-16 11:31:15'),(1981,129,144,37,85,9,'2019-06-16 11:31:24'),(1982,129,144,37,86,6,'2019-06-16 11:31:24'),(1983,129,144,37,87,6,'2019-06-16 11:31:24'),(1984,129,144,37,88,10,'2019-06-16 11:31:24'),(1985,105,144,37,85,8,'2019-06-16 11:31:25'),(1986,105,144,37,86,2,'2019-06-16 11:31:25'),(1987,105,144,37,87,5,'2019-06-16 11:31:25'),(1988,105,144,37,88,5,'2019-06-16 11:31:25'),(1989,103,144,37,85,10,'2019-06-16 11:31:37'),(1990,103,144,37,86,10,'2019-06-16 11:31:37'),(1991,103,144,37,87,10,'2019-06-16 11:31:37'),(1992,103,144,37,88,10,'2019-06-16 11:31:37'),(1993,93,144,37,85,3,'2019-06-16 11:31:43'),(1994,93,144,37,86,3,'2019-06-16 11:31:43'),(1995,93,144,37,87,3,'2019-06-16 11:31:43'),(1996,93,144,37,88,3,'2019-06-16 11:31:43'),(1997,123,144,37,85,8,'2019-06-16 11:31:45'),(1998,123,144,37,86,6,'2019-06-16 11:31:45'),(1999,123,144,37,87,7,'2019-06-16 11:31:45'),(2000,123,144,37,88,7,'2019-06-16 11:31:45'),(2001,98,144,37,85,5,'2019-06-16 11:31:55'),(2002,98,144,37,86,3,'2019-06-16 11:31:55'),(2003,98,144,37,87,2,'2019-06-16 11:31:55'),(2004,98,144,37,88,3,'2019-06-16 11:31:55'),(2005,142,144,37,85,5,'2019-06-16 11:31:55'),(2006,142,144,37,86,5,'2019-06-16 11:31:55'),(2007,142,144,37,87,3,'2019-06-16 11:31:55'),(2008,142,144,37,88,7,'2019-06-16 11:31:55'),(2009,152,144,37,85,8,'2019-06-16 11:32:12'),(2010,152,144,37,86,8,'2019-06-16 11:32:12'),(2011,152,144,37,87,7,'2019-06-16 11:32:12'),(2012,152,144,37,88,6,'2019-06-16 11:32:12'),(2013,96,144,37,85,8,'2019-06-16 11:32:57'),(2014,96,144,37,86,7,'2019-06-16 11:32:57'),(2015,96,144,37,87,5,'2019-06-16 11:32:57'),(2016,96,144,37,88,8,'2019-06-16 11:32:57'),(2017,150,144,37,85,5,'2019-06-16 11:33:00'),(2018,150,144,37,86,5,'2019-06-16 11:33:00'),(2019,150,144,37,87,3,'2019-06-16 11:33:00'),(2020,150,144,37,88,3,'2019-06-16 11:33:00'),(2021,120,144,37,85,8,'2019-06-16 11:33:07'),(2022,120,144,37,86,7,'2019-06-16 11:33:07'),(2023,120,144,37,87,10,'2019-06-16 11:33:07'),(2024,120,144,37,88,10,'2019-06-16 11:33:07'),(2025,149,144,37,85,6,'2019-06-16 11:33:09'),(2026,149,144,37,86,1,'2019-06-16 11:33:09'),(2027,149,144,37,87,6,'2019-06-16 11:33:09'),(2028,149,144,37,88,8,'2019-06-16 11:33:09'),(2029,148,144,37,85,10,'2019-06-16 11:33:13'),(2030,148,144,37,86,10,'2019-06-16 11:33:13'),(2031,148,144,37,87,9,'2019-06-16 11:33:13'),(2032,148,144,37,88,9,'2019-06-16 11:33:13'),(2033,147,144,37,85,2,'2019-06-16 11:34:03'),(2034,147,144,37,86,1,'2019-06-16 11:34:03'),(2035,147,144,37,87,1,'2019-06-16 11:34:03'),(2036,147,144,37,88,2,'2019-06-16 11:34:03'),(2037,112,144,37,85,7,'2019-06-16 11:34:07'),(2038,112,144,37,86,4,'2019-06-16 11:34:07'),(2039,112,144,37,87,5,'2019-06-16 11:34:07'),(2040,112,144,37,88,8,'2019-06-16 11:34:07'),(2041,133,144,37,85,7,'2019-06-16 11:34:13'),(2042,133,144,37,86,4,'2019-06-16 11:34:13'),(2043,133,144,37,87,6,'2019-06-16 11:34:13'),(2044,133,144,37,88,10,'2019-06-16 11:34:13'),(2045,154,144,37,85,6,'2019-06-16 11:34:17'),(2046,154,144,37,86,6,'2019-06-16 11:34:17'),(2047,154,144,37,87,1,'2019-06-16 11:34:17'),(2048,154,144,37,88,6,'2019-06-16 11:34:17'),(2049,97,144,37,85,4,'2019-06-16 11:34:19'),(2050,97,144,37,86,2,'2019-06-16 11:34:19'),(2051,97,144,37,87,1,'2019-06-16 11:34:19'),(2052,97,144,37,88,1,'2019-06-16 11:34:19'),(2053,111,144,37,85,3,'2019-06-16 11:34:20'),(2054,111,144,37,86,3,'2019-06-16 11:34:20'),(2055,111,144,37,87,4,'2019-06-16 11:34:20'),(2056,111,144,37,88,3,'2019-06-16 11:34:20'),(2057,100,144,37,85,8,'2019-06-16 11:34:22'),(2058,100,144,37,86,3,'2019-06-16 11:34:22'),(2059,100,144,37,87,6,'2019-06-16 11:34:22'),(2060,100,144,37,88,5,'2019-06-16 11:34:22'),(2061,137,144,37,85,7,'2019-06-16 11:34:31'),(2062,137,144,37,86,7,'2019-06-16 11:34:31'),(2063,137,144,37,87,5,'2019-06-16 11:34:31'),(2064,137,144,37,88,8,'2019-06-16 11:34:31'),(2065,127,144,37,85,10,'2019-06-16 11:34:36'),(2066,127,144,37,86,8,'2019-06-16 11:34:36'),(2067,127,144,37,87,4,'2019-06-16 11:34:36'),(2068,127,144,37,88,8,'2019-06-16 11:34:36'),(2069,115,144,37,85,5,'2019-06-16 11:34:41'),(2070,115,144,37,86,2,'2019-06-16 11:34:41'),(2071,115,144,37,87,2,'2019-06-16 11:34:41'),(2072,115,144,37,88,3,'2019-06-16 11:34:41'),(2073,101,144,37,85,5,'2019-06-16 11:34:47'),(2074,101,144,37,86,5,'2019-06-16 11:34:47'),(2075,101,144,37,87,5,'2019-06-16 11:34:47'),(2076,101,144,37,88,5,'2019-06-16 11:34:47'),(2077,129,145,37,85,10,'2019-06-16 11:35:30'),(2078,129,145,37,86,10,'2019-06-16 11:35:30'),(2079,129,145,37,87,10,'2019-06-16 11:35:30'),(2080,129,145,37,88,8,'2019-06-16 11:35:30'),(2081,142,145,37,85,3,'2019-06-16 11:36:11'),(2082,142,145,37,86,3,'2019-06-16 11:36:11'),(2083,142,145,37,87,3,'2019-06-16 11:36:11'),(2084,142,145,37,88,3,'2019-06-16 11:36:11'),(2085,151,145,37,85,5,'2019-06-16 11:36:23'),(2086,151,145,37,86,5,'2019-06-16 11:36:23'),(2087,151,145,37,87,5,'2019-06-16 11:36:23'),(2088,151,145,37,88,5,'2019-06-16 11:36:23'),(2089,102,145,37,85,3,'2019-06-16 11:37:06'),(2090,102,145,37,86,2,'2019-06-16 11:37:06'),(2091,102,145,37,87,3,'2019-06-16 11:37:06'),(2092,102,145,37,88,3,'2019-06-16 11:37:06'),(2093,126,143,37,85,7,'2019-06-16 11:37:17'),(2094,126,143,37,86,2,'2019-06-16 11:37:17'),(2095,126,143,37,87,4,'2019-06-16 11:37:17'),(2096,126,143,37,88,6,'2019-06-16 11:37:17'),(2097,112,145,37,85,7,'2019-06-16 11:37:30'),(2098,112,145,37,86,6,'2019-06-16 11:37:30'),(2099,112,145,37,87,5,'2019-06-16 11:37:30'),(2100,112,145,37,88,5,'2019-06-16 11:37:30'),(2101,123,145,37,85,6,'2019-06-16 11:37:34'),(2102,123,145,37,86,5,'2019-06-16 11:37:34'),(2103,123,145,37,87,8,'2019-06-16 11:37:34'),(2104,123,145,37,88,4,'2019-06-16 11:37:34'),(2105,134,143,37,85,8,'2019-06-16 11:37:36'),(2106,134,143,37,86,8,'2019-06-16 11:37:36'),(2107,134,143,37,87,7,'2019-06-16 11:37:36'),(2108,134,143,37,88,3,'2019-06-16 11:37:36'),(2109,95,145,37,85,9,'2019-06-16 11:37:46'),(2110,95,145,37,86,9,'2019-06-16 11:37:46'),(2111,95,145,37,87,9,'2019-06-16 11:37:46'),(2112,95,145,37,88,9,'2019-06-16 11:37:46'),(2113,97,145,37,85,1,'2019-06-16 11:37:48'),(2114,97,145,37,86,1,'2019-06-16 11:37:48'),(2115,97,145,37,87,1,'2019-06-16 11:37:48'),(2116,97,145,37,88,1,'2019-06-16 11:37:48'),(2117,96,145,37,85,5,'2019-06-16 11:37:50'),(2118,96,145,37,86,6,'2019-06-16 11:37:50'),(2119,96,145,37,87,4,'2019-06-16 11:37:50'),(2120,96,145,37,88,4,'2019-06-16 11:37:50'),(2121,107,145,37,85,8,'2019-06-16 11:38:01'),(2122,107,145,37,86,6,'2019-06-16 11:38:01'),(2123,107,145,37,87,4,'2019-06-16 11:38:01'),(2124,107,145,37,88,7,'2019-06-16 11:38:01'),(2125,108,145,37,85,5,'2019-06-16 11:38:06'),(2126,108,145,37,86,5,'2019-06-16 11:38:06'),(2127,108,145,37,87,5,'2019-06-16 11:38:06'),(2128,108,145,37,88,5,'2019-06-16 11:38:06'),(2129,145,145,37,85,1,'2019-06-16 11:38:08'),(2130,145,145,37,86,2,'2019-06-16 11:38:08'),(2131,145,145,37,87,1,'2019-06-16 11:38:08'),(2132,145,145,37,88,1,'2019-06-16 11:38:08'),(2133,150,145,37,85,10,'2019-06-16 11:38:16'),(2134,150,145,37,86,8,'2019-06-16 11:38:16'),(2135,150,145,37,87,3,'2019-06-16 11:38:16'),(2136,150,145,37,88,3,'2019-06-16 11:38:16'),(2137,103,145,37,85,1,'2019-06-16 11:38:24'),(2138,103,145,37,86,1,'2019-06-16 11:38:24'),(2139,103,145,37,87,1,'2019-06-16 11:38:24'),(2140,103,145,37,88,1,'2019-06-16 11:38:24'),(2141,126,145,37,85,4,'2019-06-16 11:38:24'),(2142,126,145,37,86,5,'2019-06-16 11:38:24'),(2143,126,145,37,87,2,'2019-06-16 11:38:24'),(2144,126,145,37,88,2,'2019-06-16 11:38:24'),(2145,93,145,37,85,3,'2019-06-16 11:38:36'),(2146,93,145,37,86,2,'2019-06-16 11:38:36'),(2147,93,145,37,87,3,'2019-06-16 11:38:36'),(2148,93,145,37,88,2,'2019-06-16 11:38:36'),(2149,148,145,37,85,1,'2019-06-16 11:38:39'),(2150,148,145,37,86,1,'2019-06-16 11:38:39'),(2151,148,145,37,87,1,'2019-06-16 11:38:39'),(2152,148,145,37,88,1,'2019-06-16 11:38:39'),(2153,98,145,37,85,5,'2019-06-16 11:38:42'),(2154,98,145,37,86,5,'2019-06-16 11:38:42'),(2155,98,145,37,87,5,'2019-06-16 11:38:42'),(2156,98,145,37,88,5,'2019-06-16 11:38:42'),(2157,133,145,37,85,9,'2019-06-16 11:38:44'),(2158,133,145,37,86,6,'2019-06-16 11:38:44'),(2159,133,145,37,87,9,'2019-06-16 11:38:44'),(2160,133,145,37,88,5,'2019-06-16 11:38:44'),(2161,100,145,37,85,9,'2019-06-16 11:39:03'),(2162,100,145,37,86,8,'2019-06-16 11:39:03'),(2163,100,145,37,87,9,'2019-06-16 11:39:03'),(2164,100,145,37,88,4,'2019-06-16 11:39:03'),(2165,147,145,37,85,3,'2019-06-16 11:39:05'),(2166,147,145,37,86,7,'2019-06-16 11:39:05'),(2167,147,145,37,87,1,'2019-06-16 11:39:05'),(2168,147,145,37,88,3,'2019-06-16 11:39:05'),(2169,137,145,37,85,7,'2019-06-16 11:39:06'),(2170,137,145,37,86,8,'2019-06-16 11:39:06'),(2171,137,145,37,87,6,'2019-06-16 11:39:06'),(2172,137,145,37,88,7,'2019-06-16 11:39:06'),(2173,149,145,37,85,7,'2019-06-16 11:39:09'),(2174,149,145,37,86,9,'2019-06-16 11:39:09'),(2175,149,145,37,87,9,'2019-06-16 11:39:09'),(2176,149,145,37,88,5,'2019-06-16 11:39:09'),(2177,138,145,37,85,5,'2019-06-16 11:39:09'),(2178,138,145,37,86,9,'2019-06-16 11:39:09'),(2179,138,145,37,87,4,'2019-06-16 11:39:09'),(2180,138,145,37,88,6,'2019-06-16 11:39:09'),(2181,111,145,37,85,3,'2019-06-16 11:39:11'),(2182,111,145,37,86,4,'2019-06-16 11:39:11'),(2183,111,145,37,87,4,'2019-06-16 11:39:11'),(2184,111,145,37,88,5,'2019-06-16 11:39:11'),(2185,105,145,37,85,9,'2019-06-16 11:39:11'),(2186,105,145,37,86,3,'2019-06-16 11:39:11'),(2187,105,145,37,87,7,'2019-06-16 11:39:11'),(2188,105,145,37,88,2,'2019-06-16 11:39:11'),(2189,115,145,37,85,4,'2019-06-16 11:39:14'),(2190,115,145,37,86,6,'2019-06-16 11:39:14'),(2191,115,145,37,87,3,'2019-06-16 11:39:14'),(2192,115,145,37,88,6,'2019-06-16 11:39:14'),(2193,154,145,37,85,2,'2019-06-16 11:39:20'),(2194,154,145,37,86,1,'2019-06-16 11:39:20'),(2195,154,145,37,87,1,'2019-06-16 11:39:20'),(2196,154,145,37,88,3,'2019-06-16 11:39:20'),(2197,101,145,37,85,5,'2019-06-16 11:39:26'),(2198,101,145,37,86,5,'2019-06-16 11:39:26'),(2199,101,145,37,87,5,'2019-06-16 11:39:26'),(2200,101,145,37,88,5,'2019-06-16 11:39:26'),(2201,144,145,37,85,7,'2019-06-16 11:39:27'),(2202,144,145,37,86,7,'2019-06-16 11:39:27'),(2203,144,145,37,87,7,'2019-06-16 11:39:27'),(2204,144,145,37,88,7,'2019-06-16 11:39:27'),(2205,94,144,37,85,4,'2019-06-16 11:39:29'),(2206,94,144,37,86,6,'2019-06-16 11:39:29'),(2207,94,144,37,87,4,'2019-06-16 11:39:29'),(2208,94,144,37,88,10,'2019-06-16 11:39:29'),(2209,127,145,37,85,10,'2019-06-16 11:39:42'),(2210,127,145,37,86,5,'2019-06-16 11:39:42'),(2211,127,145,37,87,6,'2019-06-16 11:39:42'),(2212,127,145,37,88,6,'2019-06-16 11:39:42'),(2217,94,145,37,85,7,'2019-06-16 11:39:53'),(2218,94,145,37,86,8,'2019-06-16 11:39:53'),(2219,94,145,37,87,4,'2019-06-16 11:39:53'),(2220,94,145,37,88,7,'2019-06-16 11:39:53'),(2221,135,146,37,85,2,'2019-06-16 11:40:57'),(2222,135,146,37,86,5,'2019-06-16 11:40:57'),(2223,135,146,37,87,5,'2019-06-16 11:40:57'),(2224,135,146,37,88,4,'2019-06-16 11:40:57'),(2225,123,146,37,85,9,'2019-06-16 11:40:59'),(2226,123,146,37,86,5,'2019-06-16 11:40:59'),(2227,123,146,37,87,9,'2019-06-16 11:40:59'),(2228,123,146,37,88,3,'2019-06-16 11:40:59'),(2229,102,146,37,85,7,'2019-06-16 11:41:24'),(2230,102,146,37,86,7,'2019-06-16 11:41:24'),(2231,102,146,37,87,9,'2019-06-16 11:41:24'),(2232,102,146,37,88,7,'2019-06-16 11:41:24'),(2233,131,146,37,85,6,'2019-06-16 11:41:31'),(2234,131,146,37,86,2,'2019-06-16 11:41:31'),(2235,131,146,37,87,8,'2019-06-16 11:41:31'),(2236,131,146,37,88,6,'2019-06-16 11:41:31'),(2237,93,146,37,85,2,'2019-06-16 11:41:32'),(2238,93,146,37,86,5,'2019-06-16 11:41:32'),(2239,93,146,37,87,3,'2019-06-16 11:41:32'),(2240,93,146,37,88,2,'2019-06-16 11:41:32'),(2241,129,146,37,85,8,'2019-06-16 11:41:42'),(2242,129,146,37,86,7,'2019-06-16 11:41:42'),(2243,129,146,37,87,7,'2019-06-16 11:41:42'),(2244,129,146,37,88,7,'2019-06-16 11:41:42'),(2245,145,146,37,85,1,'2019-06-16 11:41:43'),(2246,145,146,37,86,1,'2019-06-16 11:41:43'),(2247,145,146,37,87,1,'2019-06-16 11:41:43'),(2248,145,146,37,88,2,'2019-06-16 11:41:43'),(2249,97,146,37,85,3,'2019-06-16 11:41:56'),(2250,97,146,37,86,3,'2019-06-16 11:41:56'),(2251,97,146,37,87,1,'2019-06-16 11:41:56'),(2252,97,146,37,88,1,'2019-06-16 11:41:56'),(2253,131,143,37,85,7,'2019-06-16 11:41:59'),(2254,131,143,37,86,7,'2019-06-16 11:41:59'),(2255,131,143,37,87,9,'2019-06-16 11:41:59'),(2256,131,143,37,88,8,'2019-06-16 11:41:59'),(2257,115,146,37,85,2,'2019-06-16 11:42:01'),(2258,115,146,37,86,3,'2019-06-16 11:42:01'),(2259,115,146,37,87,2,'2019-06-16 11:42:01'),(2260,115,146,37,88,3,'2019-06-16 11:42:01'),(2261,149,146,37,85,6,'2019-06-16 11:42:11'),(2262,149,146,37,86,8,'2019-06-16 11:42:11'),(2263,149,146,37,87,7,'2019-06-16 11:42:11'),(2264,149,146,37,88,7,'2019-06-16 11:42:11'),(2265,144,146,37,85,8,'2019-06-16 11:42:12'),(2266,144,146,37,86,8,'2019-06-16 11:42:12'),(2267,144,146,37,87,8,'2019-06-16 11:42:12'),(2268,144,146,37,88,7,'2019-06-16 11:42:12'),(2269,138,146,37,85,3,'2019-06-16 11:42:12'),(2270,138,146,37,86,5,'2019-06-16 11:42:12'),(2271,138,146,37,87,6,'2019-06-16 11:42:12'),(2272,138,146,37,88,4,'2019-06-16 11:42:12'),(2273,137,146,37,85,8,'2019-06-16 11:42:14'),(2274,137,146,37,86,5,'2019-06-16 11:42:14'),(2275,137,146,37,87,4,'2019-06-16 11:42:14'),(2276,137,146,37,88,3,'2019-06-16 11:42:14'),(2277,150,146,37,85,8,'2019-06-16 11:42:16'),(2278,150,146,37,86,7,'2019-06-16 11:42:16'),(2279,150,146,37,87,3,'2019-06-16 11:42:16'),(2280,150,146,37,88,4,'2019-06-16 11:42:16'),(2281,98,146,37,85,3,'2019-06-16 11:42:17'),(2282,98,146,37,86,3,'2019-06-16 11:42:17'),(2283,98,146,37,87,2,'2019-06-16 11:42:17'),(2284,98,146,37,88,2,'2019-06-16 11:42:17'),(2285,142,146,37,85,5,'2019-06-16 11:42:18'),(2286,142,146,37,86,7,'2019-06-16 11:42:18'),(2287,142,146,37,87,4,'2019-06-16 11:42:18'),(2288,142,146,37,88,5,'2019-06-16 11:42:18'),(2289,95,146,37,85,10,'2019-06-16 11:42:52'),(2290,95,146,37,86,10,'2019-06-16 11:42:52'),(2291,95,146,37,87,10,'2019-06-16 11:42:52'),(2292,95,146,37,88,10,'2019-06-16 11:42:52'),(2293,145,147,37,85,1,'2019-06-16 11:42:53'),(2294,145,147,37,86,1,'2019-06-16 11:42:53'),(2295,145,147,37,87,1,'2019-06-16 11:42:53'),(2296,145,147,37,88,1,'2019-06-16 11:42:53'),(2297,108,146,37,85,8,'2019-06-16 11:43:03'),(2298,108,146,37,86,10,'2019-06-16 11:43:03'),(2299,108,146,37,87,10,'2019-06-16 11:43:03'),(2300,108,146,37,88,10,'2019-06-16 11:43:03'),(2301,132,146,37,85,7,'2019-06-16 11:43:09'),(2302,132,146,37,86,7,'2019-06-16 11:43:09'),(2303,132,146,37,87,7,'2019-06-16 11:43:09'),(2304,132,146,37,88,7,'2019-06-16 11:43:09'),(2305,105,146,37,85,6,'2019-06-16 11:43:11'),(2306,105,146,37,86,1,'2019-06-16 11:43:11'),(2307,105,146,37,87,6,'2019-06-16 11:43:11'),(2308,105,146,37,88,2,'2019-06-16 11:43:11'),(2309,154,146,37,85,7,'2019-06-16 11:43:12'),(2310,154,146,37,86,7,'2019-06-16 11:43:12'),(2311,154,146,37,87,7,'2019-06-16 11:43:12'),(2312,154,146,37,88,5,'2019-06-16 11:43:12'),(2313,107,146,37,85,5,'2019-06-16 11:43:18'),(2314,107,146,37,86,6,'2019-06-16 11:43:18'),(2315,107,146,37,87,6,'2019-06-16 11:43:18'),(2316,107,146,37,88,4,'2019-06-16 11:43:18'),(2317,112,146,37,85,9,'2019-06-16 11:43:22'),(2318,112,146,37,86,9,'2019-06-16 11:43:22'),(2319,112,146,37,87,8,'2019-06-16 11:43:22'),(2320,112,146,37,88,5,'2019-06-16 11:43:22'),(2321,133,146,37,85,8,'2019-06-16 11:43:27'),(2322,133,146,37,86,8,'2019-06-16 11:43:27'),(2323,133,146,37,87,7,'2019-06-16 11:43:27'),(2324,133,146,37,88,4,'2019-06-16 11:43:27'),(2325,107,147,37,85,9,'2019-06-16 11:43:29'),(2326,107,147,37,86,9,'2019-06-16 11:43:29'),(2327,107,147,37,87,9,'2019-06-16 11:43:29'),(2328,107,147,37,88,9,'2019-06-16 11:43:29'),(2329,103,146,37,85,4,'2019-06-16 11:44:04'),(2330,103,146,37,86,3,'2019-06-16 11:44:04'),(2331,103,146,37,87,4,'2019-06-16 11:44:04'),(2332,103,146,37,88,5,'2019-06-16 11:44:04'),(2333,148,146,37,85,6,'2019-06-16 11:44:15'),(2334,148,146,37,86,9,'2019-06-16 11:44:15'),(2335,148,146,37,87,6,'2019-06-16 11:44:15'),(2336,148,146,37,88,7,'2019-06-16 11:44:15'),(2337,128,146,37,85,6,'2019-06-16 11:45:10'),(2338,128,146,37,86,3,'2019-06-16 11:45:10'),(2339,128,146,37,87,4,'2019-06-16 11:45:10'),(2340,128,146,37,88,6,'2019-06-16 11:45:10'),(2341,147,146,37,85,6,'2019-06-16 11:45:42'),(2342,147,146,37,86,5,'2019-06-16 11:45:42'),(2343,147,146,37,87,3,'2019-06-16 11:45:42'),(2344,147,146,37,88,2,'2019-06-16 11:45:42'),(2345,96,146,37,85,5,'2019-06-16 11:45:48'),(2346,96,146,37,86,5,'2019-06-16 11:45:48'),(2347,96,146,37,87,6,'2019-06-16 11:45:48'),(2348,96,146,37,88,5,'2019-06-16 11:45:48'),(2349,120,143,37,85,6,'2019-06-16 11:45:56'),(2350,120,143,37,86,3,'2019-06-16 11:45:56'),(2351,120,143,37,87,3,'2019-06-16 11:45:56'),(2352,120,143,37,88,4,'2019-06-16 11:45:56'),(2353,100,146,37,85,8,'2019-06-16 11:45:58'),(2354,100,146,37,86,8,'2019-06-16 11:45:58'),(2355,100,146,37,87,5,'2019-06-16 11:45:58'),(2356,100,146,37,88,2,'2019-06-16 11:45:58'),(2357,134,145,37,85,8,'2019-06-16 11:46:05'),(2358,134,145,37,86,4,'2019-06-16 11:46:05'),(2359,134,145,37,87,8,'2019-06-16 11:46:05'),(2360,134,145,37,88,3,'2019-06-16 11:46:05'),(2361,94,146,37,85,5,'2019-06-16 11:46:22'),(2362,94,146,37,86,7,'2019-06-16 11:46:22'),(2363,94,146,37,87,1,'2019-06-16 11:46:22'),(2364,94,146,37,88,5,'2019-06-16 11:46:22'),(2365,120,145,37,85,4,'2019-06-16 11:46:24'),(2366,120,145,37,86,4,'2019-06-16 11:46:24'),(2367,120,145,37,87,4,'2019-06-16 11:46:24'),(2368,120,145,37,88,4,'2019-06-16 11:46:24'),(2369,139,144,37,85,5,'2019-06-16 11:46:24'),(2370,139,144,37,86,5,'2019-06-16 11:46:24'),(2371,139,144,37,87,5,'2019-06-16 11:46:24'),(2372,139,144,37,88,5,'2019-06-16 11:46:24'),(2373,139,145,37,85,5,'2019-06-16 11:46:31'),(2374,139,145,37,86,5,'2019-06-16 11:46:31'),(2375,139,145,37,87,7,'2019-06-16 11:46:31'),(2376,139,145,37,88,5,'2019-06-16 11:46:31'),(2377,126,146,37,85,8,'2019-06-16 11:46:38'),(2378,126,146,37,86,2,'2019-06-16 11:46:38'),(2379,126,146,37,87,1,'2019-06-16 11:46:38'),(2380,126,146,37,88,7,'2019-06-16 11:46:38'),(2381,139,146,37,85,10,'2019-06-16 11:46:45'),(2382,139,146,37,86,10,'2019-06-16 11:46:45'),(2383,139,146,37,87,10,'2019-06-16 11:46:45'),(2384,139,146,37,88,10,'2019-06-16 11:46:45'),(2385,93,147,37,85,1,'2019-06-16 11:46:45'),(2386,93,147,37,86,1,'2019-06-16 11:46:45'),(2387,93,147,37,87,1,'2019-06-16 11:46:45'),(2388,93,147,37,88,1,'2019-06-16 11:46:45'),(2389,120,146,37,85,6,'2019-06-16 11:46:48'),(2390,120,146,37,86,5,'2019-06-16 11:46:48'),(2391,120,146,37,87,5,'2019-06-16 11:46:48'),(2392,120,146,37,88,5,'2019-06-16 11:46:48'),(2393,139,147,37,85,5,'2019-06-16 11:47:08'),(2394,139,147,37,86,5,'2019-06-16 11:47:08'),(2395,139,147,37,87,5,'2019-06-16 11:47:08'),(2396,139,147,37,88,5,'2019-06-16 11:47:08'),(2397,139,148,37,85,4,'2019-06-16 11:47:16'),(2398,139,148,37,86,3,'2019-06-16 11:47:16'),(2399,139,148,37,87,5,'2019-06-16 11:47:16'),(2400,139,148,37,88,3,'2019-06-16 11:47:16'),(2401,139,149,37,85,2,'2019-06-16 11:47:25'),(2402,139,149,37,86,4,'2019-06-16 11:47:25'),(2403,139,149,37,87,4,'2019-06-16 11:47:25'),(2404,139,149,37,88,1,'2019-06-16 11:47:25'),(2405,135,147,37,85,5,'2019-06-16 11:47:25'),(2406,135,147,37,86,4,'2019-06-16 11:47:25'),(2407,135,147,37,87,5,'2019-06-16 11:47:25'),(2408,135,147,37,88,3,'2019-06-16 11:47:25'),(2409,101,146,37,85,5,'2019-06-16 11:47:29'),(2410,101,146,37,86,5,'2019-06-16 11:47:29'),(2411,101,146,37,87,5,'2019-06-16 11:47:29'),(2412,101,146,37,88,5,'2019-06-16 11:47:29'),(2413,139,150,37,85,4,'2019-06-16 11:47:32'),(2414,139,150,37,86,1,'2019-06-16 11:47:32'),(2415,139,150,37,87,3,'2019-06-16 11:47:32'),(2416,139,150,37,88,4,'2019-06-16 11:47:32'),(2417,139,151,37,85,2,'2019-06-16 11:47:41'),(2418,139,151,37,86,1,'2019-06-16 11:47:41'),(2419,139,151,37,87,1,'2019-06-16 11:47:41'),(2420,139,151,37,88,1,'2019-06-16 11:47:41'),(2421,139,152,37,85,3,'2019-06-16 11:47:49'),(2422,139,152,37,86,3,'2019-06-16 11:47:49'),(2423,139,152,37,87,3,'2019-06-16 11:47:49'),(2424,139,152,37,88,3,'2019-06-16 11:47:49'),(2425,150,147,37,85,7,'2019-06-16 11:47:50'),(2426,150,147,37,86,7,'2019-06-16 11:47:50'),(2427,150,147,37,87,6,'2019-06-16 11:47:50'),(2428,150,147,37,88,3,'2019-06-16 11:47:50'),(2429,139,153,37,85,3,'2019-06-16 11:47:59'),(2430,139,153,37,86,1,'2019-06-16 11:47:59'),(2431,139,153,37,87,2,'2019-06-16 11:47:59'),(2432,139,153,37,88,3,'2019-06-16 11:47:59'),(2433,139,154,37,85,2,'2019-06-16 11:48:05'),(2434,139,154,37,86,2,'2019-06-16 11:48:05'),(2435,139,154,37,87,3,'2019-06-16 11:48:05'),(2436,139,154,37,88,2,'2019-06-16 11:48:05'),(2441,152,145,37,85,8,'2019-06-16 11:48:07'),(2442,152,145,37,86,9,'2019-06-16 11:48:07'),(2443,152,145,37,87,6,'2019-06-16 11:48:07'),(2444,152,145,37,88,7,'2019-06-16 11:48:07'),(2445,123,147,37,85,6,'2019-06-16 11:48:17'),(2446,123,147,37,86,7,'2019-06-16 11:48:17'),(2447,123,147,37,87,8,'2019-06-16 11:48:17'),(2448,123,147,37,88,6,'2019-06-16 11:48:17'),(2449,151,147,37,85,10,'2019-06-16 11:48:29'),(2450,151,147,37,86,10,'2019-06-16 11:48:29'),(2451,151,147,37,87,10,'2019-06-16 11:48:29'),(2452,151,147,37,88,10,'2019-06-16 11:48:29'),(2457,139,155,37,85,3,'2019-06-16 11:48:40'),(2458,139,155,37,86,2,'2019-06-16 11:48:40'),(2459,139,155,37,87,2,'2019-06-16 11:48:40'),(2460,139,155,37,88,1,'2019-06-16 11:48:40'),(2461,139,156,37,85,1,'2019-06-16 11:48:46'),(2462,139,156,37,86,2,'2019-06-16 11:48:46'),(2463,139,156,37,87,2,'2019-06-16 11:48:46'),(2464,139,156,37,88,3,'2019-06-16 11:48:46'),(2465,139,158,37,85,3,'2019-06-16 11:48:54'),(2466,139,158,37,86,2,'2019-06-16 11:48:54'),(2467,139,158,37,87,3,'2019-06-16 11:48:54'),(2468,139,158,37,88,1,'2019-06-16 11:48:54'),(2469,121,144,37,85,1,'2019-06-16 11:48:59'),(2470,121,144,37,86,1,'2019-06-16 11:48:59'),(2471,121,144,37,87,1,'2019-06-16 11:48:59'),(2472,121,144,37,88,1,'2019-06-16 11:48:59'),(2473,129,147,37,85,10,'2019-06-16 11:49:01'),(2474,129,147,37,86,10,'2019-06-16 11:49:01'),(2475,129,147,37,87,10,'2019-06-16 11:49:01'),(2476,129,147,37,88,8,'2019-06-16 11:49:01'),(2477,139,159,37,85,1,'2019-06-16 11:49:02'),(2478,139,159,37,86,2,'2019-06-16 11:49:02'),(2479,139,159,37,87,5,'2019-06-16 11:49:02'),(2480,139,159,37,88,5,'2019-06-16 11:49:02'),(2481,121,145,37,85,1,'2019-06-16 11:49:06'),(2482,121,145,37,86,1,'2019-06-16 11:49:06'),(2483,121,145,37,87,1,'2019-06-16 11:49:06'),(2484,121,145,37,88,1,'2019-06-16 11:49:06'),(2485,95,147,37,85,9,'2019-06-16 11:49:08'),(2486,95,147,37,86,9,'2019-06-16 11:49:08'),(2487,95,147,37,87,9,'2019-06-16 11:49:08'),(2488,95,147,37,88,9,'2019-06-16 11:49:08'),(2489,121,146,37,85,1,'2019-06-16 11:49:11'),(2490,121,146,37,86,1,'2019-06-16 11:49:11'),(2491,121,146,37,87,1,'2019-06-16 11:49:11'),(2492,121,146,37,88,1,'2019-06-16 11:49:11'),(2493,103,147,37,85,2,'2019-06-16 11:49:12'),(2494,103,147,37,86,2,'2019-06-16 11:49:12'),(2495,103,147,37,87,2,'2019-06-16 11:49:12'),(2496,103,147,37,88,2,'2019-06-16 11:49:12'),(2497,139,160,37,85,1,'2019-06-16 11:49:13'),(2498,139,160,37,86,3,'2019-06-16 11:49:13'),(2499,139,160,37,87,1,'2019-06-16 11:49:13'),(2500,139,160,37,88,4,'2019-06-16 11:49:13'),(2501,111,146,37,85,3,'2019-06-16 11:49:14'),(2502,111,146,37,86,3,'2019-06-16 11:49:14'),(2503,111,146,37,87,5,'2019-06-16 11:49:14'),(2504,111,146,37,88,3,'2019-06-16 11:49:14'),(2505,138,147,37,85,8,'2019-06-16 11:49:15'),(2506,138,147,37,86,4,'2019-06-16 11:49:15'),(2507,138,147,37,87,7,'2019-06-16 11:49:15'),(2508,138,147,37,88,2,'2019-06-16 11:49:15'),(2509,139,161,37,85,2,'2019-06-16 11:49:19'),(2510,139,161,37,86,5,'2019-06-16 11:49:19'),(2511,139,161,37,87,2,'2019-06-16 11:49:19'),(2512,139,161,37,88,3,'2019-06-16 11:49:19'),(2513,116,144,37,85,4,'2019-06-16 11:49:20'),(2514,116,144,37,86,4,'2019-06-16 11:49:20'),(2515,116,144,37,87,5,'2019-06-16 11:49:20'),(2516,116,144,37,88,4,'2019-06-16 11:49:20'),(2517,98,147,37,85,3,'2019-06-16 11:49:23'),(2518,98,147,37,86,3,'2019-06-16 11:49:23'),(2519,98,147,37,87,3,'2019-06-16 11:49:23'),(2520,98,147,37,88,3,'2019-06-16 11:49:23'),(2521,139,162,37,85,2,'2019-06-16 11:49:25'),(2522,139,162,37,86,3,'2019-06-16 11:49:25'),(2523,139,162,37,87,3,'2019-06-16 11:49:25'),(2524,139,162,37,88,2,'2019-06-16 11:49:25'),(2525,94,147,37,85,8,'2019-06-16 11:49:27'),(2526,94,147,37,86,8,'2019-06-16 11:49:27'),(2527,94,147,37,87,8,'2019-06-16 11:49:27'),(2528,94,147,37,88,8,'2019-06-16 11:49:27'),(2529,149,147,37,85,6,'2019-06-16 11:49:47'),(2530,149,147,37,86,6,'2019-06-16 11:49:47'),(2531,149,147,37,87,9,'2019-06-16 11:49:47'),(2532,149,147,37,88,6,'2019-06-16 11:49:47'),(2533,116,145,37,85,7,'2019-06-16 11:49:47'),(2534,116,145,37,86,6,'2019-06-16 11:49:47'),(2535,116,145,37,87,2,'2019-06-16 11:49:47'),(2536,116,145,37,88,7,'2019-06-16 11:49:47'),(2537,148,147,37,85,4,'2019-06-16 11:49:51'),(2538,148,147,37,86,6,'2019-06-16 11:49:51'),(2539,148,147,37,87,3,'2019-06-16 11:49:51'),(2540,148,147,37,88,6,'2019-06-16 11:49:51'),(2541,128,147,37,85,5,'2019-06-16 11:49:53'),(2542,128,147,37,86,2,'2019-06-16 11:49:53'),(2543,128,147,37,87,4,'2019-06-16 11:49:53'),(2544,128,147,37,88,2,'2019-06-16 11:49:53'),(2545,108,147,37,85,5,'2019-06-16 11:49:56'),(2546,108,147,37,86,5,'2019-06-16 11:49:56'),(2547,108,147,37,87,5,'2019-06-16 11:49:56'),(2548,108,147,37,88,5,'2019-06-16 11:49:56'),(2549,115,147,37,85,3,'2019-06-16 11:50:12'),(2550,115,147,37,86,2,'2019-06-16 11:50:12'),(2551,115,147,37,87,2,'2019-06-16 11:50:12'),(2552,115,147,37,88,5,'2019-06-16 11:50:12'),(2553,100,147,37,85,5,'2019-06-16 11:50:27'),(2554,100,147,37,86,5,'2019-06-16 11:50:27'),(2555,100,147,37,87,4,'2019-06-16 11:50:27'),(2556,100,147,37,88,4,'2019-06-16 11:50:27'),(2557,97,147,37,85,4,'2019-06-16 11:50:32'),(2558,97,147,37,86,3,'2019-06-16 11:50:32'),(2559,97,147,37,87,2,'2019-06-16 11:50:32'),(2560,97,147,37,88,2,'2019-06-16 11:50:32'),(2561,132,147,37,85,6,'2019-06-16 11:50:57'),(2562,132,147,37,86,5,'2019-06-16 11:50:57'),(2563,132,147,37,87,5,'2019-06-16 11:50:57'),(2564,132,147,37,88,5,'2019-06-16 11:50:57'),(2565,96,147,37,85,4,'2019-06-16 11:51:06'),(2566,96,147,37,86,5,'2019-06-16 11:51:06'),(2567,96,147,37,87,3,'2019-06-16 11:51:06'),(2568,96,147,37,88,4,'2019-06-16 11:51:06'),(2569,134,146,37,85,6,'2019-06-16 11:51:12'),(2570,134,146,37,86,7,'2019-06-16 11:51:12'),(2571,134,146,37,87,7,'2019-06-16 11:51:12'),(2572,134,146,37,88,8,'2019-06-16 11:51:12'),(2573,136,147,37,85,6,'2019-06-16 11:51:22'),(2574,136,147,37,86,5,'2019-06-16 11:51:22'),(2575,136,147,37,87,5,'2019-06-16 11:51:22'),(2576,136,147,37,88,5,'2019-06-16 11:51:22'),(2577,147,147,37,85,3,'2019-06-16 11:51:24'),(2578,147,147,37,86,7,'2019-06-16 11:51:24'),(2579,147,147,37,87,2,'2019-06-16 11:51:24'),(2580,147,147,37,88,4,'2019-06-16 11:51:24'),(2581,133,147,37,85,5,'2019-06-16 11:51:27'),(2582,133,147,37,86,6,'2019-06-16 11:51:27'),(2583,133,147,37,87,6,'2019-06-16 11:51:27'),(2584,133,147,37,88,6,'2019-06-16 11:51:27'),(2585,110,143,37,85,8,'2019-06-16 11:51:28'),(2586,110,143,37,86,8,'2019-06-16 11:51:28'),(2587,110,143,37,87,8,'2019-06-16 11:51:28'),(2588,110,143,37,88,9,'2019-06-16 11:51:28'),(2589,116,146,37,85,9,'2019-06-16 11:51:37'),(2590,116,146,37,86,7,'2019-06-16 11:51:37'),(2591,116,146,37,87,4,'2019-06-16 11:51:37'),(2592,116,146,37,88,5,'2019-06-16 11:51:37'),(2593,110,144,37,85,9,'2019-06-16 11:51:47'),(2594,110,144,37,86,8,'2019-06-16 11:51:47'),(2595,110,144,37,87,7,'2019-06-16 11:51:47'),(2596,110,144,37,88,9,'2019-06-16 11:51:47'),(2597,113,143,37,85,9,'2019-06-16 11:51:49'),(2598,113,143,37,86,5,'2019-06-16 11:51:49'),(2599,113,143,37,87,3,'2019-06-16 11:51:49'),(2600,113,143,37,88,5,'2019-06-16 11:51:49'),(2601,154,147,37,85,5,'2019-06-16 11:52:06'),(2602,154,147,37,86,2,'2019-06-16 11:52:06'),(2603,154,147,37,87,1,'2019-06-16 11:52:06'),(2604,154,147,37,88,5,'2019-06-16 11:52:06'),(2605,105,147,37,85,5,'2019-06-16 11:52:10'),(2606,105,147,37,86,7,'2019-06-16 11:52:10'),(2607,105,147,37,87,3,'2019-06-16 11:52:10'),(2608,105,147,37,88,3,'2019-06-16 11:52:10'),(2609,110,145,37,85,6,'2019-06-16 11:52:13'),(2610,110,145,37,86,6,'2019-06-16 11:52:13'),(2611,110,145,37,87,5,'2019-06-16 11:52:13'),(2612,110,145,37,88,7,'2019-06-16 11:52:13'),(2613,113,144,37,85,10,'2019-06-16 11:52:17'),(2614,113,144,37,86,8,'2019-06-16 11:52:17'),(2615,113,144,37,87,5,'2019-06-16 11:52:17'),(2616,113,144,37,88,8,'2019-06-16 11:52:17'),(2617,110,146,37,85,7,'2019-06-16 11:52:23'),(2618,110,146,37,86,5,'2019-06-16 11:52:23'),(2619,110,146,37,87,5,'2019-06-16 11:52:23'),(2620,110,146,37,88,6,'2019-06-16 11:52:23'),(2621,111,147,37,85,6,'2019-06-16 11:52:32'),(2622,111,147,37,86,8,'2019-06-16 11:52:32'),(2623,111,147,37,87,7,'2019-06-16 11:52:32'),(2624,111,147,37,88,7,'2019-06-16 11:52:32'),(2625,95,148,37,85,10,'2019-06-16 11:52:34'),(2626,95,148,37,86,10,'2019-06-16 11:52:34'),(2627,95,148,37,87,10,'2019-06-16 11:52:34'),(2628,95,148,37,88,10,'2019-06-16 11:52:34'),(2629,112,147,37,85,8,'2019-06-16 11:52:36'),(2630,112,147,37,86,4,'2019-06-16 11:52:36'),(2631,112,147,37,87,6,'2019-06-16 11:52:36'),(2632,112,147,37,88,7,'2019-06-16 11:52:36'),(2633,110,147,37,85,10,'2019-06-16 11:52:36'),(2634,110,147,37,86,10,'2019-06-16 11:52:36'),(2635,110,147,37,87,10,'2019-06-16 11:52:36'),(2636,110,147,37,88,10,'2019-06-16 11:52:36'),(2637,137,147,37,85,7,'2019-06-16 11:52:40'),(2638,137,147,37,86,5,'2019-06-16 11:52:40'),(2639,137,147,37,87,8,'2019-06-16 11:52:40'),(2640,137,147,37,88,4,'2019-06-16 11:52:40'),(2641,116,147,37,85,6,'2019-06-16 11:52:58'),(2642,116,147,37,86,7,'2019-06-16 11:52:58'),(2643,116,147,37,87,3,'2019-06-16 11:52:58'),(2644,116,147,37,88,5,'2019-06-16 11:52:58'),(2645,126,147,37,85,3,'2019-06-16 11:53:00'),(2646,126,147,37,86,3,'2019-06-16 11:53:00'),(2647,126,147,37,87,4,'2019-06-16 11:53:00'),(2648,126,147,37,88,3,'2019-06-16 11:53:00'),(2649,113,145,37,85,5,'2019-06-16 11:53:01'),(2650,113,145,37,86,3,'2019-06-16 11:53:01'),(2651,113,145,37,87,3,'2019-06-16 11:53:01'),(2652,113,145,37,88,5,'2019-06-16 11:53:01'),(2653,101,147,37,85,6,'2019-06-16 11:53:09'),(2654,101,147,37,86,5,'2019-06-16 11:53:09'),(2655,101,147,37,87,5,'2019-06-16 11:53:09'),(2656,101,147,37,88,5,'2019-06-16 11:53:09'),(2657,127,146,37,85,10,'2019-06-16 11:53:59'),(2658,127,146,37,86,8,'2019-06-16 11:53:59'),(2659,127,146,37,87,10,'2019-06-16 11:53:59'),(2660,127,146,37,88,10,'2019-06-16 11:53:59'),(2661,145,148,37,85,1,'2019-06-16 11:54:04'),(2662,145,148,37,86,1,'2019-06-16 11:54:04'),(2663,145,148,37,87,1,'2019-06-16 11:54:04'),(2664,145,148,37,88,1,'2019-06-16 11:54:04'),(2665,113,147,37,85,4,'2019-06-16 11:54:16'),(2666,113,147,37,86,6,'2019-06-16 11:54:16'),(2667,113,147,37,87,5,'2019-06-16 11:54:16'),(2668,113,147,37,88,6,'2019-06-16 11:54:16'),(2669,152,147,37,85,8,'2019-06-16 11:54:34'),(2670,152,147,37,86,8,'2019-06-16 11:54:34'),(2671,152,147,37,87,8,'2019-06-16 11:54:34'),(2672,152,147,37,88,7,'2019-06-16 11:54:34'),(2673,129,148,37,85,10,'2019-06-16 11:54:37'),(2674,129,148,37,86,6,'2019-06-16 11:54:37'),(2675,129,148,37,87,7,'2019-06-16 11:54:37'),(2676,129,148,37,88,6,'2019-06-16 11:54:37'),(2677,98,148,37,85,3,'2019-06-16 11:54:37'),(2678,98,148,37,86,3,'2019-06-16 11:54:37'),(2679,98,148,37,87,3,'2019-06-16 11:54:37'),(2680,98,148,37,88,4,'2019-06-16 11:54:37'),(2681,102,148,37,85,2,'2019-06-16 11:54:55'),(2682,102,148,37,86,3,'2019-06-16 11:54:55'),(2683,102,148,37,87,2,'2019-06-16 11:54:55'),(2684,102,148,37,88,2,'2019-06-16 11:54:55'),(2685,144,148,37,85,8,'2019-06-16 11:55:21'),(2686,144,148,37,86,8,'2019-06-16 11:55:21'),(2687,144,148,37,87,8,'2019-06-16 11:55:21'),(2688,144,148,37,88,8,'2019-06-16 11:55:21'),(2689,107,148,37,85,6,'2019-06-16 11:55:26'),(2690,107,148,37,86,4,'2019-06-16 11:55:26'),(2691,107,148,37,87,5,'2019-06-16 11:55:26'),(2692,107,148,37,88,6,'2019-06-16 11:55:26'),(2693,152,148,37,85,8,'2019-06-16 11:55:28'),(2694,152,148,37,86,6,'2019-06-16 11:55:28'),(2695,152,148,37,87,6,'2019-06-16 11:55:28'),(2696,152,148,37,88,7,'2019-06-16 11:55:28'),(2697,115,148,37,85,3,'2019-06-16 11:55:29'),(2698,115,148,37,86,3,'2019-06-16 11:55:29'),(2699,115,148,37,87,3,'2019-06-16 11:55:29'),(2700,115,148,37,88,4,'2019-06-16 11:55:29'),(2701,138,148,37,85,4,'2019-06-16 11:55:40'),(2702,138,148,37,86,3,'2019-06-16 11:55:40'),(2703,138,148,37,87,3,'2019-06-16 11:55:40'),(2704,138,148,37,88,2,'2019-06-16 11:55:40'),(2705,93,148,37,85,5,'2019-06-16 11:55:40'),(2706,93,148,37,86,5,'2019-06-16 11:55:40'),(2707,93,148,37,87,5,'2019-06-16 11:55:40'),(2708,93,148,37,88,5,'2019-06-16 11:55:40'),(2709,97,148,37,85,8,'2019-06-16 11:55:44'),(2710,97,148,37,86,5,'2019-06-16 11:55:44'),(2711,97,148,37,87,4,'2019-06-16 11:55:44'),(2712,97,148,37,88,4,'2019-06-16 11:55:44'),(2713,103,148,37,85,7,'2019-06-16 11:55:54'),(2714,103,148,37,86,7,'2019-06-16 11:55:54'),(2715,103,148,37,87,7,'2019-06-16 11:55:54'),(2716,103,148,37,88,7,'2019-06-16 11:55:54'),(2717,123,148,37,85,7,'2019-06-16 11:56:01'),(2718,123,148,37,86,4,'2019-06-16 11:56:01'),(2719,123,148,37,87,7,'2019-06-16 11:56:01'),(2720,123,148,37,88,5,'2019-06-16 11:56:01'),(2721,134,147,37,85,7,'2019-06-16 11:56:15'),(2722,134,147,37,86,8,'2019-06-16 11:56:15'),(2723,134,147,37,87,8,'2019-06-16 11:56:15'),(2724,134,147,37,88,7,'2019-06-16 11:56:15'),(2725,131,148,37,85,2,'2019-06-16 11:56:17'),(2726,131,148,37,86,6,'2019-06-16 11:56:17'),(2727,131,148,37,87,3,'2019-06-16 11:56:17'),(2728,131,148,37,88,4,'2019-06-16 11:56:17'),(2729,96,148,37,85,7,'2019-06-16 11:56:22'),(2730,96,148,37,86,6,'2019-06-16 11:56:22'),(2731,96,148,37,87,6,'2019-06-16 11:56:22'),(2732,96,148,37,88,5,'2019-06-16 11:56:22'),(2733,134,148,37,85,5,'2019-06-16 11:56:31'),(2734,134,148,37,86,5,'2019-06-16 11:56:31'),(2735,134,148,37,87,5,'2019-06-16 11:56:31'),(2736,134,148,37,88,5,'2019-06-16 11:56:31'),(2737,151,148,37,85,4,'2019-06-16 11:56:31'),(2738,151,148,37,86,4,'2019-06-16 11:56:31'),(2739,151,148,37,87,5,'2019-06-16 11:56:31'),(2740,151,148,37,88,4,'2019-06-16 11:56:31'),(2741,147,148,37,85,4,'2019-06-16 11:56:48'),(2742,147,148,37,86,5,'2019-06-16 11:56:48'),(2743,147,148,37,87,3,'2019-06-16 11:56:48'),(2744,147,148,37,88,1,'2019-06-16 11:56:48'),(2745,133,148,37,85,8,'2019-06-16 11:56:51'),(2746,133,148,37,86,5,'2019-06-16 11:56:51'),(2747,133,148,37,87,5,'2019-06-16 11:56:51'),(2748,133,148,37,88,5,'2019-06-16 11:56:51'),(2749,148,148,37,85,5,'2019-06-16 11:57:00'),(2750,148,148,37,86,8,'2019-06-16 11:57:00'),(2751,148,148,37,87,5,'2019-06-16 11:57:00'),(2752,148,148,37,88,6,'2019-06-16 11:57:00'),(2753,101,148,37,85,5,'2019-06-16 11:57:12'),(2754,101,148,37,86,5,'2019-06-16 11:57:12'),(2755,101,148,37,87,5,'2019-06-16 11:57:12'),(2756,101,148,37,88,5,'2019-06-16 11:57:12'),(2757,100,148,37,85,8,'2019-06-16 11:57:31'),(2758,100,148,37,86,4,'2019-06-16 11:57:31'),(2759,100,148,37,87,7,'2019-06-16 11:57:31'),(2760,100,148,37,88,1,'2019-06-16 11:57:31'),(2761,128,148,37,85,6,'2019-06-16 11:57:35'),(2762,128,148,37,86,2,'2019-06-16 11:57:35'),(2763,128,148,37,87,4,'2019-06-16 11:57:35'),(2764,128,148,37,88,4,'2019-06-16 11:57:35'),(2765,120,147,37,85,7,'2019-06-16 11:57:52'),(2766,120,147,37,86,5,'2019-06-16 11:57:52'),(2767,120,147,37,87,5,'2019-06-16 11:57:52'),(2768,120,147,37,88,5,'2019-06-16 11:57:52'),(2769,105,148,37,85,7,'2019-06-16 11:57:58'),(2770,105,148,37,86,9,'2019-06-16 11:57:58'),(2771,105,148,37,87,1,'2019-06-16 11:57:58'),(2772,105,148,37,88,4,'2019-06-16 11:57:58'),(2773,142,147,37,85,5,'2019-06-16 11:58:28'),(2774,142,147,37,86,7,'2019-06-16 11:58:28'),(2775,142,147,37,87,7,'2019-06-16 11:58:28'),(2776,142,147,37,88,3,'2019-06-16 11:58:28'),(2777,137,148,37,85,2,'2019-06-16 11:58:29'),(2778,137,148,37,86,5,'2019-06-16 11:58:29'),(2779,137,148,37,87,5,'2019-06-16 11:58:29'),(2780,137,148,37,88,5,'2019-06-16 11:58:29'),(2781,95,149,37,85,9,'2019-06-16 11:58:31'),(2782,95,149,37,86,9,'2019-06-16 11:58:31'),(2783,95,149,37,87,9,'2019-06-16 11:58:31'),(2784,95,149,37,88,9,'2019-06-16 11:58:31'),(2785,108,148,37,85,5,'2019-06-16 11:58:33'),(2786,108,148,37,86,7,'2019-06-16 11:58:33'),(2787,108,148,37,87,5,'2019-06-16 11:58:33'),(2788,108,148,37,88,8,'2019-06-16 11:58:33'),(2789,112,148,37,85,2,'2019-06-16 11:58:33'),(2790,112,148,37,86,6,'2019-06-16 11:58:33'),(2791,112,148,37,87,3,'2019-06-16 11:58:33'),(2792,112,148,37,88,5,'2019-06-16 11:58:33'),(2793,97,149,37,85,1,'2019-06-16 11:58:35'),(2794,97,149,37,86,1,'2019-06-16 11:58:35'),(2795,97,149,37,87,1,'2019-06-16 11:58:35'),(2796,97,149,37,88,1,'2019-06-16 11:58:35'),(2797,113,148,37,85,8,'2019-06-16 11:58:40'),(2798,113,148,37,86,7,'2019-06-16 11:58:40'),(2799,113,148,37,87,5,'2019-06-16 11:58:40'),(2800,113,148,37,88,9,'2019-06-16 11:58:40'),(2801,154,148,37,85,6,'2019-06-16 11:58:44'),(2802,154,148,37,86,5,'2019-06-16 11:58:44'),(2803,154,148,37,87,5,'2019-06-16 11:58:44'),(2804,154,148,37,88,5,'2019-06-16 11:58:44'),(2805,116,148,37,85,4,'2019-06-16 11:58:46'),(2806,116,148,37,86,3,'2019-06-16 11:58:46'),(2807,116,148,37,87,4,'2019-06-16 11:58:46'),(2808,116,148,37,88,5,'2019-06-16 11:58:46'),(2809,142,148,37,85,6,'2019-06-16 11:58:53'),(2810,142,148,37,86,3,'2019-06-16 11:58:53'),(2811,142,148,37,87,3,'2019-06-16 11:58:53'),(2812,142,148,37,88,3,'2019-06-16 11:58:53'),(2813,136,148,37,85,3,'2019-06-16 11:58:54'),(2814,136,148,37,86,3,'2019-06-16 11:58:54'),(2815,136,148,37,87,3,'2019-06-16 11:58:54'),(2816,136,148,37,88,1,'2019-06-16 11:58:54'),(2817,126,148,37,85,7,'2019-06-16 11:58:59'),(2818,126,148,37,86,1,'2019-06-16 11:58:59'),(2819,126,148,37,87,3,'2019-06-16 11:58:59'),(2820,126,148,37,88,6,'2019-06-16 11:58:59'),(2821,132,148,37,85,4,'2019-06-16 11:59:28'),(2822,132,148,37,86,5,'2019-06-16 11:59:28'),(2823,132,148,37,87,4,'2019-06-16 11:59:28'),(2824,132,148,37,88,4,'2019-06-16 11:59:28'),(2825,97,151,37,85,10,'2019-06-16 11:59:28'),(2826,97,151,37,86,10,'2019-06-16 11:59:28'),(2827,97,151,37,87,10,'2019-06-16 11:59:28'),(2828,97,151,37,88,10,'2019-06-16 11:59:28'),(2829,101,149,37,85,5,'2019-06-16 11:59:30'),(2830,101,149,37,86,5,'2019-06-16 11:59:30'),(2831,101,149,37,87,5,'2019-06-16 11:59:30'),(2832,101,149,37,88,5,'2019-06-16 11:59:30'),(2833,127,148,37,85,9,'2019-06-16 11:59:40'),(2834,127,148,37,86,7,'2019-06-16 11:59:40'),(2835,127,148,37,87,8,'2019-06-16 11:59:40'),(2836,127,148,37,88,7,'2019-06-16 11:59:40'),(2837,144,149,37,85,8,'2019-06-16 11:59:58'),(2838,144,149,37,86,9,'2019-06-16 11:59:58'),(2839,144,149,37,87,6,'2019-06-16 11:59:58'),(2840,144,149,37,88,5,'2019-06-16 11:59:58'),(2841,151,149,37,85,5,'2019-06-16 12:00:15'),(2842,151,149,37,86,4,'2019-06-16 12:00:15'),(2843,151,149,37,87,4,'2019-06-16 12:00:15'),(2844,151,149,37,88,5,'2019-06-16 12:00:15'),(2845,111,148,37,85,2,'2019-06-16 12:00:31'),(2846,111,148,37,86,3,'2019-06-16 12:00:31'),(2847,111,148,37,87,4,'2019-06-16 12:00:31'),(2848,111,148,37,88,6,'2019-06-16 12:00:31'),(2849,145,149,37,85,1,'2019-06-16 12:00:32'),(2850,145,149,37,86,1,'2019-06-16 12:00:32'),(2851,145,149,37,87,1,'2019-06-16 12:00:32'),(2852,145,149,37,88,1,'2019-06-16 12:00:32'),(2853,93,149,37,85,1,'2019-06-16 12:00:55'),(2854,93,149,37,86,2,'2019-06-16 12:00:55'),(2855,93,149,37,87,1,'2019-06-16 12:00:55'),(2856,93,149,37,88,1,'2019-06-16 12:00:55'),(2857,142,149,37,85,6,'2019-06-16 12:00:58'),(2858,142,149,37,86,6,'2019-06-16 12:00:58'),(2859,142,149,37,87,6,'2019-06-16 12:00:58'),(2860,142,149,37,88,5,'2019-06-16 12:00:58'),(2861,115,149,37,85,3,'2019-06-16 12:01:00'),(2862,115,149,37,86,4,'2019-06-16 12:01:00'),(2863,115,149,37,87,3,'2019-06-16 12:01:00'),(2864,115,149,37,88,5,'2019-06-16 12:01:00'),(2865,132,149,37,85,5,'2019-06-16 12:01:11'),(2866,132,149,37,86,6,'2019-06-16 12:01:11'),(2867,132,149,37,87,6,'2019-06-16 12:01:11'),(2868,132,149,37,88,6,'2019-06-16 12:01:11'),(2869,123,149,37,85,7,'2019-06-16 12:01:20'),(2870,123,149,37,86,4,'2019-06-16 12:01:20'),(2871,123,149,37,87,7,'2019-06-16 12:01:20'),(2872,123,149,37,88,3,'2019-06-16 12:01:20'),(2873,98,149,37,85,3,'2019-06-16 12:01:50'),(2874,98,149,37,86,3,'2019-06-16 12:01:50'),(2875,98,149,37,87,3,'2019-06-16 12:01:50'),(2876,98,149,37,88,4,'2019-06-16 12:01:50'),(2877,107,149,37,85,6,'2019-06-16 12:01:57'),(2878,107,149,37,86,7,'2019-06-16 12:01:57'),(2879,107,149,37,87,7,'2019-06-16 12:01:57'),(2880,107,149,37,88,6,'2019-06-16 12:01:57'),(2881,138,149,37,85,3,'2019-06-16 12:02:01'),(2882,138,149,37,86,3,'2019-06-16 12:02:01'),(2883,138,149,37,87,2,'2019-06-16 12:02:01'),(2884,138,149,37,88,2,'2019-06-16 12:02:01'),(2885,150,149,37,85,4,'2019-06-16 12:02:02'),(2886,150,149,37,86,4,'2019-06-16 12:02:02'),(2887,150,149,37,87,4,'2019-06-16 12:02:02'),(2888,150,149,37,88,3,'2019-06-16 12:02:02'),(2893,105,149,37,85,8,'2019-06-16 12:02:07'),(2894,105,149,37,86,2,'2019-06-16 12:02:07'),(2895,105,149,37,87,8,'2019-06-16 12:02:07'),(2896,105,149,37,88,2,'2019-06-16 12:02:07'),(2901,137,149,37,85,2,'2019-06-16 12:02:18'),(2902,137,149,37,86,6,'2019-06-16 12:02:18'),(2903,137,149,37,87,2,'2019-06-16 12:02:18'),(2904,137,149,37,88,2,'2019-06-16 12:02:18'),(2905,126,149,37,85,8,'2019-06-16 12:02:18'),(2906,126,149,37,86,3,'2019-06-16 12:02:18'),(2907,126,149,37,87,1,'2019-06-16 12:02:18'),(2908,126,149,37,88,7,'2019-06-16 12:02:18'),(2909,149,149,37,85,3,'2019-06-16 12:02:21'),(2910,149,149,37,86,5,'2019-06-16 12:02:21'),(2911,149,149,37,87,3,'2019-06-16 12:02:21'),(2912,149,149,37,88,2,'2019-06-16 12:02:21'),(2913,103,149,37,85,4,'2019-06-16 12:02:28'),(2914,103,149,37,86,3,'2019-06-16 12:02:28'),(2915,103,149,37,87,4,'2019-06-16 12:02:28'),(2916,103,149,37,88,3,'2019-06-16 12:02:28'),(2917,133,149,37,85,6,'2019-06-16 12:02:35'),(2918,133,149,37,86,5,'2019-06-16 12:02:35'),(2919,133,149,37,87,5,'2019-06-16 12:02:35'),(2920,133,149,37,88,9,'2019-06-16 12:02:35'),(2921,148,149,37,85,8,'2019-06-16 12:02:58'),(2922,148,149,37,86,5,'2019-06-16 12:02:58'),(2923,148,149,37,87,6,'2019-06-16 12:02:58'),(2924,148,149,37,88,9,'2019-06-16 12:02:58'),(2925,113,149,37,85,10,'2019-06-16 12:03:00'),(2926,113,149,37,86,10,'2019-06-16 12:03:00'),(2927,113,149,37,87,10,'2019-06-16 12:03:00'),(2928,113,149,37,88,10,'2019-06-16 12:03:00'),(2929,131,149,37,85,4,'2019-06-16 12:03:07'),(2930,131,149,37,86,4,'2019-06-16 12:03:07'),(2931,131,149,37,87,4,'2019-06-16 12:03:07'),(2932,131,149,37,88,5,'2019-06-16 12:03:07'),(2933,108,149,37,85,8,'2019-06-16 12:03:59'),(2934,108,149,37,86,9,'2019-06-16 12:03:59'),(2935,108,149,37,87,9,'2019-06-16 12:03:59'),(2936,108,149,37,88,9,'2019-06-16 12:03:59'),(2937,147,149,37,85,3,'2019-06-16 12:03:59'),(2938,147,149,37,86,2,'2019-06-16 12:03:59'),(2939,147,149,37,87,3,'2019-06-16 12:03:59'),(2940,147,149,37,88,3,'2019-06-16 12:03:59'),(2941,112,149,37,85,5,'2019-06-16 12:04:05'),(2942,112,149,37,86,3,'2019-06-16 12:04:05'),(2943,112,149,37,87,3,'2019-06-16 12:04:05'),(2944,112,149,37,88,4,'2019-06-16 12:04:05'),(2945,152,149,37,85,9,'2019-06-16 12:04:32'),(2946,152,149,37,86,6,'2019-06-16 12:04:32'),(2947,152,149,37,87,5,'2019-06-16 12:04:32'),(2948,152,149,37,88,6,'2019-06-16 12:04:32'),(2949,96,149,37,85,6,'2019-06-16 12:04:36'),(2950,96,149,37,86,6,'2019-06-16 12:04:36'),(2951,96,149,37,87,6,'2019-06-16 12:04:36'),(2952,96,149,37,88,4,'2019-06-16 12:04:36'),(2953,134,149,37,85,8,'2019-06-16 12:04:38'),(2954,134,149,37,86,8,'2019-06-16 12:04:38'),(2955,134,149,37,87,6,'2019-06-16 12:04:38'),(2956,134,149,37,88,6,'2019-06-16 12:04:38'),(2957,154,149,37,85,3,'2019-06-16 12:04:38'),(2958,154,149,37,86,4,'2019-06-16 12:04:38'),(2959,154,149,37,87,3,'2019-06-16 12:04:38'),(2960,154,149,37,88,3,'2019-06-16 12:04:38'),(2961,129,149,37,85,8,'2019-06-16 12:04:45'),(2962,129,149,37,86,4,'2019-06-16 12:04:45'),(2963,129,149,37,87,5,'2019-06-16 12:04:45'),(2964,129,149,37,88,5,'2019-06-16 12:04:45'),(2965,136,149,37,85,5,'2019-06-16 12:04:50'),(2966,136,149,37,86,4,'2019-06-16 12:04:50'),(2967,136,149,37,87,5,'2019-06-16 12:04:50'),(2968,136,149,37,88,5,'2019-06-16 12:04:50'),(2969,128,149,37,85,5,'2019-06-16 12:04:54'),(2970,128,149,37,86,4,'2019-06-16 12:04:54'),(2971,128,149,37,87,3,'2019-06-16 12:04:54'),(2972,128,149,37,88,5,'2019-06-16 12:04:54'),(2973,100,149,37,85,5,'2019-06-16 12:05:02'),(2974,100,149,37,86,7,'2019-06-16 12:05:02'),(2975,100,149,37,87,4,'2019-06-16 12:05:02'),(2976,100,149,37,88,1,'2019-06-16 12:05:02'),(2977,93,150,37,85,1,'2019-06-16 12:05:18'),(2978,93,150,37,86,1,'2019-06-16 12:05:18'),(2979,93,150,37,87,1,'2019-06-16 12:05:18'),(2980,93,150,37,88,1,'2019-06-16 12:05:18'),(2981,127,149,37,85,8,'2019-06-16 12:05:35'),(2982,127,149,37,86,3,'2019-06-16 12:05:35'),(2983,127,149,37,87,4,'2019-06-16 12:05:35'),(2984,127,149,37,88,7,'2019-06-16 12:05:35'),(2985,95,150,37,85,7,'2019-06-16 12:05:44'),(2986,95,150,37,86,7,'2019-06-16 12:05:44'),(2987,95,150,37,87,6,'2019-06-16 12:05:44'),(2988,95,150,37,88,8,'2019-06-16 12:05:44'),(2989,94,148,37,85,7,'2019-06-16 12:05:48'),(2990,94,148,37,86,7,'2019-06-16 12:05:48'),(2991,94,148,37,87,9,'2019-06-16 12:05:48'),(2992,94,148,37,88,3,'2019-06-16 12:05:48'),(2993,129,150,37,85,5,'2019-06-16 12:05:53'),(2994,129,150,37,86,5,'2019-06-16 12:05:53'),(2995,129,150,37,87,10,'2019-06-16 12:05:53'),(2996,129,150,37,88,4,'2019-06-16 12:05:53'),(2997,145,150,37,85,1,'2019-06-16 12:06:04'),(2998,145,150,37,86,1,'2019-06-16 12:06:04'),(2999,145,150,37,87,1,'2019-06-16 12:06:04'),(3000,145,150,37,88,1,'2019-06-16 12:06:04'),(3001,94,149,37,85,5,'2019-06-16 12:06:07'),(3002,94,149,37,86,9,'2019-06-16 12:06:07'),(3003,94,149,37,87,4,'2019-06-16 12:06:07'),(3004,94,149,37,88,2,'2019-06-16 12:06:07'),(3005,116,149,37,85,5,'2019-06-16 12:06:11'),(3006,116,149,37,86,4,'2019-06-16 12:06:11'),(3007,116,149,37,87,3,'2019-06-16 12:06:11'),(3008,116,149,37,88,5,'2019-06-16 12:06:11'),(3009,144,150,37,85,8,'2019-06-16 12:06:15'),(3010,144,150,37,86,10,'2019-06-16 12:06:15'),(3011,144,150,37,87,8,'2019-06-16 12:06:15'),(3012,144,150,37,88,8,'2019-06-16 12:06:15'),(3013,151,150,37,85,5,'2019-06-16 12:06:36'),(3014,151,150,37,86,6,'2019-06-16 12:06:36'),(3015,151,150,37,87,5,'2019-06-16 12:06:36'),(3016,151,150,37,88,5,'2019-06-16 12:06:36'),(3017,98,150,37,85,1,'2019-06-16 12:06:42'),(3018,98,150,37,86,1,'2019-06-16 12:06:42'),(3019,98,150,37,87,1,'2019-06-16 12:06:42'),(3020,98,150,37,88,1,'2019-06-16 12:06:42'),(3021,120,148,37,85,5,'2019-06-16 12:07:09'),(3022,120,148,37,86,4,'2019-06-16 12:07:09'),(3023,120,148,37,87,4,'2019-06-16 12:07:09'),(3024,120,148,37,88,4,'2019-06-16 12:07:09'),(3025,138,150,37,85,3,'2019-06-16 12:07:10'),(3026,138,150,37,86,6,'2019-06-16 12:07:10'),(3027,138,150,37,87,1,'2019-06-16 12:07:10'),(3028,138,150,37,88,4,'2019-06-16 12:07:10'),(3029,133,150,37,85,8,'2019-06-16 12:07:16'),(3030,133,150,37,86,6,'2019-06-16 12:07:16'),(3031,133,150,37,87,6,'2019-06-16 12:07:16'),(3032,133,150,37,88,6,'2019-06-16 12:07:16'),(3033,120,149,37,85,5,'2019-06-16 12:07:22'),(3034,120,149,37,86,5,'2019-06-16 12:07:22'),(3035,120,149,37,87,5,'2019-06-16 12:07:22'),(3036,120,149,37,88,5,'2019-06-16 12:07:22'),(3037,123,150,37,85,9,'2019-06-16 12:07:28'),(3038,123,150,37,86,6,'2019-06-16 12:07:28'),(3039,123,150,37,87,8,'2019-06-16 12:07:28'),(3040,123,150,37,88,4,'2019-06-16 12:07:28'),(3041,111,150,37,85,2,'2019-06-16 12:07:38'),(3042,111,150,37,86,3,'2019-06-16 12:07:38'),(3043,111,150,37,87,3,'2019-06-16 12:07:38'),(3044,111,150,37,88,3,'2019-06-16 12:07:38'),(3045,147,150,37,85,4,'2019-06-16 12:07:41'),(3046,147,150,37,86,3,'2019-06-16 12:07:41'),(3047,147,150,37,87,1,'2019-06-16 12:07:41'),(3048,147,150,37,88,3,'2019-06-16 12:07:41'),(3049,112,150,37,85,7,'2019-06-16 12:07:56'),(3050,112,150,37,86,5,'2019-06-16 12:07:56'),(3051,112,150,37,87,5,'2019-06-16 12:07:56'),(3052,112,150,37,88,3,'2019-06-16 12:07:56'),(3053,108,150,37,85,10,'2019-06-16 12:08:05'),(3054,108,150,37,86,10,'2019-06-16 12:08:05'),(3055,108,150,37,87,10,'2019-06-16 12:08:05'),(3056,108,150,37,88,10,'2019-06-16 12:08:05'),(3057,103,150,37,85,5,'2019-06-16 12:08:09'),(3058,103,150,37,86,4,'2019-06-16 12:08:09'),(3059,103,150,37,87,4,'2019-06-16 12:08:09'),(3060,103,150,37,88,3,'2019-06-16 12:08:09'),(3061,101,150,37,85,5,'2019-06-16 12:08:27'),(3062,101,150,37,86,5,'2019-06-16 12:08:27'),(3063,101,150,37,87,5,'2019-06-16 12:08:27'),(3064,101,150,37,88,5,'2019-06-16 12:08:27'),(3065,101,151,37,85,5,'2019-06-16 12:08:36'),(3066,101,151,37,86,5,'2019-06-16 12:08:36'),(3067,101,151,37,87,5,'2019-06-16 12:08:36'),(3068,101,151,37,88,5,'2019-06-16 12:08:36'),(3069,107,150,37,85,8,'2019-06-16 12:08:53'),(3070,107,150,37,86,9,'2019-06-16 12:08:53'),(3071,107,150,37,87,7,'2019-06-16 12:08:53'),(3072,107,150,37,88,9,'2019-06-16 12:08:53'),(3073,154,150,37,85,1,'2019-06-16 12:08:58'),(3074,154,150,37,86,1,'2019-06-16 12:08:58'),(3075,154,150,37,87,1,'2019-06-16 12:08:58'),(3076,154,150,37,88,1,'2019-06-16 12:08:58'),(3077,96,150,37,85,7,'2019-06-16 12:09:00'),(3078,96,150,37,86,6,'2019-06-16 12:09:00'),(3079,96,150,37,87,5,'2019-06-16 12:09:00'),(3080,96,150,37,88,7,'2019-06-16 12:09:00'),(3081,105,150,37,85,7,'2019-06-16 12:09:02'),(3082,105,150,37,86,4,'2019-06-16 12:09:02'),(3083,105,150,37,87,7,'2019-06-16 12:09:02'),(3084,105,150,37,88,2,'2019-06-16 12:09:02'),(3085,116,150,37,85,9,'2019-06-16 12:09:21'),(3086,116,150,37,86,7,'2019-06-16 12:09:21'),(3087,116,150,37,87,8,'2019-06-16 12:09:21'),(3088,116,150,37,88,6,'2019-06-16 12:09:21'),(3089,152,150,37,85,6,'2019-06-16 12:09:40'),(3090,152,150,37,86,7,'2019-06-16 12:09:40'),(3091,152,150,37,87,5,'2019-06-16 12:09:40'),(3092,152,150,37,88,7,'2019-06-16 12:09:40'),(3093,137,150,37,85,2,'2019-06-16 12:10:21'),(3094,137,150,37,86,4,'2019-06-16 12:10:21'),(3095,137,150,37,87,2,'2019-06-16 12:10:21'),(3096,137,150,37,88,4,'2019-06-16 12:10:21'),(3097,100,150,37,85,8,'2019-06-16 12:10:27'),(3098,100,150,37,86,7,'2019-06-16 12:10:27'),(3099,100,150,37,87,8,'2019-06-16 12:10:27'),(3100,100,150,37,88,4,'2019-06-16 12:10:27'),(3101,136,150,37,85,7,'2019-06-16 12:10:30'),(3102,136,150,37,86,8,'2019-06-16 12:10:30'),(3103,136,150,37,87,5,'2019-06-16 12:10:30'),(3104,136,150,37,88,8,'2019-06-16 12:10:30'),(3105,149,150,37,85,2,'2019-06-16 12:10:37'),(3106,149,150,37,86,1,'2019-06-16 12:10:37'),(3107,149,150,37,87,4,'2019-06-16 12:10:37'),(3108,149,150,37,88,1,'2019-06-16 12:10:37'),(3109,128,150,37,85,5,'2019-06-16 12:10:39'),(3110,128,150,37,86,3,'2019-06-16 12:10:39'),(3111,128,150,37,87,3,'2019-06-16 12:10:39'),(3112,128,150,37,88,2,'2019-06-16 12:10:39'),(3113,113,150,37,85,10,'2019-06-16 12:10:39'),(3114,113,150,37,86,7,'2019-06-16 12:10:39'),(3115,113,150,37,87,5,'2019-06-16 12:10:39'),(3116,113,150,37,88,5,'2019-06-16 12:10:39'),(3117,132,150,37,85,8,'2019-06-16 12:10:42'),(3118,132,150,37,86,7,'2019-06-16 12:10:42'),(3119,132,150,37,87,8,'2019-06-16 12:10:42'),(3120,132,150,37,88,7,'2019-06-16 12:10:42'),(3121,150,150,37,85,8,'2019-06-16 12:10:49'),(3122,150,150,37,86,8,'2019-06-16 12:10:49'),(3123,150,150,37,87,5,'2019-06-16 12:10:49'),(3124,150,150,37,88,6,'2019-06-16 12:10:49'),(3125,127,150,37,85,10,'2019-06-16 12:10:59'),(3126,127,150,37,86,5,'2019-06-16 12:10:59'),(3127,127,150,37,87,4,'2019-06-16 12:10:59'),(3128,127,150,37,88,7,'2019-06-16 12:10:59'),(3129,134,150,37,85,8,'2019-06-16 12:11:04'),(3130,134,150,37,86,8,'2019-06-16 12:11:04'),(3131,134,150,37,87,7,'2019-06-16 12:11:04'),(3132,134,150,37,88,7,'2019-06-16 12:11:04'),(3133,126,150,37,85,9,'2019-06-16 12:11:18'),(3134,126,150,37,86,4,'2019-06-16 12:11:18'),(3135,126,150,37,87,4,'2019-06-16 12:11:18'),(3136,126,150,37,88,8,'2019-06-16 12:11:18'),(3137,151,151,37,85,5,'2019-06-16 12:11:29'),(3138,151,151,37,86,4,'2019-06-16 12:11:29'),(3139,151,151,37,87,4,'2019-06-16 12:11:29'),(3140,151,151,37,88,5,'2019-06-16 12:11:29'),(3141,115,150,37,85,3,'2019-06-16 12:11:35'),(3142,115,150,37,86,5,'2019-06-16 12:11:35'),(3143,115,150,37,87,2,'2019-06-16 12:11:35'),(3144,115,150,37,88,1,'2019-06-16 12:11:35'),(3145,123,151,37,85,8,'2019-06-16 12:12:09'),(3146,123,151,37,86,2,'2019-06-16 12:12:09'),(3147,123,151,37,87,5,'2019-06-16 12:12:09'),(3148,123,151,37,88,8,'2019-06-16 12:12:09'),(3149,148,150,37,85,7,'2019-06-16 12:12:35'),(3150,148,150,37,86,8,'2019-06-16 12:12:35'),(3151,148,150,37,87,6,'2019-06-16 12:12:35'),(3152,148,150,37,88,9,'2019-06-16 12:12:35'),(3153,144,151,37,85,7,'2019-06-16 12:12:37'),(3154,144,151,37,86,5,'2019-06-16 12:12:37'),(3155,144,151,37,87,5,'2019-06-16 12:12:37'),(3156,144,151,37,88,5,'2019-06-16 12:12:37'),(3157,129,151,37,85,10,'2019-06-16 12:12:42'),(3158,129,151,37,86,4,'2019-06-16 12:12:42'),(3159,129,151,37,87,10,'2019-06-16 12:12:42'),(3160,129,151,37,88,7,'2019-06-16 12:12:42'),(3161,103,151,37,85,1,'2019-06-16 12:12:54'),(3162,103,151,37,86,1,'2019-06-16 12:12:54'),(3163,103,151,37,87,1,'2019-06-16 12:12:54'),(3164,103,151,37,88,1,'2019-06-16 12:12:54'),(3165,112,151,37,85,6,'2019-06-16 12:12:55'),(3166,112,151,37,86,6,'2019-06-16 12:12:55'),(3167,112,151,37,87,6,'2019-06-16 12:12:55'),(3168,112,151,37,88,6,'2019-06-16 12:12:55'),(3169,100,151,37,85,9,'2019-06-16 12:13:34'),(3170,100,151,37,86,2,'2019-06-16 12:13:34'),(3171,100,151,37,87,8,'2019-06-16 12:13:34'),(3172,100,151,37,88,4,'2019-06-16 12:13:34'),(3173,152,151,37,85,7,'2019-06-16 12:13:34'),(3174,152,151,37,86,3,'2019-06-16 12:13:34'),(3175,152,151,37,87,5,'2019-06-16 12:13:34'),(3176,152,151,37,88,5,'2019-06-16 12:13:34'),(3177,125,143,37,85,8,'2019-06-16 12:13:39'),(3178,125,143,37,86,6,'2019-06-16 12:13:39'),(3179,125,143,37,87,7,'2019-06-16 12:13:39'),(3180,125,143,37,88,7,'2019-06-16 12:13:39'),(3181,147,151,37,85,5,'2019-06-16 12:13:43'),(3182,147,151,37,86,4,'2019-06-16 12:13:43'),(3183,147,151,37,87,4,'2019-06-16 12:13:43'),(3184,147,151,37,88,6,'2019-06-16 12:13:43'),(3185,150,151,37,85,8,'2019-06-16 12:13:45'),(3186,150,151,37,86,8,'2019-06-16 12:13:45'),(3187,150,151,37,87,7,'2019-06-16 12:13:45'),(3188,150,151,37,88,10,'2019-06-16 12:13:45'),(3189,95,151,37,85,9,'2019-06-16 12:13:56'),(3190,95,151,37,86,6,'2019-06-16 12:13:56'),(3191,95,151,37,87,8,'2019-06-16 12:13:56'),(3192,95,151,37,88,8,'2019-06-16 12:13:56'),(3193,107,151,37,85,6,'2019-06-16 12:14:07'),(3194,107,151,37,86,5,'2019-06-16 12:14:07'),(3195,107,151,37,87,5,'2019-06-16 12:14:07'),(3196,107,151,37,88,7,'2019-06-16 12:14:07'),(3201,142,151,37,85,3,'2019-06-16 12:14:19'),(3202,142,151,37,86,3,'2019-06-16 12:14:19'),(3203,142,151,37,87,3,'2019-06-16 12:14:19'),(3204,142,151,37,88,3,'2019-06-16 12:14:19'),(3205,111,151,37,85,1,'2019-06-16 12:14:28'),(3206,111,151,37,86,1,'2019-06-16 12:14:28'),(3207,111,151,37,87,1,'2019-06-16 12:14:28'),(3208,111,151,37,88,1,'2019-06-16 12:14:28'),(3209,145,152,37,85,1,'2019-06-16 12:14:37'),(3210,145,152,37,86,1,'2019-06-16 12:14:37'),(3211,145,152,37,87,1,'2019-06-16 12:14:37'),(3212,145,152,37,88,1,'2019-06-16 12:14:37'),(3213,126,151,37,85,7,'2019-06-16 12:14:42'),(3214,126,151,37,86,1,'2019-06-16 12:14:42'),(3215,126,151,37,87,2,'2019-06-16 12:14:42'),(3216,126,151,37,88,7,'2019-06-16 12:14:42'),(3217,105,151,37,85,7,'2019-06-16 12:15:06'),(3218,105,151,37,86,2,'2019-06-16 12:15:06'),(3219,105,151,37,87,7,'2019-06-16 12:15:06'),(3220,105,151,37,88,9,'2019-06-16 12:15:06'),(3221,125,144,37,85,9,'2019-06-16 12:15:13'),(3222,125,144,37,86,9,'2019-06-16 12:15:13'),(3223,125,144,37,87,10,'2019-06-16 12:15:13'),(3224,125,144,37,88,8,'2019-06-16 12:15:13'),(3225,96,151,37,85,5,'2019-06-16 12:15:24'),(3226,96,151,37,86,4,'2019-06-16 12:15:24'),(3227,96,151,37,87,4,'2019-06-16 12:15:24'),(3228,96,151,37,88,4,'2019-06-16 12:15:24'),(3229,137,151,37,85,3,'2019-06-16 12:15:33'),(3230,137,151,37,86,3,'2019-06-16 12:15:33'),(3231,137,151,37,87,5,'2019-06-16 12:15:33'),(3232,137,151,37,88,5,'2019-06-16 12:15:33'),(3233,108,151,37,85,9,'2019-06-16 12:15:38'),(3234,108,151,37,86,5,'2019-06-16 12:15:38'),(3235,108,151,37,87,5,'2019-06-16 12:15:38'),(3236,108,151,37,88,9,'2019-06-16 12:15:38'),(3237,132,151,37,85,5,'2019-06-16 12:15:48'),(3238,132,151,37,86,5,'2019-06-16 12:15:48'),(3239,132,151,37,87,5,'2019-06-16 12:15:48'),(3240,132,151,37,88,5,'2019-06-16 12:15:48'),(3241,128,151,37,85,5,'2019-06-16 12:15:50'),(3242,128,151,37,86,3,'2019-06-16 12:15:50'),(3243,128,151,37,87,2,'2019-06-16 12:15:50'),(3244,128,151,37,88,3,'2019-06-16 12:15:50'),(3245,154,151,37,85,5,'2019-06-16 12:16:23'),(3246,154,151,37,86,3,'2019-06-16 12:16:23'),(3247,154,151,37,87,5,'2019-06-16 12:16:23'),(3248,154,151,37,88,2,'2019-06-16 12:16:23'),(3249,125,145,37,85,6,'2019-06-16 12:16:25'),(3250,125,145,37,86,7,'2019-06-16 12:16:25'),(3251,125,145,37,87,6,'2019-06-16 12:16:25'),(3252,125,145,37,88,6,'2019-06-16 12:16:25'),(3253,127,151,37,85,6,'2019-06-16 12:16:25'),(3254,127,151,37,86,5,'2019-06-16 12:16:25'),(3255,127,151,37,87,5,'2019-06-16 12:16:25'),(3256,127,151,37,88,5,'2019-06-16 12:16:25'),(3257,113,151,37,85,7,'2019-06-16 12:16:46'),(3258,113,151,37,86,6,'2019-06-16 12:16:46'),(3259,113,151,37,87,5,'2019-06-16 12:16:46'),(3260,113,151,37,88,8,'2019-06-16 12:16:46'),(3261,138,151,37,85,1,'2019-06-16 12:16:56'),(3262,138,151,37,86,1,'2019-06-16 12:16:56'),(3263,138,151,37,87,2,'2019-06-16 12:16:56'),(3264,138,151,37,88,1,'2019-06-16 12:16:56'),(3265,148,151,37,85,5,'2019-06-16 12:16:58'),(3266,148,151,37,86,2,'2019-06-16 12:16:58'),(3267,148,151,37,87,4,'2019-06-16 12:16:58'),(3268,148,151,37,88,3,'2019-06-16 12:16:58'),(3269,110,148,37,85,5,'2019-06-16 12:17:11'),(3270,110,148,37,86,7,'2019-06-16 12:17:11'),(3271,110,148,37,87,6,'2019-06-16 12:17:11'),(3272,110,148,37,88,5,'2019-06-16 12:17:11'),(3273,116,151,37,85,7,'2019-06-16 12:17:13'),(3274,116,151,37,86,7,'2019-06-16 12:17:13'),(3275,116,151,37,87,8,'2019-06-16 12:17:13'),(3276,116,151,37,88,5,'2019-06-16 12:17:13'),(3277,94,150,37,85,4,'2019-06-16 12:17:16'),(3278,94,150,37,86,7,'2019-06-16 12:17:16'),(3279,94,150,37,87,4,'2019-06-16 12:17:16'),(3280,94,150,37,88,2,'2019-06-16 12:17:16'),(3281,95,152,37,85,10,'2019-06-16 12:17:23'),(3282,95,152,37,86,10,'2019-06-16 12:17:23'),(3283,95,152,37,87,10,'2019-06-16 12:17:23'),(3284,95,152,37,88,10,'2019-06-16 12:17:23'),(3285,110,149,37,85,5,'2019-06-16 12:17:26'),(3286,110,149,37,86,7,'2019-06-16 12:17:26'),(3287,110,149,37,87,5,'2019-06-16 12:17:26'),(3288,110,149,37,88,7,'2019-06-16 12:17:26'),(3289,129,152,37,85,10,'2019-06-16 12:17:31'),(3290,129,152,37,86,4,'2019-06-16 12:17:31'),(3291,129,152,37,87,4,'2019-06-16 12:17:31'),(3292,129,152,37,88,5,'2019-06-16 12:17:31'),(3293,110,150,37,85,9,'2019-06-16 12:17:33'),(3294,110,150,37,86,8,'2019-06-16 12:17:33'),(3295,110,150,37,87,8,'2019-06-16 12:17:33'),(3296,110,150,37,88,9,'2019-06-16 12:17:33'),(3297,94,151,37,85,2,'2019-06-16 12:17:37'),(3298,94,151,37,86,5,'2019-06-16 12:17:37'),(3299,94,151,37,87,4,'2019-06-16 12:17:37'),(3300,94,151,37,88,4,'2019-06-16 12:17:37'),(3301,136,151,37,85,5,'2019-06-16 12:17:43'),(3302,136,151,37,86,4,'2019-06-16 12:17:43'),(3303,136,151,37,87,3,'2019-06-16 12:17:43'),(3304,136,151,37,88,2,'2019-06-16 12:17:43'),(3305,110,151,37,85,3,'2019-06-16 12:17:43'),(3306,110,151,37,86,4,'2019-06-16 12:17:43'),(3307,110,151,37,87,3,'2019-06-16 12:17:43'),(3308,110,151,37,88,4,'2019-06-16 12:17:43'),(3309,97,152,37,85,4,'2019-06-16 12:17:43'),(3310,97,152,37,86,7,'2019-06-16 12:17:43'),(3311,97,152,37,87,5,'2019-06-16 12:17:43'),(3312,97,152,37,88,1,'2019-06-16 12:17:43'),(3313,110,152,37,85,10,'2019-06-16 12:18:17'),(3314,110,152,37,86,10,'2019-06-16 12:18:17'),(3315,110,152,37,87,10,'2019-06-16 12:18:17'),(3316,110,152,37,88,10,'2019-06-16 12:18:17'),(3317,150,152,37,85,10,'2019-06-16 12:18:37'),(3318,150,152,37,86,10,'2019-06-16 12:18:37'),(3319,150,152,37,87,6,'2019-06-16 12:18:37'),(3320,150,152,37,88,7,'2019-06-16 12:18:37'),(3321,123,152,37,85,8,'2019-06-16 12:19:05'),(3322,123,152,37,86,4,'2019-06-16 12:19:05'),(3323,123,152,37,87,4,'2019-06-16 12:19:05'),(3324,123,152,37,88,5,'2019-06-16 12:19:05'),(3325,112,152,37,85,10,'2019-06-16 12:19:09'),(3326,112,152,37,86,10,'2019-06-16 12:19:09'),(3327,112,152,37,87,3,'2019-06-16 12:19:09'),(3328,112,152,37,88,8,'2019-06-16 12:19:09'),(3329,125,146,37,85,6,'2019-06-16 12:19:18'),(3330,125,146,37,86,6,'2019-06-16 12:19:18'),(3331,125,146,37,87,7,'2019-06-16 12:19:18'),(3332,125,146,37,88,5,'2019-06-16 12:19:18'),(3333,152,152,37,85,7,'2019-06-16 12:19:24'),(3334,152,152,37,86,7,'2019-06-16 12:19:24'),(3335,152,152,37,87,7,'2019-06-16 12:19:24'),(3336,152,152,37,88,6,'2019-06-16 12:19:24'),(3337,144,152,37,85,10,'2019-06-16 12:19:25'),(3338,144,152,37,86,10,'2019-06-16 12:19:25'),(3339,144,152,37,87,10,'2019-06-16 12:19:25'),(3340,144,152,37,88,10,'2019-06-16 12:19:25'),(3341,138,152,37,85,5,'2019-06-16 12:19:29'),(3342,138,152,37,86,8,'2019-06-16 12:19:29'),(3343,138,152,37,87,4,'2019-06-16 12:19:29'),(3344,138,152,37,88,6,'2019-06-16 12:19:29'),(3345,151,152,37,85,5,'2019-06-16 12:19:30'),(3346,151,152,37,86,5,'2019-06-16 12:19:30'),(3347,151,152,37,87,4,'2019-06-16 12:19:30'),(3348,151,152,37,88,4,'2019-06-16 12:19:30'),(3349,105,152,37,85,8,'2019-06-16 12:19:35'),(3350,105,152,37,86,8,'2019-06-16 12:19:35'),(3351,105,152,37,87,5,'2019-06-16 12:19:35'),(3352,105,152,37,88,2,'2019-06-16 12:19:35'),(3353,125,147,37,85,6,'2019-06-16 12:19:36'),(3354,125,147,37,86,6,'2019-06-16 12:19:36'),(3355,125,147,37,87,5,'2019-06-16 12:19:36'),(3356,125,147,37,88,5,'2019-06-16 12:19:36'),(3357,128,152,37,85,8,'2019-06-16 12:19:38'),(3358,128,152,37,86,8,'2019-06-16 12:19:38'),(3359,128,152,37,87,4,'2019-06-16 12:19:38'),(3360,128,152,37,88,7,'2019-06-16 12:19:38'),(3361,148,152,37,85,9,'2019-06-16 12:19:39'),(3362,148,152,37,86,10,'2019-06-16 12:19:39'),(3363,148,152,37,87,10,'2019-06-16 12:19:39'),(3364,148,152,37,88,10,'2019-06-16 12:19:39'),(3365,154,152,37,85,5,'2019-06-16 12:19:39'),(3366,154,152,37,86,5,'2019-06-16 12:19:39'),(3367,154,152,37,87,7,'2019-06-16 12:19:39'),(3368,154,152,37,88,7,'2019-06-16 12:19:39'),(3369,103,152,37,85,8,'2019-06-16 12:19:40'),(3370,103,152,37,86,6,'2019-06-16 12:19:40'),(3371,103,152,37,87,8,'2019-06-16 12:19:40'),(3372,103,152,37,88,9,'2019-06-16 12:19:40'),(3373,125,148,37,85,8,'2019-06-16 12:19:51'),(3374,125,148,37,86,9,'2019-06-16 12:19:51'),(3375,125,148,37,87,9,'2019-06-16 12:19:51'),(3376,125,148,37,88,9,'2019-06-16 12:19:51'),(3377,132,152,37,85,6,'2019-06-16 12:20:23'),(3378,132,152,37,86,6,'2019-06-16 12:20:23'),(3379,132,152,37,87,5,'2019-06-16 12:20:23'),(3380,132,152,37,88,7,'2019-06-16 12:20:23'),(3381,108,152,37,85,9,'2019-06-16 12:20:32'),(3382,108,152,37,86,10,'2019-06-16 12:20:32'),(3383,108,152,37,87,9,'2019-06-16 12:20:32'),(3384,108,152,37,88,10,'2019-06-16 12:20:32'),(3385,125,149,37,85,7,'2019-06-16 12:20:41'),(3386,125,149,37,86,6,'2019-06-16 12:20:41'),(3387,125,149,37,87,7,'2019-06-16 12:20:41'),(3388,125,149,37,88,5,'2019-06-16 12:20:41'),(3389,113,152,37,85,10,'2019-06-16 12:20:42'),(3390,113,152,37,86,9,'2019-06-16 12:20:42'),(3391,113,152,37,87,3,'2019-06-16 12:20:42'),(3392,113,152,37,88,3,'2019-06-16 12:20:42'),(3393,115,152,37,85,5,'2019-06-16 12:21:07'),(3394,115,152,37,86,4,'2019-06-16 12:21:07'),(3395,115,152,37,87,3,'2019-06-16 12:21:07'),(3396,115,152,37,88,5,'2019-06-16 12:21:07'),(3397,147,152,37,85,3,'2019-06-16 12:21:09'),(3398,147,152,37,86,3,'2019-06-16 12:21:09'),(3399,147,152,37,87,2,'2019-06-16 12:21:09'),(3400,147,152,37,88,6,'2019-06-16 12:21:09'),(3401,125,150,37,85,6,'2019-06-16 12:21:16'),(3402,125,150,37,86,5,'2019-06-16 12:21:16'),(3403,125,150,37,87,5,'2019-06-16 12:21:16'),(3404,125,150,37,88,6,'2019-06-16 12:21:16'),(3405,102,151,37,85,8,'2019-06-16 12:21:27'),(3406,102,151,37,86,6,'2019-06-16 12:21:27'),(3407,102,151,37,87,6,'2019-06-16 12:21:27'),(3408,102,151,37,88,6,'2019-06-16 12:21:27'),(3409,102,152,37,85,10,'2019-06-16 12:21:37'),(3410,102,152,37,86,10,'2019-06-16 12:21:37'),(3411,102,152,37,87,10,'2019-06-16 12:21:37'),(3412,102,152,37,88,10,'2019-06-16 12:21:37'),(3413,125,151,37,85,5,'2019-06-16 12:22:04'),(3414,125,151,37,86,10,'2019-06-16 12:22:04'),(3415,125,151,37,87,6,'2019-06-16 12:22:04'),(3416,125,151,37,88,8,'2019-06-16 12:22:04'),(3417,125,152,37,85,6,'2019-06-16 12:22:17'),(3418,125,152,37,86,7,'2019-06-16 12:22:17'),(3419,125,152,37,87,7,'2019-06-16 12:22:17'),(3420,125,152,37,88,6,'2019-06-16 12:22:17'),(3421,100,152,37,85,7,'2019-06-16 12:22:28'),(3422,100,152,37,86,2,'2019-06-16 12:22:28'),(3423,100,152,37,87,8,'2019-06-16 12:22:28'),(3424,100,152,37,88,2,'2019-06-16 12:22:28'),(3425,98,152,37,85,3,'2019-06-16 12:22:35'),(3426,98,152,37,86,3,'2019-06-16 12:22:35'),(3427,98,152,37,87,3,'2019-06-16 12:22:35'),(3428,98,152,37,88,3,'2019-06-16 12:22:35'),(3429,116,152,37,85,8,'2019-06-16 12:22:43'),(3430,116,152,37,86,5,'2019-06-16 12:22:43'),(3431,116,152,37,87,3,'2019-06-16 12:22:43'),(3432,116,152,37,88,3,'2019-06-16 12:22:43'),(3433,96,152,37,85,6,'2019-06-16 12:22:44'),(3434,96,152,37,86,6,'2019-06-16 12:22:44'),(3435,96,152,37,87,6,'2019-06-16 12:22:44'),(3436,96,152,37,88,5,'2019-06-16 12:22:44'),(3437,137,152,37,85,8,'2019-06-16 12:23:00'),(3438,137,152,37,86,7,'2019-06-16 12:23:00'),(3439,137,152,37,87,7,'2019-06-16 12:23:00'),(3440,137,152,37,88,9,'2019-06-16 12:23:00'),(3441,126,152,37,85,5,'2019-06-16 12:23:01'),(3442,126,152,37,86,8,'2019-06-16 12:23:01'),(3443,126,152,37,87,3,'2019-06-16 12:23:01'),(3444,126,152,37,88,7,'2019-06-16 12:23:01'),(3445,97,153,37,85,1,'2019-06-16 12:23:11'),(3446,97,153,37,86,1,'2019-06-16 12:23:11'),(3447,97,153,37,87,1,'2019-06-16 12:23:11'),(3448,97,153,37,88,1,'2019-06-16 12:23:11'),(3449,134,151,37,85,7,'2019-06-16 12:23:13'),(3450,134,151,37,86,5,'2019-06-16 12:23:13'),(3451,134,151,37,87,5,'2019-06-16 12:23:13'),(3452,134,151,37,88,4,'2019-06-16 12:23:13'),(3453,136,152,37,85,8,'2019-06-16 12:23:13'),(3454,136,152,37,86,5,'2019-06-16 12:23:13'),(3455,136,152,37,87,3,'2019-06-16 12:23:13'),(3456,136,152,37,88,6,'2019-06-16 12:23:13'),(3457,145,153,37,85,1,'2019-06-16 12:23:13'),(3458,145,153,37,86,1,'2019-06-16 12:23:13'),(3459,145,153,37,87,1,'2019-06-16 12:23:13'),(3460,145,153,37,88,1,'2019-06-16 12:23:13'),(3461,151,153,37,85,5,'2019-06-16 12:23:13'),(3462,151,153,37,86,4,'2019-06-16 12:23:13'),(3463,151,153,37,87,5,'2019-06-16 12:23:13'),(3464,151,153,37,88,5,'2019-06-16 12:23:13'),(3465,111,152,37,85,7,'2019-06-16 12:23:27'),(3466,111,152,37,86,7,'2019-06-16 12:23:27'),(3467,111,152,37,87,8,'2019-06-16 12:23:27'),(3468,111,152,37,88,8,'2019-06-16 12:23:27'),(3469,134,152,37,85,7,'2019-06-16 12:23:46'),(3470,134,152,37,86,7,'2019-06-16 12:23:46'),(3471,134,152,37,87,4,'2019-06-16 12:23:46'),(3472,134,152,37,88,4,'2019-06-16 12:23:46'),(3473,102,153,37,85,6,'2019-06-16 12:23:52'),(3474,102,153,37,86,5,'2019-06-16 12:23:52'),(3475,102,153,37,87,6,'2019-06-16 12:23:52'),(3476,102,153,37,88,6,'2019-06-16 12:23:52'),(3477,132,153,37,85,8,'2019-06-16 12:24:03'),(3478,132,153,37,86,8,'2019-06-16 12:24:03'),(3479,132,153,37,87,9,'2019-06-16 12:24:03'),(3480,132,153,37,88,5,'2019-06-16 12:24:03'),(3481,152,153,37,85,8,'2019-06-16 12:24:04'),(3482,152,153,37,86,8,'2019-06-16 12:24:04'),(3483,152,153,37,87,6,'2019-06-16 12:24:04'),(3484,152,153,37,88,7,'2019-06-16 12:24:04'),(3485,127,152,37,85,6,'2019-06-16 12:24:04'),(3486,127,152,37,86,4,'2019-06-16 12:24:04'),(3487,127,152,37,87,3,'2019-06-16 12:24:04'),(3488,127,152,37,88,3,'2019-06-16 12:24:04'),(3489,142,152,37,85,4,'2019-06-16 12:24:08'),(3490,142,152,37,86,5,'2019-06-16 12:24:08'),(3491,142,152,37,87,4,'2019-06-16 12:24:08'),(3492,142,152,37,88,4,'2019-06-16 12:24:08'),(3493,144,153,37,85,8,'2019-06-16 12:24:10'),(3494,144,153,37,86,8,'2019-06-16 12:24:10'),(3495,144,153,37,87,8,'2019-06-16 12:24:10'),(3496,144,153,37,88,8,'2019-06-16 12:24:10'),(3497,149,151,37,85,6,'2019-06-16 12:24:13'),(3498,149,151,37,86,8,'2019-06-16 12:24:13'),(3499,149,151,37,87,7,'2019-06-16 12:24:13'),(3500,149,151,37,88,8,'2019-06-16 12:24:13'),(3501,149,152,37,85,10,'2019-06-16 12:24:22'),(3502,149,152,37,86,10,'2019-06-16 12:24:22'),(3503,149,152,37,87,10,'2019-06-16 12:24:22'),(3504,149,152,37,88,10,'2019-06-16 12:24:22'),(3505,145,151,37,85,3,'2019-06-16 12:24:24'),(3506,145,151,37,86,10,'2019-06-16 12:24:24'),(3507,145,151,37,87,10,'2019-06-16 12:24:24'),(3508,145,151,37,88,10,'2019-06-16 12:24:24'),(3509,150,153,37,85,7,'2019-06-16 12:24:52'),(3510,150,153,37,86,6,'2019-06-16 12:24:52'),(3511,150,153,37,87,5,'2019-06-16 12:24:52'),(3512,150,153,37,88,3,'2019-06-16 12:24:52'),(3513,128,153,37,85,7,'2019-06-16 12:25:00'),(3514,128,153,37,86,5,'2019-06-16 12:25:00'),(3515,128,153,37,87,5,'2019-06-16 12:25:00'),(3516,128,153,37,88,6,'2019-06-16 12:25:00'),(3517,93,152,37,85,2,'2019-06-16 12:25:06'),(3518,93,152,37,86,1,'2019-06-16 12:25:06'),(3519,93,152,37,87,2,'2019-06-16 12:25:06'),(3520,93,152,37,88,1,'2019-06-16 12:25:06'),(3521,138,153,37,85,3,'2019-06-16 12:25:06'),(3522,138,153,37,86,7,'2019-06-16 12:25:06'),(3523,138,153,37,87,4,'2019-06-16 12:25:06'),(3524,138,153,37,88,7,'2019-06-16 12:25:06'),(3525,93,153,37,85,1,'2019-06-16 12:25:17'),(3526,93,153,37,86,2,'2019-06-16 12:25:17'),(3527,93,153,37,87,1,'2019-06-16 12:25:17'),(3528,93,153,37,88,1,'2019-06-16 12:25:17'),(3529,103,153,37,85,2,'2019-06-16 12:25:35'),(3530,103,153,37,86,3,'2019-06-16 12:25:35'),(3531,103,153,37,87,2,'2019-06-16 12:25:35'),(3532,103,153,37,88,2,'2019-06-16 12:25:35'),(3533,123,153,37,85,8,'2019-06-16 12:25:35'),(3534,123,153,37,86,6,'2019-06-16 12:25:35'),(3535,123,153,37,87,8,'2019-06-16 12:25:35'),(3536,123,153,37,88,4,'2019-06-16 12:25:35'),(3537,107,154,37,85,6,'2019-06-16 12:26:06'),(3538,107,154,37,86,4,'2019-06-16 12:26:06'),(3539,107,154,37,87,5,'2019-06-16 12:26:06'),(3540,107,154,37,88,6,'2019-06-16 12:26:06'),(3541,129,153,37,85,10,'2019-06-16 12:26:13'),(3542,129,153,37,86,10,'2019-06-16 12:26:13'),(3543,129,153,37,87,8,'2019-06-16 12:26:13'),(3544,129,153,37,88,4,'2019-06-16 12:26:13'),(3545,116,153,37,85,7,'2019-06-16 12:26:23'),(3546,116,153,37,86,7,'2019-06-16 12:26:23'),(3547,116,153,37,87,6,'2019-06-16 12:26:23'),(3548,116,153,37,88,8,'2019-06-16 12:26:23'),(3549,98,153,37,85,3,'2019-06-16 12:26:33'),(3550,98,153,37,86,3,'2019-06-16 12:26:33'),(3551,98,153,37,87,3,'2019-06-16 12:26:33'),(3552,98,153,37,88,3,'2019-06-16 12:26:33'),(3553,96,153,37,85,5,'2019-06-16 12:26:49'),(3554,96,153,37,86,5,'2019-06-16 12:26:49'),(3555,96,153,37,87,5,'2019-06-16 12:26:49'),(3556,96,153,37,88,6,'2019-06-16 12:26:49'),(3557,115,153,37,85,3,'2019-06-16 12:27:12'),(3558,115,153,37,86,5,'2019-06-16 12:27:12'),(3559,115,153,37,87,3,'2019-06-16 12:27:12'),(3560,115,153,37,88,4,'2019-06-16 12:27:12'),(3561,147,153,37,85,4,'2019-06-16 12:27:22'),(3562,147,153,37,86,6,'2019-06-16 12:27:22'),(3563,147,153,37,87,2,'2019-06-16 12:27:22'),(3564,147,153,37,88,3,'2019-06-16 12:27:22'),(3565,151,154,37,85,5,'2019-06-16 12:27:34'),(3566,151,154,37,86,6,'2019-06-16 12:27:34'),(3567,151,154,37,87,5,'2019-06-16 12:27:34'),(3568,151,154,37,88,5,'2019-06-16 12:27:34'),(3569,105,153,37,85,7,'2019-06-16 12:27:36'),(3570,105,153,37,86,6,'2019-06-16 12:27:36'),(3571,105,153,37,87,8,'2019-06-16 12:27:36'),(3572,105,153,37,88,7,'2019-06-16 12:27:36'),(3573,148,153,37,85,6,'2019-06-16 12:27:45'),(3574,148,153,37,86,9,'2019-06-16 12:27:45'),(3575,148,153,37,87,7,'2019-06-16 12:27:45'),(3576,148,153,37,88,6,'2019-06-16 12:27:45'),(3577,113,153,37,85,10,'2019-06-16 12:27:46'),(3578,113,153,37,86,10,'2019-06-16 12:27:46'),(3579,113,153,37,87,6,'2019-06-16 12:27:46'),(3580,113,153,37,88,6,'2019-06-16 12:27:46'),(3581,142,153,37,85,5,'2019-06-16 12:28:06'),(3582,142,153,37,86,5,'2019-06-16 12:28:06'),(3583,142,153,37,87,2,'2019-06-16 12:28:06'),(3584,142,153,37,88,2,'2019-06-16 12:28:06'),(3585,112,153,37,85,5,'2019-06-16 12:28:18'),(3586,112,153,37,86,8,'2019-06-16 12:28:18'),(3587,112,153,37,87,5,'2019-06-16 12:28:18'),(3588,112,153,37,88,2,'2019-06-16 12:28:18'),(3589,98,154,37,85,10,'2019-06-16 12:28:47'),(3590,98,154,37,86,10,'2019-06-16 12:28:47'),(3591,98,154,37,87,3,'2019-06-16 12:28:47'),(3592,98,154,37,88,10,'2019-06-16 12:28:47'),(3593,95,153,37,85,8,'2019-06-16 12:29:19'),(3594,95,153,37,86,7,'2019-06-16 12:29:19'),(3595,95,153,37,87,8,'2019-06-16 12:29:19'),(3596,95,153,37,88,9,'2019-06-16 12:29:19'),(3597,100,153,37,85,7,'2019-06-16 12:29:30'),(3598,100,153,37,86,8,'2019-06-16 12:29:30'),(3599,100,153,37,87,8,'2019-06-16 12:29:30'),(3600,100,153,37,88,1,'2019-06-16 12:29:30'),(3601,137,153,37,85,7,'2019-06-16 12:29:30'),(3602,137,153,37,86,5,'2019-06-16 12:29:30'),(3603,137,153,37,87,4,'2019-06-16 12:29:30'),(3604,137,153,37,88,6,'2019-06-16 12:29:30'),(3605,136,153,37,85,5,'2019-06-16 12:29:31'),(3606,136,153,37,86,4,'2019-06-16 12:29:31'),(3607,136,153,37,87,4,'2019-06-16 12:29:31'),(3608,136,153,37,88,4,'2019-06-16 12:29:31'),(3609,117,153,37,85,7,'2019-06-16 12:29:33'),(3610,117,153,37,86,8,'2019-06-16 12:29:33'),(3611,117,153,37,87,9,'2019-06-16 12:29:33'),(3612,117,153,37,88,7,'2019-06-16 12:29:33'),(3613,107,155,37,85,5,'2019-06-16 12:29:39'),(3614,107,155,37,86,6,'2019-06-16 12:29:39'),(3615,107,155,37,87,7,'2019-06-16 12:29:39'),(3616,107,155,37,88,5,'2019-06-16 12:29:39'),(3617,154,153,37,85,4,'2019-06-16 12:29:45'),(3618,154,153,37,86,1,'2019-06-16 12:29:45'),(3619,154,153,37,87,1,'2019-06-16 12:29:45'),(3620,154,153,37,88,3,'2019-06-16 12:29:45'),(3621,126,153,37,85,4,'2019-06-16 12:30:23'),(3622,126,153,37,86,4,'2019-06-16 12:30:23'),(3623,126,153,37,87,3,'2019-06-16 12:30:23'),(3624,126,153,37,88,6,'2019-06-16 12:30:23'),(3625,94,152,37,85,8,'2019-06-16 12:30:29'),(3626,94,152,37,86,8,'2019-06-16 12:30:29'),(3627,94,152,37,87,4,'2019-06-16 12:30:29'),(3628,94,152,37,88,4,'2019-06-16 12:30:29'),(3629,108,153,37,85,10,'2019-06-16 12:30:36'),(3630,108,153,37,86,10,'2019-06-16 12:30:36'),(3631,108,153,37,87,10,'2019-06-16 12:30:36'),(3632,108,153,37,88,10,'2019-06-16 12:30:36'),(3633,144,154,37,85,7,'2019-06-16 12:31:01'),(3634,144,154,37,86,7,'2019-06-16 12:31:01'),(3635,144,154,37,87,7,'2019-06-16 12:31:01'),(3636,144,154,37,88,7,'2019-06-16 12:31:01'),(3637,107,153,37,85,4,'2019-06-16 12:31:14'),(3638,107,153,37,86,6,'2019-06-16 12:31:14'),(3639,107,153,37,87,6,'2019-06-16 12:31:14'),(3640,107,153,37,88,5,'2019-06-16 12:31:14'),(3641,117,143,37,85,8,'2019-06-16 12:31:38'),(3642,117,143,37,86,9,'2019-06-16 12:31:38'),(3643,117,143,37,87,7,'2019-06-16 12:31:38'),(3644,117,143,37,88,8,'2019-06-16 12:31:38'),(3645,97,154,37,85,4,'2019-06-16 12:31:40'),(3646,97,154,37,86,4,'2019-06-16 12:31:40'),(3647,97,154,37,87,3,'2019-06-16 12:31:40'),(3648,97,154,37,88,2,'2019-06-16 12:31:40'),(3649,117,144,37,85,7,'2019-06-16 12:31:48'),(3650,117,144,37,86,9,'2019-06-16 12:31:48'),(3651,117,144,37,87,8,'2019-06-16 12:31:48'),(3652,117,144,37,88,8,'2019-06-16 12:31:48'),(3653,117,145,37,85,7,'2019-06-16 12:31:58'),(3654,117,145,37,86,8,'2019-06-16 12:31:58'),(3655,117,145,37,87,9,'2019-06-16 12:31:58'),(3656,117,145,37,88,8,'2019-06-16 12:31:58'),(3657,138,154,37,85,4,'2019-06-16 12:32:00'),(3658,138,154,37,86,3,'2019-06-16 12:32:00'),(3659,138,154,37,87,5,'2019-06-16 12:32:00'),(3660,138,154,37,88,2,'2019-06-16 12:32:00'),(3661,129,154,37,85,10,'2019-06-16 12:32:02'),(3662,129,154,37,86,10,'2019-06-16 12:32:02'),(3663,129,154,37,87,10,'2019-06-16 12:32:02'),(3664,129,154,37,88,10,'2019-06-16 12:32:02'),(3665,147,154,37,85,5,'2019-06-16 12:32:09'),(3666,147,154,37,86,3,'2019-06-16 12:32:09'),(3667,147,154,37,87,3,'2019-06-16 12:32:09'),(3668,147,154,37,88,4,'2019-06-16 12:32:09'),(3669,100,154,37,85,7,'2019-06-16 12:32:11'),(3670,100,154,37,86,3,'2019-06-16 12:32:11'),(3671,100,154,37,87,5,'2019-06-16 12:32:11'),(3672,100,154,37,88,6,'2019-06-16 12:32:11'),(3673,117,154,37,85,9,'2019-06-16 12:32:12'),(3674,117,154,37,86,8,'2019-06-16 12:32:12'),(3675,117,154,37,87,8,'2019-06-16 12:32:12'),(3676,117,154,37,88,9,'2019-06-16 12:32:12'),(3677,152,154,37,85,7,'2019-06-16 12:32:16'),(3678,152,154,37,86,3,'2019-06-16 12:32:16'),(3679,152,154,37,87,5,'2019-06-16 12:32:16'),(3680,152,154,37,88,6,'2019-06-16 12:32:16'),(3681,103,154,37,85,1,'2019-06-16 12:32:17'),(3682,103,154,37,86,1,'2019-06-16 12:32:17'),(3683,103,154,37,87,1,'2019-06-16 12:32:17'),(3684,103,154,37,88,1,'2019-06-16 12:32:17'),(3685,127,153,37,85,10,'2019-06-16 12:32:17'),(3686,127,153,37,86,8,'2019-06-16 12:32:17'),(3687,127,153,37,87,6,'2019-06-16 12:32:17'),(3688,127,153,37,88,6,'2019-06-16 12:32:17'),(3689,115,154,37,85,2,'2019-06-16 12:32:24'),(3690,115,154,37,86,3,'2019-06-16 12:32:24'),(3691,115,154,37,87,4,'2019-06-16 12:32:24'),(3692,115,154,37,88,6,'2019-06-16 12:32:24'),(3693,117,146,37,85,8,'2019-06-16 12:32:25'),(3694,117,146,37,86,7,'2019-06-16 12:32:25'),(3695,117,146,37,87,7,'2019-06-16 12:32:25'),(3696,117,146,37,88,7,'2019-06-16 12:32:25'),(3697,120,154,37,85,7,'2019-06-16 12:32:27'),(3698,120,154,37,86,6,'2019-06-16 12:32:27'),(3699,120,154,37,87,6,'2019-06-16 12:32:27'),(3700,120,154,37,88,6,'2019-06-16 12:32:27'),(3701,150,154,37,85,7,'2019-06-16 12:32:32'),(3702,150,154,37,86,4,'2019-06-16 12:32:32'),(3703,150,154,37,87,3,'2019-06-16 12:32:32'),(3704,150,154,37,88,8,'2019-06-16 12:32:32'),(3705,134,153,37,85,9,'2019-06-16 12:32:32'),(3706,134,153,37,86,5,'2019-06-16 12:32:32'),(3707,134,153,37,87,7,'2019-06-16 12:32:32'),(3708,134,153,37,88,4,'2019-06-16 12:32:32'),(3709,117,147,37,85,8,'2019-06-16 12:32:33'),(3710,117,147,37,86,8,'2019-06-16 12:32:33'),(3711,117,147,37,87,7,'2019-06-16 12:32:33'),(3712,117,147,37,88,9,'2019-06-16 12:32:33'),(3713,117,148,37,85,8,'2019-06-16 12:32:40'),(3714,117,148,37,86,8,'2019-06-16 12:32:40'),(3715,117,148,37,87,7,'2019-06-16 12:32:40'),(3716,117,148,37,88,8,'2019-06-16 12:32:40'),(3717,132,154,37,85,5,'2019-06-16 12:32:44'),(3718,132,154,37,86,5,'2019-06-16 12:32:44'),(3719,132,154,37,87,6,'2019-06-16 12:32:44'),(3720,132,154,37,88,6,'2019-06-16 12:32:44'),(3721,113,154,37,85,9,'2019-06-16 12:32:48'),(3722,113,154,37,86,3,'2019-06-16 12:32:48'),(3723,113,154,37,87,4,'2019-06-16 12:32:48'),(3724,113,154,37,88,2,'2019-06-16 12:32:48'),(3725,117,149,37,85,8,'2019-06-16 12:32:48'),(3726,117,149,37,86,7,'2019-06-16 12:32:48'),(3727,117,149,37,87,8,'2019-06-16 12:32:48'),(3728,117,149,37,88,8,'2019-06-16 12:32:48'),(3729,117,150,37,85,8,'2019-06-16 12:32:56'),(3730,117,150,37,86,9,'2019-06-16 12:32:56'),(3731,117,150,37,87,8,'2019-06-16 12:32:56'),(3732,117,150,37,88,9,'2019-06-16 12:32:56'),(3733,128,154,37,85,5,'2019-06-16 12:33:02'),(3734,128,154,37,86,3,'2019-06-16 12:33:02'),(3735,128,154,37,87,3,'2019-06-16 12:33:02'),(3736,128,154,37,88,5,'2019-06-16 12:33:02'),(3737,117,151,37,85,9,'2019-06-16 12:33:02'),(3738,117,151,37,86,8,'2019-06-16 12:33:02'),(3739,117,151,37,87,7,'2019-06-16 12:33:02'),(3740,117,151,37,88,9,'2019-06-16 12:33:02'),(3741,149,153,37,85,6,'2019-06-16 12:33:10'),(3742,149,153,37,86,7,'2019-06-16 12:33:10'),(3743,149,153,37,87,7,'2019-06-16 12:33:10'),(3744,149,153,37,88,6,'2019-06-16 12:33:10'),(3745,117,152,37,85,7,'2019-06-16 12:33:16'),(3746,117,152,37,86,8,'2019-06-16 12:33:16'),(3747,117,152,37,87,9,'2019-06-16 12:33:16'),(3748,117,152,37,88,8,'2019-06-16 12:33:16'),(3749,149,154,37,85,2,'2019-06-16 12:33:22'),(3750,149,154,37,86,1,'2019-06-16 12:33:22'),(3751,149,154,37,87,2,'2019-06-16 12:33:22'),(3752,149,154,37,88,1,'2019-06-16 12:33:22'),(3753,111,153,37,85,1,'2019-06-16 12:33:22'),(3754,111,153,37,86,1,'2019-06-16 12:33:22'),(3755,111,153,37,87,1,'2019-06-16 12:33:22'),(3756,111,153,37,88,1,'2019-06-16 12:33:22'),(3757,96,154,37,85,9,'2019-06-16 12:33:25'),(3758,96,154,37,86,8,'2019-06-16 12:33:25'),(3759,96,154,37,87,8,'2019-06-16 12:33:25'),(3760,96,154,37,88,8,'2019-06-16 12:33:25'),(3761,148,154,37,85,6,'2019-06-16 12:33:38'),(3762,148,154,37,86,6,'2019-06-16 12:33:38'),(3763,148,154,37,87,7,'2019-06-16 12:33:38'),(3764,148,154,37,88,9,'2019-06-16 12:33:38'),(3765,142,154,37,85,4,'2019-06-16 12:33:45'),(3766,142,154,37,86,4,'2019-06-16 12:33:45'),(3767,142,154,37,87,5,'2019-06-16 12:33:45'),(3768,142,154,37,88,3,'2019-06-16 12:33:45'),(3769,154,154,37,85,4,'2019-06-16 12:34:25'),(3770,154,154,37,86,6,'2019-06-16 12:34:25'),(3771,154,154,37,87,5,'2019-06-16 12:34:25'),(3772,154,154,37,88,6,'2019-06-16 12:34:25'),(3773,151,155,37,85,5,'2019-06-16 12:34:28'),(3774,151,155,37,86,5,'2019-06-16 12:34:28'),(3775,151,155,37,87,5,'2019-06-16 12:34:28'),(3776,151,155,37,88,4,'2019-06-16 12:34:28'),(3777,137,154,37,85,7,'2019-06-16 12:34:37'),(3778,137,154,37,86,5,'2019-06-16 12:34:37'),(3779,137,154,37,87,4,'2019-06-16 12:34:37'),(3780,137,154,37,88,5,'2019-06-16 12:34:37'),(3781,126,154,37,85,6,'2019-06-16 12:34:37'),(3782,126,154,37,86,1,'2019-06-16 12:34:37'),(3783,126,154,37,87,5,'2019-06-16 12:34:37'),(3784,126,154,37,88,2,'2019-06-16 12:34:37'),(3785,125,153,37,85,7,'2019-06-16 12:34:45'),(3786,125,153,37,86,9,'2019-06-16 12:34:45'),(3787,125,153,37,87,10,'2019-06-16 12:34:45'),(3788,125,153,37,88,5,'2019-06-16 12:34:45'),(3789,123,154,37,85,9,'2019-06-16 12:35:04'),(3790,123,154,37,86,6,'2019-06-16 12:35:04'),(3791,123,154,37,87,5,'2019-06-16 12:35:04'),(3792,123,154,37,88,5,'2019-06-16 12:35:04'),(3793,127,154,37,85,8,'2019-06-16 12:35:13'),(3794,127,154,37,86,6,'2019-06-16 12:35:13'),(3795,127,154,37,87,7,'2019-06-16 12:35:13'),(3796,127,154,37,88,7,'2019-06-16 12:35:13'),(3797,112,154,37,85,3,'2019-06-16 12:35:19'),(3798,112,154,37,86,3,'2019-06-16 12:35:19'),(3799,112,154,37,87,6,'2019-06-16 12:35:19'),(3800,112,154,37,88,5,'2019-06-16 12:35:19'),(3801,150,155,37,85,2,'2019-06-16 12:35:32'),(3802,150,155,37,86,6,'2019-06-16 12:35:32'),(3803,150,155,37,87,2,'2019-06-16 12:35:32'),(3804,150,155,37,88,2,'2019-06-16 12:35:32'),(3805,149,155,37,85,1,'2019-06-16 12:35:51'),(3806,149,155,37,86,1,'2019-06-16 12:35:51'),(3807,149,155,37,87,1,'2019-06-16 12:35:51'),(3808,149,155,37,88,1,'2019-06-16 12:35:51'),(3809,97,155,37,85,5,'2019-06-16 12:35:52'),(3810,97,155,37,86,3,'2019-06-16 12:35:52'),(3811,97,155,37,87,2,'2019-06-16 12:35:52'),(3812,97,155,37,88,5,'2019-06-16 12:35:52'),(3813,111,154,37,85,1,'2019-06-16 12:36:09'),(3814,111,154,37,86,1,'2019-06-16 12:36:09'),(3815,111,154,37,87,1,'2019-06-16 12:36:09'),(3816,111,154,37,88,1,'2019-06-16 12:36:09'),(3817,125,154,37,85,7,'2019-06-16 12:36:15'),(3818,125,154,37,86,10,'2019-06-16 12:36:15'),(3819,125,154,37,87,9,'2019-06-16 12:36:15'),(3820,125,154,37,88,7,'2019-06-16 12:36:15'),(3821,129,155,37,85,5,'2019-06-16 12:36:21'),(3822,129,155,37,86,5,'2019-06-16 12:36:21'),(3823,129,155,37,87,5,'2019-06-16 12:36:21'),(3824,129,155,37,88,5,'2019-06-16 12:36:21'),(3825,123,155,37,85,8,'2019-06-16 12:36:28'),(3826,123,155,37,86,4,'2019-06-16 12:36:28'),(3827,123,155,37,87,6,'2019-06-16 12:36:28'),(3828,123,155,37,88,7,'2019-06-16 12:36:28'),(3829,125,155,37,85,7,'2019-06-16 12:36:33'),(3830,125,155,37,86,8,'2019-06-16 12:36:33'),(3831,125,155,37,87,7,'2019-06-16 12:36:33'),(3832,125,155,37,88,7,'2019-06-16 12:36:33'),(3833,138,155,37,85,6,'2019-06-16 12:36:34'),(3834,138,155,37,86,5,'2019-06-16 12:36:34'),(3835,138,155,37,87,3,'2019-06-16 12:36:34'),(3836,138,155,37,88,1,'2019-06-16 12:36:34'),(3837,93,155,37,85,2,'2019-06-16 12:36:40'),(3838,93,155,37,86,2,'2019-06-16 12:36:40'),(3839,93,155,37,87,2,'2019-06-16 12:36:40'),(3840,93,155,37,88,2,'2019-06-16 12:36:40'),(3841,144,155,37,85,7,'2019-06-16 12:36:43'),(3842,144,155,37,86,7,'2019-06-16 12:36:43'),(3843,144,155,37,87,7,'2019-06-16 12:36:43'),(3844,144,155,37,88,7,'2019-06-16 12:36:43'),(3845,147,155,37,85,5,'2019-06-16 12:36:54'),(3846,147,155,37,86,6,'2019-06-16 12:36:54'),(3847,147,155,37,87,3,'2019-06-16 12:36:54'),(3848,147,155,37,88,3,'2019-06-16 12:36:54'),(3849,131,150,37,85,3,'2019-06-16 12:37:01'),(3850,131,150,37,86,6,'2019-06-16 12:37:01'),(3851,131,150,37,87,6,'2019-06-16 12:37:01'),(3852,131,150,37,88,5,'2019-06-16 12:37:01'),(3853,131,151,37,85,4,'2019-06-16 12:37:09'),(3854,131,151,37,86,3,'2019-06-16 12:37:09'),(3855,131,151,37,87,7,'2019-06-16 12:37:09'),(3856,131,151,37,88,3,'2019-06-16 12:37:09'),(3857,137,155,37,85,8,'2019-06-16 12:37:17'),(3858,137,155,37,86,8,'2019-06-16 12:37:17'),(3859,137,155,37,87,6,'2019-06-16 12:37:17'),(3860,137,155,37,88,7,'2019-06-16 12:37:17'),(3861,134,154,37,85,5,'2019-06-16 12:37:18'),(3862,134,154,37,86,6,'2019-06-16 12:37:18'),(3863,134,154,37,87,6,'2019-06-16 12:37:18'),(3864,134,154,37,88,6,'2019-06-16 12:37:18'),(3865,131,152,37,85,6,'2019-06-16 12:37:26'),(3866,131,152,37,86,8,'2019-06-16 12:37:26'),(3867,131,152,37,87,6,'2019-06-16 12:37:26'),(3868,131,152,37,88,2,'2019-06-16 12:37:26'),(3869,131,153,37,85,6,'2019-06-16 12:37:37'),(3870,131,153,37,86,6,'2019-06-16 12:37:37'),(3871,131,153,37,87,3,'2019-06-16 12:37:37'),(3872,131,153,37,88,7,'2019-06-16 12:37:37'),(3873,131,154,37,85,4,'2019-06-16 12:37:45'),(3874,131,154,37,86,6,'2019-06-16 12:37:45'),(3875,131,154,37,87,4,'2019-06-16 12:37:45'),(3876,131,154,37,88,6,'2019-06-16 12:37:45'),(3877,105,155,37,85,8,'2019-06-16 12:37:46'),(3878,105,155,37,86,2,'2019-06-16 12:37:46'),(3879,105,155,37,87,3,'2019-06-16 12:37:46'),(3880,105,155,37,88,3,'2019-06-16 12:37:46'),(3881,117,155,37,85,9,'2019-06-16 12:37:48'),(3882,117,155,37,86,8,'2019-06-16 12:37:48'),(3883,117,155,37,87,8,'2019-06-16 12:37:48'),(3884,117,155,37,88,7,'2019-06-16 12:37:48'),(3885,95,155,37,85,7,'2019-06-16 12:37:51'),(3886,95,155,37,86,8,'2019-06-16 12:37:51'),(3887,95,155,37,87,7,'2019-06-16 12:37:51'),(3888,95,155,37,88,6,'2019-06-16 12:37:51'),(3889,103,155,37,85,1,'2019-06-16 12:37:52'),(3890,103,155,37,86,1,'2019-06-16 12:37:52'),(3891,103,155,37,87,1,'2019-06-16 12:37:52'),(3892,103,155,37,88,1,'2019-06-16 12:37:52'),(3893,131,155,37,85,7,'2019-06-16 12:37:55'),(3894,131,155,37,86,9,'2019-06-16 12:37:55'),(3895,131,155,37,87,6,'2019-06-16 12:37:55'),(3896,131,155,37,88,3,'2019-06-16 12:37:55'),(3897,133,151,37,85,6,'2019-06-16 12:37:56'),(3898,133,151,37,86,6,'2019-06-16 12:37:56'),(3899,133,151,37,87,5,'2019-06-16 12:37:56'),(3900,133,151,37,88,5,'2019-06-16 12:37:56'),(3901,145,155,37,85,1,'2019-06-16 12:38:00'),(3902,145,155,37,86,1,'2019-06-16 12:38:00'),(3903,145,155,37,87,1,'2019-06-16 12:38:00'),(3904,145,155,37,88,1,'2019-06-16 12:38:00'),(3905,96,155,37,85,8,'2019-06-16 12:38:01'),(3906,96,155,37,86,6,'2019-06-16 12:38:01'),(3907,96,155,37,87,6,'2019-06-16 12:38:01'),(3908,96,155,37,88,4,'2019-06-16 12:38:01'),(3909,148,155,37,85,9,'2019-06-16 12:38:13'),(3910,148,155,37,86,8,'2019-06-16 12:38:13'),(3911,148,155,37,87,3,'2019-06-16 12:38:13'),(3912,148,155,37,88,6,'2019-06-16 12:38:13'),(3913,133,154,37,85,6,'2019-06-16 12:38:26'),(3914,133,154,37,86,5,'2019-06-16 12:38:26'),(3915,133,154,37,87,5,'2019-06-16 12:38:26'),(3916,133,154,37,88,5,'2019-06-16 12:38:26'),(3917,136,155,37,85,9,'2019-06-16 12:38:33'),(3918,136,155,37,86,5,'2019-06-16 12:38:33'),(3919,136,155,37,87,4,'2019-06-16 12:38:33'),(3920,136,155,37,88,1,'2019-06-16 12:38:33'),(3921,133,155,37,85,5,'2019-06-16 12:38:48'),(3922,133,155,37,86,5,'2019-06-16 12:38:48'),(3923,133,155,37,87,6,'2019-06-16 12:38:48'),(3924,133,155,37,88,4,'2019-06-16 12:38:48'),(3925,132,155,37,85,8,'2019-06-16 12:38:53'),(3926,132,155,37,86,7,'2019-06-16 12:38:53'),(3927,132,155,37,87,8,'2019-06-16 12:38:53'),(3928,132,155,37,88,7,'2019-06-16 12:38:53'),(3929,115,155,37,85,6,'2019-06-16 12:39:12'),(3930,115,155,37,86,7,'2019-06-16 12:39:12'),(3931,115,155,37,87,6,'2019-06-16 12:39:12'),(3932,115,155,37,88,7,'2019-06-16 12:39:12'),(3933,113,155,37,85,7,'2019-06-16 12:39:19'),(3934,113,155,37,86,7,'2019-06-16 12:39:19'),(3935,113,155,37,87,6,'2019-06-16 12:39:19'),(3936,113,155,37,88,9,'2019-06-16 12:39:19'),(3937,152,155,37,85,6,'2019-06-16 12:39:26'),(3938,152,155,37,86,8,'2019-06-16 12:39:26'),(3939,152,155,37,87,5,'2019-06-16 12:39:26'),(3940,152,155,37,88,6,'2019-06-16 12:39:26'),(3941,133,153,37,85,7,'2019-06-16 12:39:30'),(3942,133,153,37,86,5,'2019-06-16 12:39:30'),(3943,133,153,37,87,6,'2019-06-16 12:39:30'),(3944,133,153,37,88,4,'2019-06-16 12:39:30'),(3945,94,154,37,85,5,'2019-06-16 12:39:32'),(3946,94,154,37,86,5,'2019-06-16 12:39:32'),(3947,94,154,37,87,3,'2019-06-16 12:39:32'),(3948,94,154,37,88,3,'2019-06-16 12:39:32'),(3949,98,155,37,85,3,'2019-06-16 12:39:33'),(3950,98,155,37,86,3,'2019-06-16 12:39:33'),(3951,98,155,37,87,3,'2019-06-16 12:39:33'),(3952,98,155,37,88,3,'2019-06-16 12:39:33'),(3953,114,143,37,85,3,'2019-06-16 12:39:45'),(3954,114,143,37,86,3,'2019-06-16 12:39:45'),(3955,114,143,37,87,3,'2019-06-16 12:39:45'),(3956,114,143,37,88,3,'2019-06-16 12:39:45'),(3957,134,155,37,85,7,'2019-06-16 12:39:48'),(3958,134,155,37,86,6,'2019-06-16 12:39:48'),(3959,134,155,37,87,6,'2019-06-16 12:39:48'),(3960,134,155,37,88,7,'2019-06-16 12:39:48'),(3961,98,156,37,85,9,'2019-06-16 12:39:55'),(3962,98,156,37,86,9,'2019-06-16 12:39:55'),(3963,98,156,37,87,3,'2019-06-16 12:39:55'),(3964,98,156,37,88,8,'2019-06-16 12:39:55'),(3965,94,155,37,85,6,'2019-06-16 12:39:58'),(3966,94,155,37,86,5,'2019-06-16 12:39:58'),(3967,94,155,37,87,2,'2019-06-16 12:39:58'),(3968,94,155,37,88,10,'2019-06-16 12:39:58'),(3969,114,144,37,85,1,'2019-06-16 12:40:01'),(3970,114,144,37,86,1,'2019-06-16 12:40:01'),(3971,114,144,37,87,1,'2019-06-16 12:40:01'),(3972,114,144,37,88,1,'2019-06-16 12:40:01'),(3973,114,145,37,85,1,'2019-06-16 12:40:34'),(3974,114,145,37,86,1,'2019-06-16 12:40:34'),(3975,114,145,37,87,1,'2019-06-16 12:40:34'),(3976,114,145,37,88,1,'2019-06-16 12:40:34'),(3977,116,155,37,85,9,'2019-06-16 12:40:40'),(3978,116,155,37,86,5,'2019-06-16 12:40:40'),(3979,116,155,37,87,5,'2019-06-16 12:40:40'),(3980,116,155,37,88,1,'2019-06-16 12:40:40'),(3981,154,155,37,85,4,'2019-06-16 12:40:45'),(3982,154,155,37,86,4,'2019-06-16 12:40:45'),(3983,154,155,37,87,6,'2019-06-16 12:40:45'),(3984,154,155,37,88,4,'2019-06-16 12:40:45'),(3985,153,143,37,85,7,'2019-06-16 12:40:45'),(3986,153,143,37,86,4,'2019-06-16 12:40:45'),(3987,153,143,37,87,3,'2019-06-16 12:40:45'),(3988,153,143,37,88,3,'2019-06-16 12:40:45'),(3989,153,144,37,85,6,'2019-06-16 12:41:03'),(3990,153,144,37,86,3,'2019-06-16 12:41:03'),(3991,153,144,37,87,2,'2019-06-16 12:41:03'),(3992,153,144,37,88,6,'2019-06-16 12:41:03'),(3993,126,155,37,85,4,'2019-06-16 12:41:10'),(3994,126,155,37,86,1,'2019-06-16 12:41:10'),(3995,126,155,37,87,3,'2019-06-16 12:41:10'),(3996,126,155,37,88,6,'2019-06-16 12:41:10'),(3997,138,157,37,85,4,'2019-06-16 12:41:19'),(3998,138,157,37,86,3,'2019-06-16 12:41:19'),(3999,138,157,37,87,2,'2019-06-16 12:41:19'),(4000,138,157,37,88,6,'2019-06-16 12:41:19'),(4001,153,145,37,85,5,'2019-06-16 12:41:19'),(4002,153,145,37,86,2,'2019-06-16 12:41:19'),(4003,153,145,37,87,2,'2019-06-16 12:41:19'),(4004,153,145,37,88,1,'2019-06-16 12:41:19'),(4005,114,146,37,85,3,'2019-06-16 12:41:20'),(4006,114,146,37,86,2,'2019-06-16 12:41:20'),(4007,114,146,37,87,2,'2019-06-16 12:41:20'),(4008,114,146,37,88,2,'2019-06-16 12:41:20'),(4009,142,155,37,85,6,'2019-06-16 12:41:29'),(4010,142,155,37,86,3,'2019-06-16 12:41:29'),(4011,142,155,37,87,4,'2019-06-16 12:41:29'),(4012,142,155,37,88,5,'2019-06-16 12:41:29'),(4013,111,155,37,85,2,'2019-06-16 12:41:32'),(4014,111,155,37,86,3,'2019-06-16 12:41:32'),(4015,111,155,37,87,3,'2019-06-16 12:41:32'),(4016,111,155,37,88,2,'2019-06-16 12:41:32'),(4017,128,155,37,85,5,'2019-06-16 12:41:33'),(4018,128,155,37,86,4,'2019-06-16 12:41:33'),(4019,128,155,37,87,4,'2019-06-16 12:41:33'),(4020,128,155,37,88,4,'2019-06-16 12:41:33'),(4021,153,146,37,85,6,'2019-06-16 12:41:47'),(4022,153,146,37,86,6,'2019-06-16 12:41:47'),(4023,153,146,37,87,3,'2019-06-16 12:41:47'),(4024,153,146,37,88,2,'2019-06-16 12:41:47'),(4025,151,156,37,85,10,'2019-06-16 12:41:55'),(4026,151,156,37,86,10,'2019-06-16 12:41:55'),(4027,151,156,37,87,10,'2019-06-16 12:41:55'),(4028,151,156,37,88,10,'2019-06-16 12:41:55'),(4029,114,147,37,85,1,'2019-06-16 12:41:55'),(4030,114,147,37,86,1,'2019-06-16 12:41:55'),(4031,114,147,37,87,1,'2019-06-16 12:41:55'),(4032,114,147,37,88,1,'2019-06-16 12:41:55'),(4033,114,148,37,85,1,'2019-06-16 12:42:02'),(4034,114,148,37,86,1,'2019-06-16 12:42:02'),(4035,114,148,37,87,1,'2019-06-16 12:42:02'),(4036,114,148,37,88,1,'2019-06-16 12:42:02'),(4037,114,149,37,85,3,'2019-06-16 12:42:19'),(4038,114,149,37,86,1,'2019-06-16 12:42:19'),(4039,114,149,37,87,1,'2019-06-16 12:42:19'),(4040,114,149,37,88,3,'2019-06-16 12:42:19'),(4041,97,156,37,85,8,'2019-06-16 12:42:21'),(4042,97,156,37,86,8,'2019-06-16 12:42:21'),(4043,97,156,37,87,7,'2019-06-16 12:42:21'),(4044,97,156,37,88,8,'2019-06-16 12:42:21'),(4045,153,147,37,85,2,'2019-06-16 12:42:32'),(4046,153,147,37,86,2,'2019-06-16 12:42:32'),(4047,153,147,37,87,2,'2019-06-16 12:42:32'),(4048,153,147,37,88,2,'2019-06-16 12:42:32'),(4049,144,156,37,85,10,'2019-06-16 12:42:34'),(4050,144,156,37,86,10,'2019-06-16 12:42:34'),(4051,144,156,37,87,10,'2019-06-16 12:42:34'),(4052,144,156,37,88,10,'2019-06-16 12:42:34'),(4053,153,148,37,85,8,'2019-06-16 12:42:44'),(4054,153,148,37,86,4,'2019-06-16 12:42:44'),(4055,153,148,37,87,4,'2019-06-16 12:42:44'),(4056,153,148,37,88,2,'2019-06-16 12:42:44'),(4057,114,150,37,85,1,'2019-06-16 12:42:58'),(4058,114,150,37,86,1,'2019-06-16 12:42:58'),(4059,114,150,37,87,1,'2019-06-16 12:42:58'),(4060,114,150,37,88,1,'2019-06-16 12:42:58'),(4061,103,156,37,85,10,'2019-06-16 12:43:01'),(4062,103,156,37,86,10,'2019-06-16 12:43:01'),(4063,103,156,37,87,10,'2019-06-16 12:43:01'),(4064,103,156,37,88,10,'2019-06-16 12:43:01'),(4065,153,149,37,85,1,'2019-06-16 12:43:01'),(4066,153,149,37,86,1,'2019-06-16 12:43:01'),(4067,153,149,37,87,1,'2019-06-16 12:43:01'),(4068,153,149,37,88,1,'2019-06-16 12:43:01'),(4069,114,151,37,85,1,'2019-06-16 12:43:07'),(4070,114,151,37,86,1,'2019-06-16 12:43:07'),(4071,114,151,37,87,1,'2019-06-16 12:43:07'),(4072,114,151,37,88,1,'2019-06-16 12:43:07'),(4073,108,154,37,85,8,'2019-06-16 12:43:12'),(4074,108,154,37,86,8,'2019-06-16 12:43:12'),(4075,108,154,37,87,8,'2019-06-16 12:43:12'),(4076,108,154,37,88,8,'2019-06-16 12:43:12'),(4077,153,150,37,85,2,'2019-06-16 12:43:15'),(4078,153,150,37,86,2,'2019-06-16 12:43:15'),(4079,153,150,37,87,2,'2019-06-16 12:43:15'),(4080,153,150,37,88,8,'2019-06-16 12:43:15'),(4081,112,156,37,85,9,'2019-06-16 12:43:19'),(4082,112,156,37,86,7,'2019-06-16 12:43:19'),(4083,112,156,37,87,5,'2019-06-16 12:43:19'),(4084,112,156,37,88,9,'2019-06-16 12:43:19'),(4085,108,155,37,85,5,'2019-06-16 12:43:25'),(4086,108,155,37,86,5,'2019-06-16 12:43:25'),(4087,108,155,37,87,5,'2019-06-16 12:43:25'),(4088,108,155,37,88,5,'2019-06-16 12:43:25'),(4089,153,151,37,85,10,'2019-06-16 12:43:28'),(4090,153,151,37,86,3,'2019-06-16 12:43:28'),(4091,153,151,37,87,3,'2019-06-16 12:43:28'),(4092,153,151,37,88,10,'2019-06-16 12:43:28'),(4093,108,156,37,85,10,'2019-06-16 12:43:36'),(4094,108,156,37,86,10,'2019-06-16 12:43:36'),(4095,108,156,37,87,10,'2019-06-16 12:43:36'),(4096,108,156,37,88,10,'2019-06-16 12:43:36'),(4097,123,156,37,85,7,'2019-06-16 12:43:39'),(4098,123,156,37,86,5,'2019-06-16 12:43:39'),(4099,123,156,37,87,6,'2019-06-16 12:43:39'),(4100,123,156,37,88,8,'2019-06-16 12:43:39'),(4101,153,152,37,85,2,'2019-06-16 12:43:40'),(4102,153,152,37,86,2,'2019-06-16 12:43:40'),(4103,153,152,37,87,1,'2019-06-16 12:43:40'),(4104,153,152,37,88,1,'2019-06-16 12:43:40'),(4105,114,152,37,85,1,'2019-06-16 12:43:46'),(4106,114,152,37,86,1,'2019-06-16 12:43:46'),(4107,114,152,37,87,1,'2019-06-16 12:43:46'),(4108,114,152,37,88,1,'2019-06-16 12:43:46'),(4109,150,156,37,85,10,'2019-06-16 12:43:52'),(4110,150,156,37,86,10,'2019-06-16 12:43:52'),(4111,150,156,37,87,3,'2019-06-16 12:43:52'),(4112,150,156,37,88,8,'2019-06-16 12:43:52'),(4113,153,154,37,85,3,'2019-06-16 12:43:56'),(4114,153,154,37,86,2,'2019-06-16 12:43:56'),(4115,153,154,37,87,2,'2019-06-16 12:43:56'),(4116,153,154,37,88,5,'2019-06-16 12:43:56'),(4117,114,154,37,85,3,'2019-06-16 12:44:00'),(4118,114,154,37,86,2,'2019-06-16 12:44:00'),(4119,114,154,37,87,3,'2019-06-16 12:44:00'),(4120,114,154,37,88,2,'2019-06-16 12:44:00'),(4121,152,156,37,85,7,'2019-06-16 12:44:01'),(4122,152,156,37,86,6,'2019-06-16 12:44:01'),(4123,152,156,37,87,4,'2019-06-16 12:44:01'),(4124,152,156,37,88,8,'2019-06-16 12:44:01'),(4125,149,156,37,85,9,'2019-06-16 12:44:03'),(4126,149,156,37,86,9,'2019-06-16 12:44:03'),(4127,149,156,37,87,9,'2019-06-16 12:44:03'),(4128,149,156,37,88,9,'2019-06-16 12:44:03'),(4129,153,155,37,85,5,'2019-06-16 12:44:12'),(4130,153,155,37,86,4,'2019-06-16 12:44:12'),(4131,153,155,37,87,4,'2019-06-16 12:44:12'),(4132,153,155,37,88,4,'2019-06-16 12:44:12'),(4133,153,156,37,85,10,'2019-06-16 12:44:24'),(4134,153,156,37,86,5,'2019-06-16 12:44:24'),(4135,153,156,37,87,5,'2019-06-16 12:44:24'),(4136,153,156,37,88,7,'2019-06-16 12:44:24'),(4137,137,156,37,85,7,'2019-06-16 12:44:24'),(4138,137,156,37,86,7,'2019-06-16 12:44:24'),(4139,137,156,37,87,5,'2019-06-16 12:44:24'),(4140,137,156,37,88,6,'2019-06-16 12:44:24'),(4141,126,156,37,85,8,'2019-06-16 12:44:25'),(4142,126,156,37,86,5,'2019-06-16 12:44:25'),(4143,126,156,37,87,3,'2019-06-16 12:44:25'),(4144,126,156,37,88,7,'2019-06-16 12:44:25'),(4145,148,156,37,85,5,'2019-06-16 12:44:33'),(4146,148,156,37,86,8,'2019-06-16 12:44:33'),(4147,148,156,37,87,7,'2019-06-16 12:44:33'),(4148,148,156,37,88,4,'2019-06-16 12:44:33'),(4149,114,155,37,85,2,'2019-06-16 12:44:33'),(4150,114,155,37,86,1,'2019-06-16 12:44:33'),(4151,114,155,37,87,2,'2019-06-16 12:44:33'),(4152,114,155,37,88,1,'2019-06-16 12:44:33'),(4153,117,156,37,85,9,'2019-06-16 12:44:34'),(4154,117,156,37,86,8,'2019-06-16 12:44:34'),(4155,117,156,37,87,8,'2019-06-16 12:44:34'),(4156,117,156,37,88,7,'2019-06-16 12:44:34'),(4157,119,156,37,85,4,'2019-06-16 12:44:37'),(4158,119,156,37,86,2,'2019-06-16 12:44:37'),(4159,119,156,37,87,8,'2019-06-16 12:44:37'),(4160,119,156,37,88,7,'2019-06-16 12:44:37'),(4161,135,154,37,85,5,'2019-06-16 12:44:38'),(4162,135,154,37,86,4,'2019-06-16 12:44:38'),(4163,135,154,37,87,8,'2019-06-16 12:44:38'),(4164,135,154,37,88,2,'2019-06-16 12:44:38'),(4165,105,156,37,85,1,'2019-06-16 12:44:45'),(4166,105,156,37,86,5,'2019-06-16 12:44:45'),(4167,105,156,37,87,6,'2019-06-16 12:44:45'),(4168,105,156,37,88,3,'2019-06-16 12:44:45'),(4169,134,156,37,85,9,'2019-06-16 12:44:46'),(4170,134,156,37,86,9,'2019-06-16 12:44:46'),(4171,134,156,37,87,9,'2019-06-16 12:44:46'),(4172,134,156,37,88,8,'2019-06-16 12:44:46'),(4173,116,156,37,85,9,'2019-06-16 12:44:54'),(4174,116,156,37,86,9,'2019-06-16 12:44:54'),(4175,116,156,37,87,6,'2019-06-16 12:44:54'),(4176,116,156,37,88,9,'2019-06-16 12:44:54'),(4177,135,162,37,85,5,'2019-06-16 12:45:06'),(4178,135,162,37,86,6,'2019-06-16 12:45:06'),(4179,135,162,37,87,4,'2019-06-16 12:45:06'),(4180,135,162,37,88,4,'2019-06-16 12:45:06'),(4181,125,156,37,85,8,'2019-06-16 12:45:07'),(4182,125,156,37,86,9,'2019-06-16 12:45:07'),(4183,125,156,37,87,8,'2019-06-16 12:45:07'),(4184,125,156,37,88,8,'2019-06-16 12:45:07'),(4185,95,156,37,85,9,'2019-06-16 12:45:10'),(4186,95,156,37,86,10,'2019-06-16 12:45:10'),(4187,95,156,37,87,8,'2019-06-16 12:45:10'),(4188,95,156,37,88,8,'2019-06-16 12:45:10'),(4189,136,156,37,85,9,'2019-06-16 12:45:16'),(4190,136,156,37,86,9,'2019-06-16 12:45:16'),(4191,136,156,37,87,8,'2019-06-16 12:45:16'),(4192,136,156,37,88,9,'2019-06-16 12:45:16'),(4193,96,156,37,85,5,'2019-06-16 12:45:21'),(4194,96,156,37,86,6,'2019-06-16 12:45:21'),(4195,96,156,37,87,5,'2019-06-16 12:45:21'),(4196,96,156,37,88,6,'2019-06-16 12:45:21'),(4197,114,156,37,85,2,'2019-06-16 12:45:25'),(4198,114,156,37,86,2,'2019-06-16 12:45:25'),(4199,114,156,37,87,2,'2019-06-16 12:45:25'),(4200,114,156,37,88,2,'2019-06-16 12:45:25'),(4201,100,156,37,85,9,'2019-06-16 12:45:31'),(4202,100,156,37,86,8,'2019-06-16 12:45:31'),(4203,100,156,37,87,8,'2019-06-16 12:45:31'),(4204,100,156,37,88,9,'2019-06-16 12:45:31'),(4205,119,154,37,85,4,'2019-06-16 12:45:32'),(4206,119,154,37,86,8,'2019-06-16 12:45:32'),(4207,119,154,37,87,8,'2019-06-16 12:45:32'),(4208,119,154,37,88,3,'2019-06-16 12:45:32'),(4209,115,156,37,85,4,'2019-06-16 12:45:41'),(4210,115,156,37,86,4,'2019-06-16 12:45:41'),(4211,115,156,37,87,3,'2019-06-16 12:45:41'),(4212,115,156,37,88,5,'2019-06-16 12:45:41'),(4213,142,156,37,85,3,'2019-06-16 12:45:48'),(4214,142,156,37,86,6,'2019-06-16 12:45:48'),(4215,142,156,37,87,6,'2019-06-16 12:45:48'),(4216,142,156,37,88,4,'2019-06-16 12:45:48'),(4217,145,156,37,85,7,'2019-06-16 12:45:55'),(4218,145,156,37,86,5,'2019-06-16 12:45:55'),(4219,145,156,37,87,6,'2019-06-16 12:45:55'),(4220,145,156,37,88,4,'2019-06-16 12:45:55'),(4221,131,156,37,85,10,'2019-06-16 12:46:11'),(4222,131,156,37,86,10,'2019-06-16 12:46:11'),(4223,131,156,37,87,8,'2019-06-16 12:46:11'),(4224,131,156,37,88,10,'2019-06-16 12:46:11'),(4225,128,156,37,85,8,'2019-06-16 12:46:16'),(4226,128,156,37,86,7,'2019-06-16 12:46:16'),(4227,128,156,37,87,5,'2019-06-16 12:46:16'),(4228,128,156,37,88,7,'2019-06-16 12:46:16'),(4229,121,147,37,85,1,'2019-06-16 12:46:38'),(4230,121,147,37,86,1,'2019-06-16 12:46:38'),(4231,121,147,37,87,1,'2019-06-16 12:46:38'),(4232,121,147,37,88,1,'2019-06-16 12:46:38'),(4233,127,155,37,85,6,'2019-06-16 12:46:54'),(4234,127,155,37,86,5,'2019-06-16 12:46:54'),(4235,127,155,37,87,3,'2019-06-16 12:46:54'),(4236,127,155,37,88,5,'2019-06-16 12:46:54'),(4237,132,156,37,85,6,'2019-06-16 12:47:05'),(4238,132,156,37,86,6,'2019-06-16 12:47:05'),(4239,132,156,37,87,5,'2019-06-16 12:47:05'),(4240,132,156,37,88,6,'2019-06-16 12:47:05'),(4241,113,156,37,85,10,'2019-06-16 12:47:09'),(4242,113,156,37,86,6,'2019-06-16 12:47:09'),(4243,113,156,37,87,8,'2019-06-16 12:47:09'),(4244,113,156,37,88,5,'2019-06-16 12:47:09'),(4249,95,157,37,85,8,'2019-06-16 12:47:17'),(4250,95,157,37,86,9,'2019-06-16 12:47:17'),(4251,95,157,37,87,7,'2019-06-16 12:47:17'),(4252,95,157,37,88,9,'2019-06-16 12:47:17'),(4253,121,148,37,85,1,'2019-06-16 12:47:24'),(4254,121,148,37,86,1,'2019-06-16 12:47:24'),(4255,121,148,37,87,1,'2019-06-16 12:47:24'),(4256,121,148,37,88,1,'2019-06-16 12:47:24'),(4257,94,156,37,85,7,'2019-06-16 12:47:29'),(4258,94,156,37,86,4,'2019-06-16 12:47:29'),(4259,94,156,37,87,1,'2019-06-16 12:47:29'),(4260,94,156,37,88,1,'2019-06-16 12:47:29'),(4261,127,156,37,85,7,'2019-06-16 12:47:32'),(4262,127,156,37,86,5,'2019-06-16 12:47:32'),(4263,127,156,37,87,5,'2019-06-16 12:47:32'),(4264,127,156,37,88,6,'2019-06-16 12:47:32'),(4265,119,150,37,85,10,'2019-06-16 12:47:35'),(4266,119,150,37,86,10,'2019-06-16 12:47:35'),(4267,119,150,37,87,10,'2019-06-16 12:47:35'),(4268,119,150,37,88,10,'2019-06-16 12:47:35'),(4269,121,149,37,85,1,'2019-06-16 12:47:36'),(4270,121,149,37,86,1,'2019-06-16 12:47:36'),(4271,121,149,37,87,1,'2019-06-16 12:47:36'),(4272,121,149,37,88,1,'2019-06-16 12:47:36'),(4273,95,158,37,85,7,'2019-06-16 12:47:42'),(4274,95,158,37,86,9,'2019-06-16 12:47:42'),(4275,95,158,37,87,7,'2019-06-16 12:47:42'),(4276,95,158,37,88,8,'2019-06-16 12:47:42'),(4277,137,157,37,85,4,'2019-06-16 12:48:17'),(4278,137,157,37,86,5,'2019-06-16 12:48:17'),(4279,137,157,37,87,3,'2019-06-16 12:48:17'),(4280,137,157,37,88,4,'2019-06-16 12:48:17'),(4281,144,157,37,85,7,'2019-06-16 12:48:18'),(4282,144,157,37,86,7,'2019-06-16 12:48:18'),(4283,144,157,37,87,7,'2019-06-16 12:48:18'),(4284,144,157,37,88,7,'2019-06-16 12:48:18'),(4285,95,159,37,85,8,'2019-06-16 12:48:18'),(4286,95,159,37,86,9,'2019-06-16 12:48:18'),(4287,95,159,37,87,7,'2019-06-16 12:48:18'),(4288,95,159,37,88,10,'2019-06-16 12:48:18'),(4289,153,157,37,85,6,'2019-06-16 12:48:22'),(4290,153,157,37,86,2,'2019-06-16 12:48:22'),(4291,153,157,37,87,2,'2019-06-16 12:48:22'),(4292,153,157,37,88,5,'2019-06-16 12:48:22'),(4293,145,157,37,85,1,'2019-06-16 12:48:23'),(4294,145,157,37,86,1,'2019-06-16 12:48:23'),(4295,145,157,37,87,1,'2019-06-16 12:48:23'),(4296,145,157,37,88,1,'2019-06-16 12:48:23'),(4297,145,158,37,85,1,'2019-06-16 12:48:35'),(4298,145,158,37,86,1,'2019-06-16 12:48:35'),(4299,145,158,37,87,1,'2019-06-16 12:48:35'),(4300,145,158,37,88,1,'2019-06-16 12:48:35'),(4301,95,160,37,85,6,'2019-06-16 12:48:40'),(4302,95,160,37,86,8,'2019-06-16 12:48:40'),(4303,95,160,37,87,8,'2019-06-16 12:48:40'),(4304,95,160,37,88,9,'2019-06-16 12:48:40'),(4305,121,150,37,85,1,'2019-06-16 12:49:00'),(4306,121,150,37,86,1,'2019-06-16 12:49:00'),(4307,121,150,37,87,1,'2019-06-16 12:49:00'),(4308,121,150,37,88,1,'2019-06-16 12:49:00'),(4309,121,151,37,85,1,'2019-06-16 12:49:07'),(4310,121,151,37,86,1,'2019-06-16 12:49:07'),(4311,121,151,37,87,1,'2019-06-16 12:49:07'),(4312,121,151,37,88,1,'2019-06-16 12:49:07'),(4313,98,157,37,85,4,'2019-06-16 12:49:09'),(4314,98,157,37,86,3,'2019-06-16 12:49:09'),(4315,98,157,37,87,3,'2019-06-16 12:49:09'),(4316,98,157,37,88,6,'2019-06-16 12:49:09'),(4317,121,152,37,85,1,'2019-06-16 12:49:13'),(4318,121,152,37,86,1,'2019-06-16 12:49:13'),(4319,121,152,37,87,1,'2019-06-16 12:49:13'),(4320,121,152,37,88,1,'2019-06-16 12:49:13'),(4321,151,157,37,85,5,'2019-06-16 12:49:14'),(4322,151,157,37,86,5,'2019-06-16 12:49:14'),(4323,151,157,37,87,4,'2019-06-16 12:49:14'),(4324,151,157,37,88,4,'2019-06-16 12:49:14'),(4325,97,157,37,85,7,'2019-06-16 12:49:18'),(4326,97,157,37,86,4,'2019-06-16 12:49:18'),(4327,97,157,37,87,8,'2019-06-16 12:49:18'),(4328,97,157,37,88,7,'2019-06-16 12:49:18'),(4329,121,153,37,85,1,'2019-06-16 12:49:22'),(4330,121,153,37,86,1,'2019-06-16 12:49:22'),(4331,121,153,37,87,1,'2019-06-16 12:49:22'),(4332,121,153,37,88,1,'2019-06-16 12:49:22'),(4333,150,157,37,85,3,'2019-06-16 12:49:23'),(4334,150,157,37,86,4,'2019-06-16 12:49:23'),(4335,150,157,37,87,4,'2019-06-16 12:49:23'),(4336,150,157,37,88,3,'2019-06-16 12:49:23'),(4337,121,154,37,85,1,'2019-06-16 12:49:29'),(4338,121,154,37,86,1,'2019-06-16 12:49:29'),(4339,121,154,37,87,1,'2019-06-16 12:49:29'),(4340,121,154,37,88,1,'2019-06-16 12:49:29'),(4341,103,157,37,85,3,'2019-06-16 12:49:37'),(4342,103,157,37,86,4,'2019-06-16 12:49:37'),(4343,103,157,37,87,4,'2019-06-16 12:49:37'),(4344,103,157,37,88,4,'2019-06-16 12:49:37'),(4345,95,161,37,85,7,'2019-06-16 12:49:41'),(4346,95,161,37,86,9,'2019-06-16 12:49:41'),(4347,95,161,37,87,8,'2019-06-16 12:49:41'),(4348,95,161,37,88,8,'2019-06-16 12:49:41'),(4349,121,155,37,85,1,'2019-06-16 12:49:52'),(4350,121,155,37,86,1,'2019-06-16 12:49:52'),(4351,121,155,37,87,1,'2019-06-16 12:49:52'),(4352,121,155,37,88,1,'2019-06-16 12:49:52'),(4353,95,162,37,85,9,'2019-06-16 12:50:06'),(4354,95,162,37,86,7,'2019-06-16 12:50:06'),(4355,95,162,37,87,6,'2019-06-16 12:50:06'),(4356,95,162,37,88,8,'2019-06-16 12:50:06'),(4357,93,156,37,85,2,'2019-06-16 12:50:08'),(4358,93,156,37,86,4,'2019-06-16 12:50:08'),(4359,93,156,37,87,4,'2019-06-16 12:50:08'),(4360,93,156,37,88,2,'2019-06-16 12:50:08'),(4361,93,157,37,85,10,'2019-06-16 12:50:14'),(4362,93,157,37,86,10,'2019-06-16 12:50:14'),(4363,93,157,37,87,10,'2019-06-16 12:50:14'),(4364,93,157,37,88,10,'2019-06-16 12:50:14'),(4365,121,156,37,85,1,'2019-06-16 12:50:16'),(4366,121,156,37,86,1,'2019-06-16 12:50:16'),(4367,121,156,37,87,1,'2019-06-16 12:50:16'),(4368,121,156,37,88,1,'2019-06-16 12:50:16'),(4369,147,157,37,85,3,'2019-06-16 12:50:23'),(4370,147,157,37,86,2,'2019-06-16 12:50:23'),(4371,147,157,37,87,2,'2019-06-16 12:50:23'),(4372,147,157,37,88,2,'2019-06-16 12:50:23'),(4373,121,157,37,85,1,'2019-06-16 12:50:26'),(4374,121,157,37,86,1,'2019-06-16 12:50:26'),(4375,121,157,37,87,1,'2019-06-16 12:50:26'),(4376,121,157,37,88,1,'2019-06-16 12:50:26'),(4377,126,157,37,85,6,'2019-06-16 12:50:28'),(4378,126,157,37,86,2,'2019-06-16 12:50:28'),(4379,126,157,37,87,2,'2019-06-16 12:50:28'),(4380,126,157,37,88,6,'2019-06-16 12:50:28'),(4381,105,157,37,85,8,'2019-06-16 12:50:35'),(4382,105,157,37,86,1,'2019-06-16 12:50:35'),(4383,105,157,37,87,4,'2019-06-16 12:50:35'),(4384,105,157,37,88,2,'2019-06-16 12:50:35'),(4385,121,158,37,85,1,'2019-06-16 12:50:36'),(4386,121,158,37,86,1,'2019-06-16 12:50:36'),(4387,121,158,37,87,1,'2019-06-16 12:50:36'),(4388,121,158,37,88,1,'2019-06-16 12:50:36'),(4389,121,159,37,85,1,'2019-06-16 12:50:45'),(4390,121,159,37,86,1,'2019-06-16 12:50:45'),(4391,121,159,37,87,1,'2019-06-16 12:50:45'),(4392,121,159,37,88,1,'2019-06-16 12:50:45'),(4393,110,153,37,85,5,'2019-06-16 12:50:49'),(4394,110,153,37,86,7,'2019-06-16 12:50:49'),(4395,110,153,37,87,7,'2019-06-16 12:50:49'),(4396,110,153,37,88,6,'2019-06-16 12:50:49'),(4397,145,161,37,85,1,'2019-06-16 12:50:50'),(4398,145,161,37,86,1,'2019-06-16 12:50:50'),(4399,145,161,37,87,1,'2019-06-16 12:50:50'),(4400,145,161,37,88,1,'2019-06-16 12:50:50'),(4401,110,154,37,85,7,'2019-06-16 12:50:58'),(4402,110,154,37,86,7,'2019-06-16 12:50:58'),(4403,110,154,37,87,6,'2019-06-16 12:50:58'),(4404,110,154,37,88,6,'2019-06-16 12:50:58'),(4405,152,157,37,85,9,'2019-06-16 12:51:05'),(4406,152,157,37,86,7,'2019-06-16 12:51:05'),(4407,152,157,37,87,6,'2019-06-16 12:51:05'),(4408,152,157,37,88,8,'2019-06-16 12:51:05'),(4409,114,157,37,85,5,'2019-06-16 12:51:09'),(4410,114,157,37,86,5,'2019-06-16 12:51:09'),(4411,114,157,37,87,4,'2019-06-16 12:51:09'),(4412,114,157,37,88,4,'2019-06-16 12:51:09'),(4413,110,155,37,85,7,'2019-06-16 12:51:12'),(4414,110,155,37,86,7,'2019-06-16 12:51:12'),(4415,110,155,37,87,8,'2019-06-16 12:51:12'),(4416,110,155,37,88,7,'2019-06-16 12:51:12'),(4417,110,156,37,85,10,'2019-06-16 12:51:19'),(4418,110,156,37,86,10,'2019-06-16 12:51:19'),(4419,110,156,37,87,10,'2019-06-16 12:51:19'),(4420,110,156,37,88,10,'2019-06-16 12:51:19'),(4421,115,157,37,85,4,'2019-06-16 12:51:21'),(4422,115,157,37,86,3,'2019-06-16 12:51:21'),(4423,115,157,37,87,2,'2019-06-16 12:51:21'),(4424,115,157,37,88,4,'2019-06-16 12:51:21'),(4425,110,157,37,85,7,'2019-06-16 12:51:28'),(4426,110,157,37,86,8,'2019-06-16 12:51:28'),(4427,110,157,37,87,7,'2019-06-16 12:51:28'),(4428,110,157,37,88,7,'2019-06-16 12:51:28'),(4429,96,157,37,85,5,'2019-06-16 12:51:31'),(4430,96,157,37,86,3,'2019-06-16 12:51:31'),(4431,96,157,37,87,4,'2019-06-16 12:51:31'),(4432,96,157,37,88,4,'2019-06-16 12:51:31'),(4433,117,157,37,85,8,'2019-06-16 12:52:13'),(4434,117,157,37,86,7,'2019-06-16 12:52:13'),(4435,117,157,37,87,8,'2019-06-16 12:52:13'),(4436,117,157,37,88,8,'2019-06-16 12:52:13'),(4437,135,157,37,85,4,'2019-06-16 12:52:33'),(4438,135,157,37,86,4,'2019-06-16 12:52:33'),(4439,135,157,37,87,6,'2019-06-16 12:52:33'),(4440,135,157,37,88,5,'2019-06-16 12:52:33'),(4441,94,157,37,85,7,'2019-06-16 12:52:40'),(4442,94,157,37,86,7,'2019-06-16 12:52:40'),(4443,94,157,37,87,4,'2019-06-16 12:52:40'),(4444,94,157,37,88,7,'2019-06-16 12:52:40'),(4445,145,162,37,85,1,'2019-06-16 12:52:47'),(4446,145,162,37,86,1,'2019-06-16 12:52:47'),(4447,145,162,37,87,1,'2019-06-16 12:52:47'),(4448,145,162,37,88,1,'2019-06-16 12:52:47'),(4449,125,157,37,85,6,'2019-06-16 12:52:53'),(4450,125,157,37,86,6,'2019-06-16 12:52:53'),(4451,125,157,37,87,5,'2019-06-16 12:52:53'),(4452,125,157,37,88,7,'2019-06-16 12:52:53'),(4453,134,157,37,85,8,'2019-06-16 12:52:56'),(4454,134,157,37,86,5,'2019-06-16 12:52:56'),(4455,134,157,37,87,9,'2019-06-16 12:52:56'),(4456,134,157,37,88,9,'2019-06-16 12:52:56'),(4457,113,157,37,85,5,'2019-06-16 12:52:56'),(4458,113,157,37,86,6,'2019-06-16 12:52:56'),(4459,113,157,37,87,9,'2019-06-16 12:52:56'),(4460,113,157,37,88,4,'2019-06-16 12:52:56'),(4461,154,156,37,85,2,'2019-06-16 12:53:00'),(4462,154,156,37,86,3,'2019-06-16 12:53:00'),(4463,154,156,37,87,2,'2019-06-16 12:53:00'),(4464,154,156,37,88,1,'2019-06-16 12:53:00'),(4465,131,157,37,85,9,'2019-06-16 12:53:08'),(4466,131,157,37,86,4,'2019-06-16 12:53:08'),(4467,131,157,37,87,7,'2019-06-16 12:53:08'),(4468,131,157,37,88,3,'2019-06-16 12:53:08'),(4469,97,158,37,85,1,'2019-06-16 12:53:30'),(4470,97,158,37,86,1,'2019-06-16 12:53:30'),(4471,97,158,37,87,1,'2019-06-16 12:53:30'),(4472,97,158,37,88,1,'2019-06-16 12:53:30'),(4473,142,157,37,85,5,'2019-06-16 12:53:32'),(4474,142,157,37,86,5,'2019-06-16 12:53:32'),(4475,142,157,37,87,3,'2019-06-16 12:53:32'),(4476,142,157,37,88,3,'2019-06-16 12:53:32'),(4477,149,157,37,85,3,'2019-06-16 12:53:37'),(4478,149,157,37,86,4,'2019-06-16 12:53:37'),(4479,149,157,37,87,4,'2019-06-16 12:53:37'),(4480,149,157,37,88,4,'2019-06-16 12:53:37'),(4481,128,157,37,85,6,'2019-06-16 12:53:37'),(4482,128,157,37,86,5,'2019-06-16 12:53:37'),(4483,128,157,37,87,4,'2019-06-16 12:53:37'),(4484,128,157,37,88,3,'2019-06-16 12:53:37'),(4485,101,152,37,85,5,'2019-06-16 12:53:39'),(4486,101,152,37,86,5,'2019-06-16 12:53:39'),(4487,101,152,37,87,5,'2019-06-16 12:53:39'),(4488,101,152,37,88,5,'2019-06-16 12:53:39'),(4489,101,153,37,85,5,'2019-06-16 12:53:48'),(4490,101,153,37,86,5,'2019-06-16 12:53:48'),(4491,101,153,37,87,5,'2019-06-16 12:53:48'),(4492,101,153,37,88,5,'2019-06-16 12:53:48'),(4493,101,154,37,85,5,'2019-06-16 12:53:55'),(4494,101,154,37,86,5,'2019-06-16 12:53:55'),(4495,101,154,37,87,5,'2019-06-16 12:53:55'),(4496,101,154,37,88,5,'2019-06-16 12:53:55'),(4497,144,158,37,85,7,'2019-06-16 12:53:59'),(4498,144,158,37,86,7,'2019-06-16 12:53:59'),(4499,144,158,37,87,7,'2019-06-16 12:53:59'),(4500,144,158,37,88,7,'2019-06-16 12:53:59'),(4501,128,158,37,85,6,'2019-06-16 12:54:02'),(4502,128,158,37,86,7,'2019-06-16 12:54:02'),(4503,128,158,37,87,6,'2019-06-16 12:54:02'),(4504,128,158,37,88,6,'2019-06-16 12:54:02'),(4505,101,155,37,85,5,'2019-06-16 12:54:03'),(4506,101,155,37,86,5,'2019-06-16 12:54:03'),(4507,101,155,37,87,5,'2019-06-16 12:54:03'),(4508,101,155,37,88,5,'2019-06-16 12:54:03'),(4509,101,156,37,85,5,'2019-06-16 12:54:10'),(4510,101,156,37,86,5,'2019-06-16 12:54:10'),(4511,101,156,37,87,5,'2019-06-16 12:54:10'),(4512,101,156,37,88,5,'2019-06-16 12:54:10'),(4513,120,156,37,85,5,'2019-06-16 12:54:14'),(4514,120,156,37,86,7,'2019-06-16 12:54:14'),(4515,120,156,37,87,5,'2019-06-16 12:54:14'),(4516,120,156,37,88,6,'2019-06-16 12:54:14'),(4517,136,157,37,85,8,'2019-06-16 12:54:20'),(4518,136,157,37,86,6,'2019-06-16 12:54:20'),(4519,136,157,37,87,5,'2019-06-16 12:54:20'),(4520,136,157,37,88,5,'2019-06-16 12:54:20'),(4521,101,157,37,85,5,'2019-06-16 12:54:23'),(4522,101,157,37,86,7,'2019-06-16 12:54:23'),(4523,101,157,37,87,5,'2019-06-16 12:54:23'),(4524,101,157,37,88,5,'2019-06-16 12:54:23'),(4525,108,157,37,85,8,'2019-06-16 12:54:32'),(4526,108,157,37,86,8,'2019-06-16 12:54:32'),(4527,108,157,37,87,9,'2019-06-16 12:54:32'),(4528,108,157,37,88,9,'2019-06-16 12:54:32'),(4529,151,158,37,85,5,'2019-06-16 12:54:40'),(4530,151,158,37,86,5,'2019-06-16 12:54:40'),(4531,151,158,37,87,5,'2019-06-16 12:54:40'),(4532,151,158,37,88,4,'2019-06-16 12:54:40'),(4533,138,158,37,85,4,'2019-06-16 12:55:03'),(4534,138,158,37,86,9,'2019-06-16 12:55:03'),(4535,138,158,37,87,3,'2019-06-16 12:55:03'),(4536,138,158,37,88,6,'2019-06-16 12:55:03'),(4537,108,158,37,85,9,'2019-06-16 12:55:18'),(4538,108,158,37,86,10,'2019-06-16 12:55:18'),(4539,108,158,37,87,10,'2019-06-16 12:55:18'),(4540,108,158,37,88,5,'2019-06-16 12:55:18'),(4541,137,158,37,85,6,'2019-06-16 12:55:43'),(4542,137,158,37,86,6,'2019-06-16 12:55:43'),(4543,137,158,37,87,4,'2019-06-16 12:55:43'),(4544,137,158,37,88,5,'2019-06-16 12:55:43'),(4545,100,158,37,85,9,'2019-06-16 12:55:49'),(4546,100,158,37,86,3,'2019-06-16 12:55:49'),(4547,100,158,37,87,9,'2019-06-16 12:55:49'),(4548,100,158,37,88,4,'2019-06-16 12:55:49'),(4549,123,158,37,85,8,'2019-06-16 12:55:55'),(4550,123,158,37,86,5,'2019-06-16 12:55:55'),(4551,123,158,37,87,7,'2019-06-16 12:55:55'),(4552,123,158,37,88,6,'2019-06-16 12:55:55'),(4553,129,158,37,85,7,'2019-06-16 12:55:55'),(4554,129,158,37,86,8,'2019-06-16 12:55:55'),(4555,129,158,37,87,4,'2019-06-16 12:55:55'),(4556,129,158,37,88,5,'2019-06-16 12:55:55'),(4557,153,158,37,85,7,'2019-06-16 12:55:56'),(4558,153,158,37,86,4,'2019-06-16 12:55:56'),(4559,153,158,37,87,3,'2019-06-16 12:55:56'),(4560,153,158,37,88,8,'2019-06-16 12:55:56'),(4561,94,158,37,85,10,'2019-06-16 12:56:02'),(4562,94,158,37,86,6,'2019-06-16 12:56:02'),(4563,94,158,37,87,3,'2019-06-16 12:56:02'),(4564,94,158,37,88,1,'2019-06-16 12:56:02'),(4565,115,158,37,85,3,'2019-06-16 12:56:03'),(4566,115,158,37,86,3,'2019-06-16 12:56:03'),(4567,115,158,37,87,5,'2019-06-16 12:56:03'),(4568,115,158,37,88,5,'2019-06-16 12:56:03'),(4569,142,158,37,85,7,'2019-06-16 12:56:04'),(4570,142,158,37,86,7,'2019-06-16 12:56:04'),(4571,142,158,37,87,5,'2019-06-16 12:56:04'),(4572,142,158,37,88,7,'2019-06-16 12:56:04'),(4573,132,157,37,85,4,'2019-06-16 12:56:11'),(4574,132,157,37,86,4,'2019-06-16 12:56:11'),(4575,132,157,37,87,4,'2019-06-16 12:56:11'),(4576,132,157,37,88,3,'2019-06-16 12:56:11'),(4577,113,158,37,85,10,'2019-06-16 12:56:15'),(4578,113,158,37,86,8,'2019-06-16 12:56:15'),(4579,113,158,37,87,9,'2019-06-16 12:56:15'),(4580,113,158,37,88,7,'2019-06-16 12:56:15'),(4581,93,158,37,85,2,'2019-06-16 12:56:20'),(4582,93,158,37,86,2,'2019-06-16 12:56:20'),(4583,93,158,37,87,2,'2019-06-16 12:56:20'),(4584,93,158,37,88,2,'2019-06-16 12:56:20'),(4585,132,158,37,85,8,'2019-06-16 12:56:23'),(4586,132,158,37,86,9,'2019-06-16 12:56:23'),(4587,132,158,37,87,8,'2019-06-16 12:56:23'),(4588,132,158,37,88,8,'2019-06-16 12:56:23'),(4589,119,158,37,85,3,'2019-06-16 12:56:34'),(4590,119,158,37,86,10,'2019-06-16 12:56:34'),(4591,119,158,37,87,10,'2019-06-16 12:56:34'),(4592,119,158,37,88,10,'2019-06-16 12:56:34'),(4593,116,158,37,85,8,'2019-06-16 12:56:39'),(4594,116,158,37,86,6,'2019-06-16 12:56:39'),(4595,116,158,37,87,5,'2019-06-16 12:56:39'),(4596,116,158,37,88,6,'2019-06-16 12:56:39'),(4597,125,158,37,85,10,'2019-06-16 12:56:54'),(4598,125,158,37,86,10,'2019-06-16 12:56:54'),(4599,125,158,37,87,10,'2019-06-16 12:56:54'),(4600,125,158,37,88,10,'2019-06-16 12:56:54'),(4601,149,158,37,85,3,'2019-06-16 12:56:59'),(4602,149,158,37,86,1,'2019-06-16 12:56:59'),(4603,149,158,37,87,1,'2019-06-16 12:56:59'),(4604,149,158,37,88,2,'2019-06-16 12:56:59'),(4605,150,158,37,85,7,'2019-06-16 12:57:03'),(4606,150,158,37,86,4,'2019-06-16 12:57:03'),(4607,150,158,37,87,8,'2019-06-16 12:57:03'),(4608,150,158,37,88,9,'2019-06-16 12:57:03'),(4609,147,158,37,85,8,'2019-06-16 12:57:04'),(4610,147,158,37,86,5,'2019-06-16 12:57:04'),(4611,147,158,37,87,2,'2019-06-16 12:57:04'),(4612,147,158,37,88,5,'2019-06-16 12:57:04'),(4613,127,157,37,85,7,'2019-06-16 12:57:22'),(4614,127,157,37,86,5,'2019-06-16 12:57:22'),(4615,127,157,37,87,6,'2019-06-16 12:57:22'),(4616,127,157,37,88,7,'2019-06-16 12:57:22'),(4617,116,157,37,85,5,'2019-06-16 12:57:30'),(4618,116,157,37,86,5,'2019-06-16 12:57:30'),(4619,116,157,37,87,5,'2019-06-16 12:57:30'),(4620,116,157,37,88,5,'2019-06-16 12:57:30'),(4621,105,158,37,85,4,'2019-06-16 12:57:30'),(4622,105,158,37,86,2,'2019-06-16 12:57:30'),(4623,105,158,37,87,5,'2019-06-16 12:57:30'),(4624,105,158,37,88,2,'2019-06-16 12:57:30'),(4625,152,158,37,85,8,'2019-06-16 12:57:43'),(4626,152,158,37,86,7,'2019-06-16 12:57:43'),(4627,152,158,37,87,5,'2019-06-16 12:57:43'),(4628,152,158,37,88,7,'2019-06-16 12:57:43'),(4629,101,158,37,85,5,'2019-06-16 12:57:46'),(4630,101,158,37,86,5,'2019-06-16 12:57:46'),(4631,101,158,37,87,5,'2019-06-16 12:57:46'),(4632,101,158,37,88,5,'2019-06-16 12:57:46'),(4633,116,154,37,85,7,'2019-06-16 12:57:59'),(4634,116,154,37,86,5,'2019-06-16 12:57:59'),(4635,116,154,37,87,6,'2019-06-16 12:57:59'),(4636,116,154,37,88,7,'2019-06-16 12:57:59'),(4637,134,158,37,85,9,'2019-06-16 12:58:00'),(4638,134,158,37,86,7,'2019-06-16 12:58:00'),(4639,134,158,37,87,7,'2019-06-16 12:58:00'),(4640,134,158,37,88,7,'2019-06-16 12:58:00'),(4641,120,158,37,85,3,'2019-06-16 12:58:01'),(4642,120,158,37,86,4,'2019-06-16 12:58:01'),(4643,120,158,37,87,4,'2019-06-16 12:58:01'),(4644,120,158,37,88,4,'2019-06-16 12:58:01'),(4645,154,158,37,85,2,'2019-06-16 12:58:02'),(4646,154,158,37,86,1,'2019-06-16 12:58:02'),(4647,154,158,37,87,1,'2019-06-16 12:58:02'),(4648,154,158,37,88,3,'2019-06-16 12:58:02'),(4649,101,159,37,85,5,'2019-06-16 12:58:04'),(4650,101,159,37,86,5,'2019-06-16 12:58:04'),(4651,101,159,37,87,5,'2019-06-16 12:58:04'),(4652,101,159,37,88,5,'2019-06-16 12:58:04'),(4653,136,158,37,85,8,'2019-06-16 12:58:06'),(4654,136,158,37,86,6,'2019-06-16 12:58:06'),(4655,136,158,37,87,5,'2019-06-16 12:58:06'),(4656,136,158,37,88,6,'2019-06-16 12:58:06'),(4657,96,158,37,85,5,'2019-06-16 12:58:09'),(4658,96,158,37,86,7,'2019-06-16 12:58:09'),(4659,96,158,37,87,6,'2019-06-16 12:58:09'),(4660,96,158,37,88,6,'2019-06-16 12:58:09'),(4661,117,158,37,85,9,'2019-06-16 12:58:11'),(4662,117,158,37,86,8,'2019-06-16 12:58:11'),(4663,117,158,37,87,8,'2019-06-16 12:58:11'),(4664,117,158,37,88,8,'2019-06-16 12:58:11'),(4665,114,158,37,85,2,'2019-06-16 12:58:32'),(4666,114,158,37,86,2,'2019-06-16 12:58:32'),(4667,114,158,37,87,2,'2019-06-16 12:58:32'),(4668,114,158,37,88,2,'2019-06-16 12:58:32'),(4669,135,159,37,85,5,'2019-06-16 12:58:34'),(4670,135,159,37,86,6,'2019-06-16 12:58:34'),(4671,135,159,37,87,6,'2019-06-16 12:58:34'),(4672,135,159,37,88,8,'2019-06-16 12:58:34'),(4673,126,158,37,85,8,'2019-06-16 12:58:42'),(4674,126,158,37,86,4,'2019-06-16 12:58:42'),(4675,126,158,37,87,7,'2019-06-16 12:58:42'),(4676,126,158,37,88,5,'2019-06-16 12:58:42'),(4677,153,163,37,85,1,'2019-06-16 12:58:48'),(4678,153,163,37,86,1,'2019-06-16 12:58:48'),(4679,153,163,37,87,1,'2019-06-16 12:58:48'),(4680,153,163,37,88,1,'2019-06-16 12:58:48'),(4681,127,158,37,85,8,'2019-06-16 12:58:49'),(4682,127,158,37,86,6,'2019-06-16 12:58:49'),(4683,127,158,37,87,6,'2019-06-16 12:58:49'),(4684,127,158,37,88,7,'2019-06-16 12:58:49'),(4685,97,159,37,85,3,'2019-06-16 12:58:56'),(4686,97,159,37,86,8,'2019-06-16 12:58:56'),(4687,97,159,37,87,1,'2019-06-16 12:58:56'),(4688,97,159,37,88,1,'2019-06-16 12:58:56'),(4689,103,159,37,85,6,'2019-06-16 12:58:58'),(4690,103,159,37,86,6,'2019-06-16 12:58:58'),(4691,103,159,37,87,6,'2019-06-16 12:58:58'),(4692,103,159,37,88,6,'2019-06-16 12:58:58'),(4693,135,160,37,85,4,'2019-06-16 12:59:00'),(4694,135,160,37,86,4,'2019-06-16 12:59:00'),(4695,135,160,37,87,4,'2019-06-16 12:59:00'),(4696,135,160,37,88,4,'2019-06-16 12:59:00'),(4697,144,159,37,85,10,'2019-06-16 12:59:06'),(4698,144,159,37,86,10,'2019-06-16 12:59:06'),(4699,144,159,37,87,10,'2019-06-16 12:59:06'),(4700,144,159,37,88,10,'2019-06-16 12:59:06'),(4701,151,159,37,85,5,'2019-06-16 12:59:09'),(4702,151,159,37,86,5,'2019-06-16 12:59:09'),(4703,151,159,37,87,5,'2019-06-16 12:59:09'),(4704,151,159,37,88,4,'2019-06-16 12:59:09'),(4705,123,159,37,85,8,'2019-06-16 12:59:38'),(4706,123,159,37,86,7,'2019-06-16 12:59:38'),(4707,123,159,37,87,5,'2019-06-16 12:59:38'),(4708,123,159,37,88,8,'2019-06-16 12:59:38'),(4709,149,159,37,85,10,'2019-06-16 12:59:41'),(4710,149,159,37,86,10,'2019-06-16 12:59:41'),(4711,149,159,37,87,5,'2019-06-16 12:59:41'),(4712,149,159,37,88,5,'2019-06-16 12:59:41'),(4713,138,159,37,85,10,'2019-06-16 12:59:50'),(4714,138,159,37,86,10,'2019-06-16 12:59:50'),(4715,138,159,37,87,10,'2019-06-16 12:59:50'),(4716,138,159,37,88,10,'2019-06-16 12:59:50'),(4717,128,159,37,85,7,'2019-06-16 13:01:02'),(4718,128,159,37,86,3,'2019-06-16 13:01:02'),(4719,128,159,37,87,5,'2019-06-16 13:01:02'),(4720,128,159,37,88,7,'2019-06-16 13:01:02'),(4721,129,159,37,85,10,'2019-06-16 13:01:06'),(4722,129,159,37,86,10,'2019-06-16 13:01:06'),(4723,129,159,37,87,10,'2019-06-16 13:01:06'),(4724,129,159,37,88,10,'2019-06-16 13:01:06'),(4725,153,159,37,85,7,'2019-06-16 13:01:26'),(4726,153,159,37,86,5,'2019-06-16 13:01:26'),(4727,153,159,37,87,3,'2019-06-16 13:01:26'),(4728,153,159,37,88,7,'2019-06-16 13:01:26'),(4729,132,159,37,85,5,'2019-06-16 13:01:30'),(4730,132,159,37,86,4,'2019-06-16 13:01:30'),(4731,132,159,37,87,4,'2019-06-16 13:01:30'),(4732,132,159,37,88,4,'2019-06-16 13:01:30'),(4733,115,159,37,85,3,'2019-06-16 13:01:33'),(4734,115,159,37,86,4,'2019-06-16 13:01:33'),(4735,115,159,37,87,2,'2019-06-16 13:01:33'),(4736,115,159,37,88,3,'2019-06-16 13:01:33'),(4737,94,159,37,85,7,'2019-06-16 13:01:36'),(4738,94,159,37,86,6,'2019-06-16 13:01:36'),(4739,94,159,37,87,1,'2019-06-16 13:01:36'),(4740,94,159,37,88,6,'2019-06-16 13:01:36'),(4741,145,159,37,85,2,'2019-06-16 13:01:45'),(4742,145,159,37,86,2,'2019-06-16 13:01:45'),(4743,145,159,37,87,1,'2019-06-16 13:01:45'),(4744,145,159,37,88,1,'2019-06-16 13:01:45'),(4745,145,160,37,85,1,'2019-06-16 13:01:55'),(4746,145,160,37,86,1,'2019-06-16 13:01:55'),(4747,145,160,37,87,1,'2019-06-16 13:01:55'),(4748,145,160,37,88,1,'2019-06-16 13:01:55'),(4749,142,159,37,85,5,'2019-06-16 13:02:03'),(4750,142,159,37,86,8,'2019-06-16 13:02:03'),(4751,142,159,37,87,7,'2019-06-16 13:02:03'),(4752,142,159,37,88,4,'2019-06-16 13:02:03'),(4753,150,159,37,85,10,'2019-06-16 13:02:13'),(4754,150,159,37,86,9,'2019-06-16 13:02:13'),(4755,150,159,37,87,2,'2019-06-16 13:02:13'),(4756,150,159,37,88,3,'2019-06-16 13:02:13'),(4757,148,157,37,85,5,'2019-06-16 13:02:22'),(4758,148,157,37,86,7,'2019-06-16 13:02:22'),(4759,148,157,37,87,6,'2019-06-16 13:02:22'),(4760,148,157,37,88,4,'2019-06-16 13:02:22'),(4761,113,159,37,85,10,'2019-06-16 13:02:23'),(4762,113,159,37,86,10,'2019-06-16 13:02:23'),(4763,113,159,37,87,10,'2019-06-16 13:02:23'),(4764,113,159,37,88,10,'2019-06-16 13:02:23'),(4765,148,159,37,85,3,'2019-06-16 13:02:32'),(4766,148,159,37,86,8,'2019-06-16 13:02:32'),(4767,148,159,37,87,7,'2019-06-16 13:02:32'),(4768,148,159,37,88,7,'2019-06-16 13:02:32'),(4769,125,159,37,85,6,'2019-06-16 13:02:45'),(4770,125,159,37,86,7,'2019-06-16 13:02:45'),(4771,125,159,37,87,6,'2019-06-16 13:02:45'),(4772,125,159,37,88,7,'2019-06-16 13:02:45'),(4773,120,159,37,85,4,'2019-06-16 13:03:17'),(4774,120,159,37,86,6,'2019-06-16 13:03:17'),(4775,120,159,37,87,5,'2019-06-16 13:03:17'),(4776,120,159,37,88,7,'2019-06-16 13:03:17'),(4777,147,159,37,85,4,'2019-06-16 13:03:39'),(4778,147,159,37,86,4,'2019-06-16 13:03:39'),(4779,147,159,37,87,2,'2019-06-16 13:03:39'),(4780,147,159,37,88,5,'2019-06-16 13:03:39'),(4781,93,159,37,85,4,'2019-06-16 13:03:59'),(4782,93,159,37,86,2,'2019-06-16 13:03:59'),(4783,93,159,37,87,3,'2019-06-16 13:03:59'),(4784,93,159,37,88,4,'2019-06-16 13:03:59'),(4785,108,159,37,85,8,'2019-06-16 13:04:01'),(4786,108,159,37,86,10,'2019-06-16 13:04:01'),(4787,108,159,37,87,8,'2019-06-16 13:04:01'),(4788,108,159,37,88,10,'2019-06-16 13:04:01'),(4789,96,159,37,85,7,'2019-06-16 13:04:08'),(4790,96,159,37,86,7,'2019-06-16 13:04:08'),(4791,96,159,37,87,5,'2019-06-16 13:04:08'),(4792,96,159,37,88,5,'2019-06-16 13:04:08'),(4793,151,160,37,85,5,'2019-06-16 13:04:14'),(4794,151,160,37,86,5,'2019-06-16 13:04:14'),(4795,151,160,37,87,4,'2019-06-16 13:04:14'),(4796,151,160,37,88,5,'2019-06-16 13:04:14'),(4797,105,159,37,85,10,'2019-06-16 13:04:19'),(4798,105,159,37,86,5,'2019-06-16 13:04:19'),(4799,105,159,37,87,6,'2019-06-16 13:04:19'),(4800,105,159,37,88,1,'2019-06-16 13:04:19'),(4801,117,159,37,85,10,'2019-06-16 13:04:23'),(4802,117,159,37,86,8,'2019-06-16 13:04:23'),(4803,117,159,37,87,9,'2019-06-16 13:04:23'),(4804,117,159,37,88,9,'2019-06-16 13:04:23'),(4805,152,159,37,85,7,'2019-06-16 13:04:26'),(4806,152,159,37,86,8,'2019-06-16 13:04:26'),(4807,152,159,37,87,7,'2019-06-16 13:04:26'),(4808,152,159,37,88,5,'2019-06-16 13:04:26'),(4809,100,159,37,85,9,'2019-06-16 13:04:36'),(4810,100,159,37,86,8,'2019-06-16 13:04:36'),(4811,100,159,37,87,7,'2019-06-16 13:04:36'),(4812,100,159,37,88,7,'2019-06-16 13:04:36'),(4813,116,159,37,85,9,'2019-06-16 13:05:02'),(4814,116,159,37,86,7,'2019-06-16 13:05:02'),(4815,116,159,37,87,5,'2019-06-16 13:05:02'),(4816,116,159,37,88,7,'2019-06-16 13:05:02'),(4817,136,159,37,85,7,'2019-06-16 13:05:21'),(4818,136,159,37,86,6,'2019-06-16 13:05:21'),(4819,136,159,37,87,6,'2019-06-16 13:05:21'),(4820,136,159,37,88,5,'2019-06-16 13:05:21'),(4821,154,159,37,85,1,'2019-06-16 13:05:22'),(4822,154,159,37,86,1,'2019-06-16 13:05:22'),(4823,154,159,37,87,1,'2019-06-16 13:05:22'),(4824,154,159,37,88,4,'2019-06-16 13:05:22'),(4825,126,159,37,85,7,'2019-06-16 13:06:16'),(4826,126,159,37,86,6,'2019-06-16 13:06:16'),(4827,126,159,37,87,4,'2019-06-16 13:06:16'),(4828,126,159,37,88,5,'2019-06-16 13:06:16'),(4829,134,159,37,85,8,'2019-06-16 13:06:16'),(4830,134,159,37,86,8,'2019-06-16 13:06:16'),(4831,134,159,37,87,8,'2019-06-16 13:06:16'),(4832,134,159,37,88,9,'2019-06-16 13:06:16'),(4833,114,159,37,85,1,'2019-06-16 13:06:35'),(4834,114,159,37,86,3,'2019-06-16 13:06:35'),(4835,114,159,37,87,1,'2019-06-16 13:06:35'),(4836,114,159,37,88,1,'2019-06-16 13:06:35'),(4837,151,161,37,85,5,'2019-06-16 13:06:38'),(4838,151,161,37,86,4,'2019-06-16 13:06:38'),(4839,151,161,37,87,4,'2019-06-16 13:06:38'),(4840,151,161,37,88,5,'2019-06-16 13:06:38'),(4841,97,160,37,85,4,'2019-06-16 13:06:41'),(4842,97,160,37,86,5,'2019-06-16 13:06:41'),(4843,97,160,37,87,2,'2019-06-16 13:06:41'),(4844,97,160,37,88,2,'2019-06-16 13:06:41'),(4845,114,160,37,85,1,'2019-06-16 13:06:47'),(4846,114,160,37,86,1,'2019-06-16 13:06:47'),(4847,114,160,37,87,1,'2019-06-16 13:06:47'),(4848,114,160,37,88,1,'2019-06-16 13:06:47'),(4849,147,160,37,85,3,'2019-06-16 13:07:25'),(4850,147,160,37,86,2,'2019-06-16 13:07:25'),(4851,147,160,37,87,1,'2019-06-16 13:07:25'),(4852,147,160,37,88,2,'2019-06-16 13:07:25'),(4853,127,159,37,85,7,'2019-06-16 13:07:37'),(4854,127,159,37,86,5,'2019-06-16 13:07:37'),(4855,127,159,37,87,5,'2019-06-16 13:07:37'),(4856,127,159,37,88,6,'2019-06-16 13:07:37'),(4857,94,160,37,85,3,'2019-06-16 13:07:51'),(4858,94,160,37,86,3,'2019-06-16 13:07:51'),(4859,94,160,37,87,1,'2019-06-16 13:07:51'),(4860,94,160,37,88,3,'2019-06-16 13:07:51'),(4861,123,160,37,85,8,'2019-06-16 13:07:52'),(4862,123,160,37,86,6,'2019-06-16 13:07:52'),(4863,123,160,37,87,7,'2019-06-16 13:07:52'),(4864,123,160,37,88,4,'2019-06-16 13:07:52'),(4865,119,149,37,85,10,'2019-06-16 13:07:53'),(4866,119,149,37,86,10,'2019-06-16 13:07:53'),(4867,119,149,37,87,10,'2019-06-16 13:07:53'),(4868,119,149,37,88,10,'2019-06-16 13:07:53'),(4869,152,160,37,85,6,'2019-06-16 13:07:58'),(4870,152,160,37,86,6,'2019-06-16 13:07:58'),(4871,152,160,37,87,4,'2019-06-16 13:07:58'),(4872,152,160,37,88,7,'2019-06-16 13:07:58'),(4873,138,160,37,85,4,'2019-06-16 13:08:07'),(4874,138,160,37,86,3,'2019-06-16 13:08:07'),(4875,138,160,37,87,4,'2019-06-16 13:08:07'),(4876,138,160,37,88,2,'2019-06-16 13:08:07'),(4877,148,160,37,85,2,'2019-06-16 13:08:13'),(4878,148,160,37,86,4,'2019-06-16 13:08:13'),(4879,148,160,37,87,3,'2019-06-16 13:08:13'),(4880,148,160,37,88,5,'2019-06-16 13:08:13'),(4881,137,160,37,85,7,'2019-06-16 13:08:16'),(4882,137,160,37,86,6,'2019-06-16 13:08:16'),(4883,137,160,37,87,3,'2019-06-16 13:08:16'),(4884,137,160,37,88,3,'2019-06-16 13:08:16'),(4885,103,160,37,85,1,'2019-06-16 13:08:19'),(4886,103,160,37,86,1,'2019-06-16 13:08:19'),(4887,103,160,37,87,1,'2019-06-16 13:08:19'),(4888,103,160,37,88,1,'2019-06-16 13:08:19'),(4889,125,160,37,85,9,'2019-06-16 13:08:23'),(4890,125,160,37,86,9,'2019-06-16 13:08:23'),(4891,125,160,37,87,9,'2019-06-16 13:08:23'),(4892,125,160,37,88,9,'2019-06-16 13:08:23'),(4893,144,160,37,85,9,'2019-06-16 13:08:30'),(4894,144,160,37,86,9,'2019-06-16 13:08:30'),(4895,144,160,37,87,9,'2019-06-16 13:08:30'),(4896,144,160,37,88,9,'2019-06-16 13:08:30'),(4897,128,160,37,85,7,'2019-06-16 13:08:32'),(4898,128,160,37,86,5,'2019-06-16 13:08:32'),(4899,128,160,37,87,5,'2019-06-16 13:08:32'),(4900,128,160,37,88,5,'2019-06-16 13:08:32'),(4901,129,160,37,85,5,'2019-06-16 13:08:54'),(4902,129,160,37,86,4,'2019-06-16 13:08:54'),(4903,129,160,37,87,4,'2019-06-16 13:08:54'),(4904,129,160,37,88,6,'2019-06-16 13:08:54'),(4905,153,160,37,85,3,'2019-06-16 13:09:01'),(4906,153,160,37,86,3,'2019-06-16 13:09:01'),(4907,153,160,37,87,5,'2019-06-16 13:09:01'),(4908,153,160,37,88,3,'2019-06-16 13:09:01'),(4909,115,160,37,85,4,'2019-06-16 13:09:17'),(4910,115,160,37,86,4,'2019-06-16 13:09:17'),(4911,115,160,37,87,4,'2019-06-16 13:09:17'),(4912,115,160,37,88,5,'2019-06-16 13:09:17'),(4913,131,158,37,85,8,'2019-06-16 13:09:18'),(4914,131,158,37,86,3,'2019-06-16 13:09:18'),(4915,131,158,37,87,3,'2019-06-16 13:09:18'),(4916,131,158,37,88,4,'2019-06-16 13:09:18'),(4917,150,160,37,85,4,'2019-06-16 13:09:22'),(4918,150,160,37,86,3,'2019-06-16 13:09:22'),(4919,150,160,37,87,3,'2019-06-16 13:09:22'),(4920,150,160,37,88,3,'2019-06-16 13:09:22'),(4921,131,159,37,85,9,'2019-06-16 13:09:28'),(4922,131,159,37,86,6,'2019-06-16 13:09:28'),(4923,131,159,37,87,2,'2019-06-16 13:09:28'),(4924,131,159,37,88,3,'2019-06-16 13:09:28'),(4929,110,158,37,85,9,'2019-06-16 13:09:37'),(4930,110,158,37,86,9,'2019-06-16 13:09:37'),(4931,110,158,37,87,8,'2019-06-16 13:09:37'),(4932,110,158,37,88,8,'2019-06-16 13:09:37'),(4933,110,159,37,85,8,'2019-06-16 13:09:57'),(4934,110,159,37,86,7,'2019-06-16 13:09:57'),(4935,110,159,37,87,8,'2019-06-16 13:09:57'),(4936,110,159,37,88,8,'2019-06-16 13:09:57'),(4937,110,160,37,85,6,'2019-06-16 13:10:11'),(4938,110,160,37,86,7,'2019-06-16 13:10:11'),(4939,110,160,37,87,6,'2019-06-16 13:10:11'),(4940,110,160,37,88,6,'2019-06-16 13:10:11'),(4941,154,160,37,85,2,'2019-06-16 13:10:37'),(4942,154,160,37,86,3,'2019-06-16 13:10:37'),(4943,154,160,37,87,3,'2019-06-16 13:10:37'),(4944,154,160,37,88,2,'2019-06-16 13:10:37'),(4945,105,160,37,85,2,'2019-06-16 13:10:55'),(4946,105,160,37,86,5,'2019-06-16 13:10:55'),(4947,105,160,37,87,3,'2019-06-16 13:10:55'),(4948,105,160,37,88,1,'2019-06-16 13:10:55'),(4949,96,160,37,85,5,'2019-06-16 13:11:18'),(4950,96,160,37,86,6,'2019-06-16 13:11:18'),(4951,96,160,37,87,6,'2019-06-16 13:11:18'),(4952,96,160,37,88,4,'2019-06-16 13:11:18'),(4953,136,160,37,85,7,'2019-06-16 13:12:36'),(4954,136,160,37,86,6,'2019-06-16 13:12:36'),(4955,136,160,37,87,5,'2019-06-16 13:12:36'),(4956,136,160,37,88,5,'2019-06-16 13:12:36'),(4957,149,160,37,85,3,'2019-06-16 13:12:38'),(4958,149,160,37,86,5,'2019-06-16 13:12:38'),(4959,149,160,37,87,3,'2019-06-16 13:12:38'),(4960,149,160,37,88,1,'2019-06-16 13:12:38'),(4965,142,160,37,85,4,'2019-06-16 13:13:01'),(4966,142,160,37,86,3,'2019-06-16 13:13:01'),(4967,142,160,37,87,3,'2019-06-16 13:13:01'),(4968,142,160,37,88,3,'2019-06-16 13:13:01'),(4969,116,160,37,85,9,'2019-06-16 13:13:01'),(4970,116,160,37,86,8,'2019-06-16 13:13:01'),(4971,116,160,37,87,7,'2019-06-16 13:13:01'),(4972,116,160,37,88,4,'2019-06-16 13:13:01'),(4973,93,160,37,85,10,'2019-06-16 13:13:04'),(4974,93,160,37,86,10,'2019-06-16 13:13:04'),(4975,93,160,37,87,10,'2019-06-16 13:13:04'),(4976,93,160,37,88,10,'2019-06-16 13:13:04'),(4977,120,160,37,85,6,'2019-06-16 13:13:18'),(4978,120,160,37,86,7,'2019-06-16 13:13:18'),(4979,120,160,37,87,7,'2019-06-16 13:13:18'),(4980,120,160,37,88,9,'2019-06-16 13:13:18'),(4981,97,161,37,85,2,'2019-06-16 13:13:18'),(4982,97,161,37,86,9,'2019-06-16 13:13:18'),(4983,97,161,37,87,2,'2019-06-16 13:13:18'),(4984,97,161,37,88,7,'2019-06-16 13:13:18'),(4985,126,160,37,85,7,'2019-06-16 13:13:42'),(4986,126,160,37,86,7,'2019-06-16 13:13:42'),(4987,126,160,37,87,2,'2019-06-16 13:13:42'),(4988,126,160,37,88,6,'2019-06-16 13:13:42'),(4989,94,161,37,85,3,'2019-06-16 13:13:44'),(4990,94,161,37,86,3,'2019-06-16 13:13:44'),(4991,94,161,37,87,1,'2019-06-16 13:13:44'),(4992,94,161,37,88,6,'2019-06-16 13:13:44'),(4993,129,161,37,85,10,'2019-06-16 13:13:52'),(4994,129,161,37,86,10,'2019-06-16 13:13:52'),(4995,129,161,37,87,3,'2019-06-16 13:13:52'),(4996,129,161,37,88,10,'2019-06-16 13:13:52'),(4997,135,161,37,85,5,'2019-06-16 13:13:53'),(4998,135,161,37,86,8,'2019-06-16 13:13:53'),(4999,135,161,37,87,6,'2019-06-16 13:13:53'),(5000,135,161,37,88,5,'2019-06-16 13:13:53'),(5001,151,162,37,85,10,'2019-06-16 13:13:53'),(5002,151,162,37,86,10,'2019-06-16 13:13:53'),(5003,151,162,37,87,10,'2019-06-16 13:13:53'),(5004,151,162,37,88,10,'2019-06-16 13:13:53'),(5005,126,161,37,85,8,'2019-06-16 13:14:06'),(5006,126,161,37,86,10,'2019-06-16 13:14:06'),(5007,126,161,37,87,8,'2019-06-16 13:14:06'),(5008,126,161,37,88,10,'2019-06-16 13:14:06'),(5009,138,161,37,85,8,'2019-06-16 13:14:09'),(5010,138,161,37,86,9,'2019-06-16 13:14:09'),(5011,138,161,37,87,4,'2019-06-16 13:14:09'),(5012,138,161,37,88,7,'2019-06-16 13:14:09'),(5013,101,161,37,85,5,'2019-06-16 13:14:15'),(5014,101,161,37,86,5,'2019-06-16 13:14:15'),(5015,101,161,37,87,5,'2019-06-16 13:14:15'),(5016,101,161,37,88,5,'2019-06-16 13:14:15'),(5017,131,160,37,85,9,'2019-06-16 13:14:17'),(5018,131,160,37,86,10,'2019-06-16 13:14:17'),(5019,131,160,37,87,6,'2019-06-16 13:14:17'),(5020,131,160,37,88,8,'2019-06-16 13:14:17'),(5021,144,161,37,85,10,'2019-06-16 13:14:18'),(5022,144,161,37,86,8,'2019-06-16 13:14:18'),(5023,144,161,37,87,10,'2019-06-16 13:14:18'),(5024,144,161,37,88,10,'2019-06-16 13:14:18'),(5025,113,160,37,85,10,'2019-06-16 13:14:34'),(5026,113,160,37,86,10,'2019-06-16 13:14:34'),(5027,113,160,37,87,10,'2019-06-16 13:14:34'),(5028,113,160,37,88,10,'2019-06-16 13:14:34'),(5029,137,161,37,85,8,'2019-06-16 13:14:39'),(5030,137,161,37,86,8,'2019-06-16 13:14:39'),(5031,137,161,37,87,4,'2019-06-16 13:14:39'),(5032,137,161,37,88,4,'2019-06-16 13:14:39'),(5033,97,162,37,85,1,'2019-06-16 13:15:03'),(5034,97,162,37,86,1,'2019-06-16 13:15:03'),(5035,97,162,37,87,1,'2019-06-16 13:15:03'),(5036,97,162,37,88,1,'2019-06-16 13:15:03'),(5037,147,161,37,85,5,'2019-06-16 13:15:07'),(5038,147,161,37,86,4,'2019-06-16 13:15:07'),(5039,147,161,37,87,3,'2019-06-16 13:15:07'),(5040,147,161,37,88,4,'2019-06-16 13:15:07'),(5041,97,163,37,85,1,'2019-06-16 13:15:15'),(5042,97,163,37,86,1,'2019-06-16 13:15:15'),(5043,97,163,37,87,1,'2019-06-16 13:15:15'),(5044,97,163,37,88,1,'2019-06-16 13:15:15'),(5045,128,161,37,85,6,'2019-06-16 13:15:25'),(5046,128,161,37,86,4,'2019-06-16 13:15:25'),(5047,128,161,37,87,4,'2019-06-16 13:15:25'),(5048,128,161,37,88,6,'2019-06-16 13:15:25'),(5049,110,161,37,85,9,'2019-06-16 13:15:26'),(5050,110,161,37,86,8,'2019-06-16 13:15:26'),(5051,110,161,37,87,8,'2019-06-16 13:15:26'),(5052,110,161,37,88,9,'2019-06-16 13:15:26'),(5053,115,161,37,85,3,'2019-06-16 13:15:29'),(5054,115,161,37,86,4,'2019-06-16 13:15:29'),(5055,115,161,37,87,3,'2019-06-16 13:15:29'),(5056,115,161,37,88,4,'2019-06-16 13:15:29'),(5057,148,161,37,85,7,'2019-06-16 13:15:32'),(5058,148,161,37,86,9,'2019-06-16 13:15:32'),(5059,148,161,37,87,4,'2019-06-16 13:15:32'),(5060,148,161,37,88,6,'2019-06-16 13:15:32'),(5061,153,161,37,85,7,'2019-06-16 13:15:33'),(5062,153,161,37,86,6,'2019-06-16 13:15:33'),(5063,153,161,37,87,6,'2019-06-16 13:15:33'),(5064,153,161,37,88,9,'2019-06-16 13:15:33'),(5065,149,161,37,85,5,'2019-06-16 13:15:40'),(5066,149,161,37,86,3,'2019-06-16 13:15:40'),(5067,149,161,37,87,1,'2019-06-16 13:15:40'),(5068,149,161,37,88,4,'2019-06-16 13:15:40'),(5069,131,161,37,85,7,'2019-06-16 13:15:45'),(5070,131,161,37,86,8,'2019-06-16 13:15:45'),(5071,131,161,37,87,5,'2019-06-16 13:15:45'),(5072,131,161,37,88,7,'2019-06-16 13:15:45'),(5073,103,161,37,85,8,'2019-06-16 13:15:45'),(5074,103,161,37,86,6,'2019-06-16 13:15:45'),(5075,103,161,37,87,3,'2019-06-16 13:15:45'),(5076,103,161,37,88,8,'2019-06-16 13:15:45'),(5077,98,158,37,85,3,'2019-06-16 13:15:51'),(5078,98,158,37,86,5,'2019-06-16 13:15:51'),(5079,98,158,37,87,3,'2019-06-16 13:15:51'),(5080,98,158,37,88,3,'2019-06-16 13:15:51'),(5081,123,161,37,85,8,'2019-06-16 13:15:52'),(5082,123,161,37,86,5,'2019-06-16 13:15:52'),(5083,123,161,37,87,7,'2019-06-16 13:15:52'),(5084,123,161,37,88,5,'2019-06-16 13:15:52'),(5085,142,161,37,85,7,'2019-06-16 13:15:53'),(5086,142,161,37,86,8,'2019-06-16 13:15:53'),(5087,142,161,37,87,5,'2019-06-16 13:15:53'),(5088,142,161,37,88,5,'2019-06-16 13:15:53'),(5089,152,161,37,85,5,'2019-06-16 13:15:55'),(5090,152,161,37,86,8,'2019-06-16 13:15:55'),(5091,152,161,37,87,6,'2019-06-16 13:15:55'),(5092,152,161,37,88,3,'2019-06-16 13:15:55'),(5093,98,159,37,85,5,'2019-06-16 13:16:01'),(5094,98,159,37,86,3,'2019-06-16 13:16:01'),(5095,98,159,37,87,2,'2019-06-16 13:16:01'),(5096,98,159,37,88,2,'2019-06-16 13:16:01'),(5097,98,160,37,85,3,'2019-06-16 13:16:10'),(5098,98,160,37,86,4,'2019-06-16 13:16:10'),(5099,98,160,37,87,2,'2019-06-16 13:16:10'),(5100,98,160,37,88,2,'2019-06-16 13:16:10'),(5101,98,161,37,85,3,'2019-06-16 13:16:21'),(5102,98,161,37,86,3,'2019-06-16 13:16:21'),(5103,98,161,37,87,2,'2019-06-16 13:16:21'),(5104,98,161,37,88,1,'2019-06-16 13:16:21'),(5105,150,161,37,85,4,'2019-06-16 13:16:23'),(5106,150,161,37,86,9,'2019-06-16 13:16:23'),(5107,150,161,37,87,4,'2019-06-16 13:16:23'),(5108,150,161,37,88,8,'2019-06-16 13:16:23'),(5109,105,161,37,85,6,'2019-06-16 13:16:26'),(5110,105,161,37,86,2,'2019-06-16 13:16:26'),(5111,105,161,37,87,8,'2019-06-16 13:16:26'),(5112,105,161,37,88,7,'2019-06-16 13:16:26'),(5113,113,161,37,85,10,'2019-06-16 13:16:27'),(5114,113,161,37,86,10,'2019-06-16 13:16:27'),(5115,113,161,37,87,10,'2019-06-16 13:16:27'),(5116,113,161,37,88,10,'2019-06-16 13:16:27'),(5117,98,162,37,85,2,'2019-06-16 13:16:33'),(5118,98,162,37,86,4,'2019-06-16 13:16:33'),(5119,98,162,37,87,2,'2019-06-16 13:16:33'),(5120,98,162,37,88,2,'2019-06-16 13:16:33'),(5121,154,161,37,85,2,'2019-06-16 13:17:04'),(5122,154,161,37,86,2,'2019-06-16 13:17:04'),(5123,154,161,37,87,3,'2019-06-16 13:17:04'),(5124,154,161,37,88,4,'2019-06-16 13:17:04'),(5125,96,161,37,85,8,'2019-06-16 13:17:10'),(5126,96,161,37,86,7,'2019-06-16 13:17:10'),(5127,96,161,37,87,7,'2019-06-16 13:17:10'),(5128,96,161,37,88,8,'2019-06-16 13:17:10'),(5129,120,161,37,85,7,'2019-06-16 13:17:11'),(5130,120,161,37,86,6,'2019-06-16 13:17:11'),(5131,120,161,37,87,7,'2019-06-16 13:17:11'),(5132,120,161,37,88,7,'2019-06-16 13:17:11'),(5133,134,160,37,85,6,'2019-06-16 13:17:29'),(5134,134,160,37,86,6,'2019-06-16 13:17:29'),(5135,134,160,37,87,6,'2019-06-16 13:17:29'),(5136,134,160,37,88,4,'2019-06-16 13:17:29'),(5137,144,162,37,85,7,'2019-06-16 13:17:36'),(5138,144,162,37,86,7,'2019-06-16 13:17:36'),(5139,144,162,37,87,7,'2019-06-16 13:17:36'),(5140,144,162,37,88,7,'2019-06-16 13:17:36'),(5141,134,161,37,85,8,'2019-06-16 13:17:48'),(5142,134,161,37,86,9,'2019-06-16 13:17:48'),(5143,134,161,37,87,8,'2019-06-16 13:17:48'),(5144,134,161,37,88,8,'2019-06-16 13:17:48'),(5145,100,161,37,85,7,'2019-06-16 13:17:51'),(5146,100,161,37,86,7,'2019-06-16 13:17:51'),(5147,100,161,37,87,8,'2019-06-16 13:17:51'),(5148,100,161,37,88,5,'2019-06-16 13:17:51'),(5149,117,160,37,85,9,'2019-06-16 13:17:52'),(5150,117,160,37,86,8,'2019-06-16 13:17:52'),(5151,117,160,37,87,9,'2019-06-16 13:17:52'),(5152,117,160,37,88,9,'2019-06-16 13:17:52'),(5153,114,161,37,85,5,'2019-06-16 13:17:56'),(5154,114,161,37,86,5,'2019-06-16 13:17:56'),(5155,114,161,37,87,5,'2019-06-16 13:17:56'),(5156,114,161,37,88,5,'2019-06-16 13:17:56'),(5157,117,162,37,85,9,'2019-06-16 13:18:08'),(5158,117,162,37,86,8,'2019-06-16 13:18:08'),(5159,117,162,37,87,10,'2019-06-16 13:18:08'),(5160,117,162,37,88,8,'2019-06-16 13:18:08'),(5161,153,162,37,85,6,'2019-06-16 13:18:11'),(5162,153,162,37,86,7,'2019-06-16 13:18:11'),(5163,153,162,37,87,6,'2019-06-16 13:18:11'),(5164,153,162,37,88,5,'2019-06-16 13:18:11'),(5165,102,162,37,85,10,'2019-06-16 13:18:14'),(5166,102,162,37,86,9,'2019-06-16 13:18:14'),(5167,102,162,37,87,10,'2019-06-16 13:18:14'),(5168,102,162,37,88,10,'2019-06-16 13:18:14'),(5169,127,160,37,85,4,'2019-06-16 13:18:20'),(5170,127,160,37,86,6,'2019-06-16 13:18:20'),(5171,127,160,37,87,5,'2019-06-16 13:18:20'),(5172,127,160,37,88,4,'2019-06-16 13:18:20'),(5173,101,162,37,85,5,'2019-06-16 13:18:39'),(5174,101,162,37,86,5,'2019-06-16 13:18:39'),(5175,101,162,37,87,5,'2019-06-16 13:18:39'),(5176,101,162,37,88,5,'2019-06-16 13:18:39'),(5177,142,162,37,85,2,'2019-06-16 13:18:51'),(5178,142,162,37,86,4,'2019-06-16 13:18:51'),(5179,142,162,37,87,4,'2019-06-16 13:18:51'),(5180,142,162,37,88,2,'2019-06-16 13:18:51'),(5181,108,160,37,85,7,'2019-06-16 13:19:04'),(5182,108,160,37,86,10,'2019-06-16 13:19:04'),(5183,108,160,37,87,7,'2019-06-16 13:19:04'),(5184,108,160,37,88,7,'2019-06-16 13:19:04'),(5185,142,163,37,85,6,'2019-06-16 13:19:07'),(5186,142,163,37,86,5,'2019-06-16 13:19:07'),(5187,142,163,37,87,6,'2019-06-16 13:19:07'),(5188,142,163,37,88,8,'2019-06-16 13:19:07'),(5189,103,162,37,85,1,'2019-06-16 13:19:08'),(5190,103,162,37,86,1,'2019-06-16 13:19:08'),(5191,103,162,37,87,1,'2019-06-16 13:19:08'),(5192,103,162,37,88,1,'2019-06-16 13:19:08'),(5193,138,162,37,85,8,'2019-06-16 13:19:11'),(5194,138,162,37,86,7,'2019-06-16 13:19:11'),(5195,138,162,37,87,7,'2019-06-16 13:19:11'),(5196,138,162,37,88,3,'2019-06-16 13:19:11'),(5197,127,161,37,85,6,'2019-06-16 13:19:12'),(5198,127,161,37,86,5,'2019-06-16 13:19:12'),(5199,127,161,37,87,4,'2019-06-16 13:19:12'),(5200,127,161,37,88,7,'2019-06-16 13:19:12'),(5201,100,162,37,85,9,'2019-06-16 13:19:16'),(5202,100,162,37,86,3,'2019-06-16 13:19:16'),(5203,100,162,37,87,8,'2019-06-16 13:19:16'),(5204,100,162,37,88,2,'2019-06-16 13:19:16'),(5205,132,160,37,85,7,'2019-06-16 13:19:25'),(5206,132,160,37,86,7,'2019-06-16 13:19:25'),(5207,132,160,37,87,7,'2019-06-16 13:19:25'),(5208,132,160,37,88,7,'2019-06-16 13:19:25'),(5209,121,160,37,85,1,'2019-06-16 13:19:27'),(5210,121,160,37,86,1,'2019-06-16 13:19:27'),(5211,121,160,37,87,1,'2019-06-16 13:19:27'),(5212,121,160,37,88,1,'2019-06-16 13:19:27'),(5213,113,162,37,85,10,'2019-06-16 13:19:27'),(5214,113,162,37,86,10,'2019-06-16 13:19:27'),(5215,113,162,37,87,10,'2019-06-16 13:19:27'),(5216,113,162,37,88,10,'2019-06-16 13:19:27'),(5217,121,161,37,85,1,'2019-06-16 13:19:38'),(5218,121,161,37,86,1,'2019-06-16 13:19:38'),(5219,121,161,37,87,1,'2019-06-16 13:19:38'),(5220,121,161,37,88,1,'2019-06-16 13:19:38'),(5221,101,163,37,85,9,'2019-06-16 13:19:40'),(5222,101,163,37,86,9,'2019-06-16 13:19:40'),(5223,101,163,37,87,9,'2019-06-16 13:19:40'),(5224,101,163,37,88,9,'2019-06-16 13:19:40'),(5225,121,162,37,85,1,'2019-06-16 13:19:44'),(5226,121,162,37,86,1,'2019-06-16 13:19:44'),(5227,121,162,37,87,1,'2019-06-16 13:19:44'),(5228,121,162,37,88,1,'2019-06-16 13:19:44'),(5229,121,163,37,85,1,'2019-06-16 13:19:57'),(5230,121,163,37,86,1,'2019-06-16 13:19:57'),(5231,121,163,37,87,1,'2019-06-16 13:19:57'),(5232,121,163,37,88,1,'2019-06-16 13:19:57'),(5233,129,162,37,85,3,'2019-06-16 13:20:00'),(5234,129,162,37,86,10,'2019-06-16 13:20:00'),(5235,129,162,37,87,10,'2019-06-16 13:20:00'),(5236,129,162,37,88,4,'2019-06-16 13:20:00'),(5237,148,162,37,85,4,'2019-06-16 13:20:04'),(5238,148,162,37,86,6,'2019-06-16 13:20:04'),(5239,148,162,37,87,2,'2019-06-16 13:20:04'),(5240,148,162,37,88,2,'2019-06-16 13:20:04'),(5241,114,162,37,85,5,'2019-06-16 13:20:15'),(5242,114,162,37,86,5,'2019-06-16 13:20:15'),(5243,114,162,37,87,5,'2019-06-16 13:20:15'),(5244,114,162,37,88,5,'2019-06-16 13:20:15'),(5245,114,163,37,85,1,'2019-06-16 13:20:29'),(5246,114,163,37,86,1,'2019-06-16 13:20:29'),(5247,114,163,37,87,1,'2019-06-16 13:20:29'),(5248,114,163,37,88,4,'2019-06-16 13:20:29'),(5249,150,162,37,85,5,'2019-06-16 13:20:36'),(5250,150,162,37,86,5,'2019-06-16 13:20:36'),(5251,150,162,37,87,3,'2019-06-16 13:20:36'),(5252,150,162,37,88,8,'2019-06-16 13:20:36'),(5253,115,162,37,85,3,'2019-06-16 13:20:47'),(5254,115,162,37,86,4,'2019-06-16 13:20:47'),(5255,115,162,37,87,4,'2019-06-16 13:20:47'),(5256,115,162,37,88,3,'2019-06-16 13:20:47'),(5257,149,162,37,85,2,'2019-06-16 13:20:50'),(5258,149,162,37,86,2,'2019-06-16 13:20:50'),(5259,149,162,37,87,4,'2019-06-16 13:20:50'),(5260,149,162,37,88,3,'2019-06-16 13:20:50'),(5261,143,156,37,85,8,'2019-06-16 13:20:56'),(5262,143,156,37,86,6,'2019-06-16 13:20:56'),(5263,143,156,37,87,5,'2019-06-16 13:20:56'),(5264,143,156,37,88,7,'2019-06-16 13:20:56'),(5265,105,162,37,85,8,'2019-06-16 13:21:00'),(5266,105,162,37,86,9,'2019-06-16 13:21:00'),(5267,105,162,37,87,9,'2019-06-16 13:21:00'),(5268,105,162,37,88,10,'2019-06-16 13:21:00'),(5269,94,162,37,85,5,'2019-06-16 13:21:03'),(5270,94,162,37,86,3,'2019-06-16 13:21:03'),(5271,94,162,37,87,2,'2019-06-16 13:21:03'),(5272,94,162,37,88,3,'2019-06-16 13:21:03'),(5273,123,162,37,85,7,'2019-06-16 13:21:11'),(5274,123,162,37,86,4,'2019-06-16 13:21:11'),(5275,123,162,37,87,6,'2019-06-16 13:21:11'),(5276,123,162,37,88,6,'2019-06-16 13:21:11'),(5277,137,162,37,85,6,'2019-06-16 13:21:14'),(5278,137,162,37,86,6,'2019-06-16 13:21:14'),(5279,137,162,37,87,5,'2019-06-16 13:21:14'),(5280,137,162,37,88,4,'2019-06-16 13:21:14'),(5281,120,162,37,85,8,'2019-06-16 13:21:16'),(5282,120,162,37,86,8,'2019-06-16 13:21:16'),(5283,120,162,37,87,7,'2019-06-16 13:21:16'),(5284,120,162,37,88,8,'2019-06-16 13:21:16'),(5285,147,162,37,85,4,'2019-06-16 13:21:19'),(5286,147,162,37,86,3,'2019-06-16 13:21:19'),(5287,147,162,37,87,5,'2019-06-16 13:21:19'),(5288,147,162,37,88,3,'2019-06-16 13:21:19'),(5289,128,162,37,85,5,'2019-06-16 13:21:22'),(5290,128,162,37,86,3,'2019-06-16 13:21:22'),(5291,128,162,37,87,3,'2019-06-16 13:21:22'),(5292,128,162,37,88,6,'2019-06-16 13:21:22'),(5293,143,161,37,85,7,'2019-06-16 13:21:31'),(5294,143,161,37,86,2,'2019-06-16 13:21:31'),(5295,143,161,37,87,3,'2019-06-16 13:21:31'),(5296,143,161,37,88,5,'2019-06-16 13:21:31'),(5297,137,163,37,85,2,'2019-06-16 13:21:32'),(5298,137,163,37,86,1,'2019-06-16 13:21:32'),(5299,137,163,37,87,8,'2019-06-16 13:21:32'),(5300,137,163,37,88,2,'2019-06-16 13:21:32'),(5301,128,163,37,85,8,'2019-06-16 13:21:37'),(5302,128,163,37,86,10,'2019-06-16 13:21:37'),(5303,128,163,37,87,8,'2019-06-16 13:21:37'),(5304,128,163,37,88,10,'2019-06-16 13:21:37'),(5305,143,146,37,85,5,'2019-06-16 13:22:01'),(5306,143,146,37,86,2,'2019-06-16 13:22:01'),(5307,143,146,37,87,4,'2019-06-16 13:22:01'),(5308,143,146,37,88,5,'2019-06-16 13:22:01'),(5309,136,161,37,85,9,'2019-06-16 13:22:09'),(5310,136,161,37,86,6,'2019-06-16 13:22:09'),(5311,136,161,37,87,7,'2019-06-16 13:22:09'),(5312,136,161,37,88,6,'2019-06-16 13:22:09'),(5313,143,152,37,85,5,'2019-06-16 13:22:28'),(5314,143,152,37,86,7,'2019-06-16 13:22:28'),(5315,143,152,37,87,3,'2019-06-16 13:22:28'),(5316,143,152,37,88,7,'2019-06-16 13:22:28'),(5317,143,155,37,85,2,'2019-06-16 13:22:50'),(5318,143,155,37,86,1,'2019-06-16 13:22:50'),(5319,143,155,37,87,2,'2019-06-16 13:22:50'),(5320,143,155,37,88,2,'2019-06-16 13:22:50'),(5321,154,162,37,85,3,'2019-06-16 13:22:54'),(5322,154,162,37,86,4,'2019-06-16 13:22:54'),(5323,154,162,37,87,2,'2019-06-16 13:22:54'),(5324,154,162,37,88,2,'2019-06-16 13:22:54'),(5325,107,156,37,85,5,'2019-06-16 13:23:04'),(5326,107,156,37,86,7,'2019-06-16 13:23:04'),(5327,107,156,37,87,7,'2019-06-16 13:23:04'),(5328,107,156,37,88,7,'2019-06-16 13:23:04'),(5329,131,162,37,85,7,'2019-06-16 13:23:09'),(5330,131,162,37,86,3,'2019-06-16 13:23:09'),(5331,131,162,37,87,8,'2019-06-16 13:23:09'),(5332,131,162,37,88,2,'2019-06-16 13:23:09'),(5333,107,157,37,85,7,'2019-06-16 13:23:11'),(5334,107,157,37,86,8,'2019-06-16 13:23:11'),(5335,107,157,37,87,7,'2019-06-16 13:23:11'),(5336,107,157,37,88,6,'2019-06-16 13:23:11'),(5337,116,162,37,85,9,'2019-06-16 13:23:11'),(5338,116,162,37,86,8,'2019-06-16 13:23:11'),(5339,116,162,37,87,7,'2019-06-16 13:23:11'),(5340,116,162,37,88,9,'2019-06-16 13:23:11'),(5341,108,162,37,85,9,'2019-06-16 13:23:11'),(5342,108,162,37,86,9,'2019-06-16 13:23:11'),(5343,108,162,37,87,9,'2019-06-16 13:23:11'),(5344,108,162,37,88,9,'2019-06-16 13:23:11'),(5345,107,158,37,85,5,'2019-06-16 13:23:18'),(5346,107,158,37,86,5,'2019-06-16 13:23:18'),(5347,107,158,37,87,5,'2019-06-16 13:23:18'),(5348,107,158,37,88,5,'2019-06-16 13:23:18'),(5349,131,163,37,85,2,'2019-06-16 13:23:19'),(5350,131,163,37,86,1,'2019-06-16 13:23:19'),(5351,131,163,37,87,1,'2019-06-16 13:23:19'),(5352,131,163,37,88,8,'2019-06-16 13:23:19'),(5353,143,143,37,85,2,'2019-06-16 13:23:20'),(5354,143,143,37,86,1,'2019-06-16 13:23:20'),(5355,143,143,37,87,1,'2019-06-16 13:23:20'),(5356,143,143,37,88,1,'2019-06-16 13:23:20'),(5357,107,159,37,85,8,'2019-06-16 13:23:25'),(5358,107,159,37,86,7,'2019-06-16 13:23:25'),(5359,107,159,37,87,7,'2019-06-16 13:23:25'),(5360,107,159,37,88,7,'2019-06-16 13:23:25'),(5361,127,162,37,85,7,'2019-06-16 13:23:29'),(5362,127,162,37,86,5,'2019-06-16 13:23:29'),(5363,127,162,37,87,5,'2019-06-16 13:23:29'),(5364,127,162,37,88,5,'2019-06-16 13:23:29'),(5365,107,160,37,85,8,'2019-06-16 13:23:31'),(5366,107,160,37,86,8,'2019-06-16 13:23:31'),(5367,107,160,37,87,8,'2019-06-16 13:23:31'),(5368,107,160,37,88,8,'2019-06-16 13:23:31'),(5369,107,161,37,85,7,'2019-06-16 13:23:35'),(5370,107,161,37,86,7,'2019-06-16 13:23:35'),(5371,107,161,37,87,7,'2019-06-16 13:23:35'),(5372,107,161,37,88,7,'2019-06-16 13:23:35'),(5373,136,162,37,85,8,'2019-06-16 13:23:39'),(5374,136,162,37,86,6,'2019-06-16 13:23:39'),(5375,136,162,37,87,6,'2019-06-16 13:23:39'),(5376,136,162,37,88,6,'2019-06-16 13:23:39'),(5377,143,148,37,85,5,'2019-06-16 13:23:51'),(5378,143,148,37,86,5,'2019-06-16 13:23:51'),(5379,143,148,37,87,5,'2019-06-16 13:23:51'),(5380,143,148,37,88,5,'2019-06-16 13:23:51'),(5381,102,161,37,85,10,'2019-06-16 13:23:53'),(5382,102,161,37,86,10,'2019-06-16 13:23:53'),(5383,102,161,37,87,9,'2019-06-16 13:23:53'),(5384,102,161,37,88,10,'2019-06-16 13:23:53'),(5385,152,162,37,85,5,'2019-06-16 13:24:00'),(5386,152,162,37,86,6,'2019-06-16 13:24:00'),(5387,152,162,37,87,4,'2019-06-16 13:24:00'),(5388,152,162,37,88,2,'2019-06-16 13:24:00'),(5389,109,143,37,85,10,'2019-06-16 13:24:16'),(5390,109,143,37,86,8,'2019-06-16 13:24:16'),(5391,109,143,37,87,8,'2019-06-16 13:24:16'),(5392,109,143,37,88,10,'2019-06-16 13:24:16'),(5393,126,162,37,85,7,'2019-06-16 13:24:17'),(5394,126,162,37,86,6,'2019-06-16 13:24:17'),(5395,126,162,37,87,2,'2019-06-16 13:24:17'),(5396,126,162,37,88,2,'2019-06-16 13:24:17'),(5397,143,158,37,85,5,'2019-06-16 13:24:18'),(5398,143,158,37,86,3,'2019-06-16 13:24:18'),(5399,143,158,37,87,2,'2019-06-16 13:24:18'),(5400,143,158,37,88,5,'2019-06-16 13:24:18'),(5401,132,162,37,85,4,'2019-06-16 13:24:19'),(5402,132,162,37,86,4,'2019-06-16 13:24:19'),(5403,132,162,37,87,4,'2019-06-16 13:24:19'),(5404,132,162,37,88,4,'2019-06-16 13:24:19'),(5405,119,160,37,85,3,'2019-06-16 13:24:22'),(5406,119,160,37,86,7,'2019-06-16 13:24:22'),(5407,119,160,37,87,3,'2019-06-16 13:24:22'),(5408,119,160,37,88,3,'2019-06-16 13:24:22'),(5409,109,144,37,85,9,'2019-06-16 13:24:35'),(5410,109,144,37,86,8,'2019-06-16 13:24:35'),(5411,109,144,37,87,7,'2019-06-16 13:24:35'),(5412,109,144,37,88,8,'2019-06-16 13:24:35'),(5413,126,163,37,85,10,'2019-06-16 13:24:35'),(5414,126,163,37,86,10,'2019-06-16 13:24:35'),(5415,126,163,37,87,10,'2019-06-16 13:24:35'),(5416,126,163,37,88,10,'2019-06-16 13:24:35'),(5417,116,161,37,85,9,'2019-06-16 13:29:37'),(5418,116,161,37,86,8,'2019-06-16 13:29:37'),(5419,116,161,37,87,4,'2019-06-16 13:29:37'),(5420,116,161,37,88,9,'2019-06-16 13:29:37'),(5421,146,144,37,85,7,'2019-06-16 13:29:54'),(5422,146,144,37,86,3,'2019-06-16 13:29:54'),(5423,146,144,37,87,5,'2019-06-16 13:29:54'),(5424,146,144,37,88,5,'2019-06-16 13:29:54'),(5425,146,143,37,85,4,'2019-06-16 13:30:31'),(5426,146,143,37,86,3,'2019-06-16 13:30:31'),(5427,146,143,37,87,3,'2019-06-16 13:30:31'),(5428,146,143,37,88,4,'2019-06-16 13:30:31'),(5429,134,162,37,85,7,'2019-06-16 13:31:03'),(5430,134,162,37,86,7,'2019-06-16 13:31:03'),(5431,134,162,37,87,6,'2019-06-16 13:31:03'),(5432,134,162,37,88,7,'2019-06-16 13:31:03'),(5433,109,145,37,85,7,'2019-06-16 13:31:46'),(5434,109,145,37,86,8,'2019-06-16 13:31:46'),(5435,109,145,37,87,8,'2019-06-16 13:31:46'),(5436,109,145,37,88,7,'2019-06-16 13:31:46'),(5437,109,146,37,85,7,'2019-06-16 13:32:05'),(5438,109,146,37,86,8,'2019-06-16 13:32:05'),(5439,109,146,37,87,8,'2019-06-16 13:32:05'),(5440,109,146,37,88,7,'2019-06-16 13:32:05'),(5441,109,147,37,85,10,'2019-06-16 13:32:20'),(5442,109,147,37,86,10,'2019-06-16 13:32:20'),(5443,109,147,37,87,10,'2019-06-16 13:32:20'),(5444,109,147,37,88,9,'2019-06-16 13:32:20'),(5445,109,148,37,85,8,'2019-06-16 13:32:50'),(5446,109,148,37,86,8,'2019-06-16 13:32:50'),(5447,109,148,37,87,9,'2019-06-16 13:32:50'),(5448,109,148,37,88,8,'2019-06-16 13:32:50'),(5449,109,149,37,85,7,'2019-06-16 13:33:29'),(5450,109,149,37,86,8,'2019-06-16 13:33:29'),(5451,109,149,37,87,7,'2019-06-16 13:33:29'),(5452,109,149,37,88,7,'2019-06-16 13:33:29'),(5453,109,150,37,85,9,'2019-06-16 13:33:42'),(5454,109,150,37,86,9,'2019-06-16 13:33:42'),(5455,109,150,37,87,9,'2019-06-16 13:33:42'),(5456,109,150,37,88,9,'2019-06-16 13:33:42'),(5457,146,146,37,85,6,'2019-06-16 13:33:47'),(5458,146,146,37,86,3,'2019-06-16 13:33:47'),(5459,146,146,37,87,2,'2019-06-16 13:33:47'),(5460,146,146,37,88,2,'2019-06-16 13:33:47'),(5461,109,151,37,85,9,'2019-06-16 13:33:57'),(5462,109,151,37,86,8,'2019-06-16 13:33:57'),(5463,109,151,37,87,8,'2019-06-16 13:33:57'),(5464,109,151,37,88,8,'2019-06-16 13:33:57'),(5465,109,152,37,85,10,'2019-06-16 13:34:13'),(5466,109,152,37,86,10,'2019-06-16 13:34:13'),(5467,109,152,37,87,10,'2019-06-16 13:34:13'),(5468,109,152,37,88,10,'2019-06-16 13:34:13'),(5469,109,153,37,85,6,'2019-06-16 13:35:00'),(5470,109,153,37,86,8,'2019-06-16 13:35:00'),(5471,109,153,37,87,7,'2019-06-16 13:35:00'),(5472,109,153,37,88,8,'2019-06-16 13:35:00'),(5473,109,154,37,85,8,'2019-06-16 13:35:12'),(5474,109,154,37,86,8,'2019-06-16 13:35:12'),(5475,109,154,37,87,8,'2019-06-16 13:35:12'),(5476,109,154,37,88,9,'2019-06-16 13:35:12'),(5477,109,155,37,85,8,'2019-06-16 13:35:23'),(5478,109,155,37,86,7,'2019-06-16 13:35:23'),(5479,109,155,37,87,9,'2019-06-16 13:35:23'),(5480,109,155,37,88,8,'2019-06-16 13:35:23'),(5481,109,156,37,85,9,'2019-06-16 13:35:38'),(5482,109,156,37,86,10,'2019-06-16 13:35:38'),(5483,109,156,37,87,9,'2019-06-16 13:35:38'),(5484,109,156,37,88,9,'2019-06-16 13:35:38'),(5485,109,157,37,85,6,'2019-06-16 13:36:02'),(5486,109,157,37,86,6,'2019-06-16 13:36:02'),(5487,109,157,37,87,7,'2019-06-16 13:36:02'),(5488,109,157,37,88,7,'2019-06-16 13:36:02'),(5489,109,158,37,85,9,'2019-06-16 13:36:12'),(5490,109,158,37,86,10,'2019-06-16 13:36:12'),(5491,109,158,37,87,9,'2019-06-16 13:36:12'),(5492,109,158,37,88,8,'2019-06-16 13:36:12'),(5493,109,159,37,85,9,'2019-06-16 13:36:27'),(5494,109,159,37,86,10,'2019-06-16 13:36:27'),(5495,109,159,37,87,9,'2019-06-16 13:36:27'),(5496,109,159,37,88,8,'2019-06-16 13:36:27'),(5497,109,160,37,85,6,'2019-06-16 13:36:42'),(5498,109,160,37,86,6,'2019-06-16 13:36:42'),(5499,109,160,37,87,7,'2019-06-16 13:36:42'),(5500,109,160,37,88,6,'2019-06-16 13:36:42'),(5501,109,161,37,85,9,'2019-06-16 13:36:54'),(5502,109,161,37,86,8,'2019-06-16 13:36:54'),(5503,109,161,37,87,10,'2019-06-16 13:36:54'),(5504,109,161,37,88,9,'2019-06-16 13:36:54'),(5505,141,143,37,85,4,'2019-06-16 13:41:11'),(5506,141,143,37,86,4,'2019-06-16 13:41:11'),(5507,141,143,37,87,4,'2019-06-16 13:41:11'),(5508,141,143,37,88,4,'2019-06-16 13:41:11'),(5509,146,148,37,85,5,'2019-06-16 13:41:35'),(5510,146,148,37,86,3,'2019-06-16 13:41:35'),(5511,146,148,37,87,3,'2019-06-16 13:41:35'),(5512,146,148,37,88,3,'2019-06-16 13:41:35'),(5513,141,144,37,85,5,'2019-06-16 13:42:05'),(5514,141,144,37,86,5,'2019-06-16 13:42:05'),(5515,141,144,37,87,5,'2019-06-16 13:42:05'),(5516,141,144,37,88,5,'2019-06-16 13:42:05'),(5517,141,145,37,85,6,'2019-06-16 13:42:20'),(5518,141,145,37,86,6,'2019-06-16 13:42:20'),(5519,141,145,37,87,6,'2019-06-16 13:42:20'),(5520,141,145,37,88,5,'2019-06-16 13:42:20'),(5521,141,146,37,85,7,'2019-06-16 13:42:35'),(5522,141,146,37,86,7,'2019-06-16 13:42:35'),(5523,141,146,37,87,7,'2019-06-16 13:42:35'),(5524,141,146,37,88,7,'2019-06-16 13:42:35'),(5525,141,147,37,85,5,'2019-06-16 13:43:18'),(5526,141,147,37,86,5,'2019-06-16 13:43:18'),(5527,141,147,37,87,5,'2019-06-16 13:43:18'),(5528,141,147,37,88,5,'2019-06-16 13:43:18'),(5529,141,148,37,85,8,'2019-06-16 13:43:54'),(5530,141,148,37,86,8,'2019-06-16 13:43:54'),(5531,141,148,37,87,8,'2019-06-16 13:43:54'),(5532,141,148,37,88,8,'2019-06-16 13:43:54'),(5533,141,149,37,85,6,'2019-06-16 13:48:19'),(5534,141,149,37,86,6,'2019-06-16 13:48:19'),(5535,141,149,37,87,6,'2019-06-16 13:48:19'),(5536,141,149,37,88,6,'2019-06-16 13:48:19'),(5537,141,150,37,85,6,'2019-06-16 13:48:33'),(5538,141,150,37,86,6,'2019-06-16 13:48:33'),(5539,141,150,37,87,6,'2019-06-16 13:48:33'),(5540,141,150,37,88,6,'2019-06-16 13:48:33'),(5541,141,151,37,85,5,'2019-06-16 13:48:43'),(5542,141,151,37,86,5,'2019-06-16 13:48:43'),(5543,141,151,37,87,10,'2019-06-16 13:48:43'),(5544,141,151,37,88,10,'2019-06-16 13:48:43'),(5545,146,162,37,85,5,'2019-06-16 13:48:56'),(5546,146,162,37,86,2,'2019-06-16 13:48:56'),(5547,146,162,37,87,2,'2019-06-16 13:48:56'),(5548,146,162,37,88,4,'2019-06-16 13:48:56'),(5549,141,152,37,85,10,'2019-06-16 13:48:58'),(5550,141,152,37,86,10,'2019-06-16 13:48:58'),(5551,141,152,37,87,10,'2019-06-16 13:48:58'),(5552,141,152,37,88,10,'2019-06-16 13:48:58'),(5553,141,153,37,85,8,'2019-06-16 13:49:10'),(5554,141,153,37,86,8,'2019-06-16 13:49:10'),(5555,141,153,37,87,8,'2019-06-16 13:49:10'),(5556,141,153,37,88,8,'2019-06-16 13:49:10'),(5557,146,147,37,85,4,'2019-06-16 13:49:19'),(5558,146,147,37,86,2,'2019-06-16 13:49:19'),(5559,146,147,37,87,2,'2019-06-16 13:49:19'),(5560,146,147,37,88,4,'2019-06-16 13:49:19'),(5561,141,154,37,85,7,'2019-06-16 13:49:20'),(5562,141,154,37,86,7,'2019-06-16 13:49:20'),(5563,141,154,37,87,7,'2019-06-16 13:49:20'),(5564,141,154,37,88,7,'2019-06-16 13:49:20'),(5565,141,155,37,85,10,'2019-06-16 13:49:32'),(5566,141,155,37,86,10,'2019-06-16 13:49:32'),(5567,141,155,37,87,9,'2019-06-16 13:49:32'),(5568,141,155,37,88,8,'2019-06-16 13:49:32'),(5569,141,156,37,85,7,'2019-06-16 13:49:45'),(5570,141,156,37,86,7,'2019-06-16 13:49:45'),(5571,141,156,37,87,7,'2019-06-16 13:49:45'),(5572,141,156,37,88,7,'2019-06-16 13:49:45'),(5573,146,150,37,85,7,'2019-06-16 13:49:56'),(5574,146,150,37,86,4,'2019-06-16 13:49:56'),(5575,146,150,37,87,4,'2019-06-16 13:49:56'),(5576,146,150,37,88,5,'2019-06-16 13:49:56'),(5577,146,149,37,85,6,'2019-06-16 13:50:17'),(5578,146,149,37,86,4,'2019-06-16 13:50:17'),(5579,146,149,37,87,5,'2019-06-16 13:50:17'),(5580,146,149,37,88,2,'2019-06-16 13:50:17'),(5581,146,151,37,85,8,'2019-06-16 13:50:43'),(5582,146,151,37,86,3,'2019-06-16 13:50:43'),(5583,146,151,37,87,6,'2019-06-16 13:50:43'),(5584,146,151,37,88,4,'2019-06-16 13:50:43'),(5585,146,152,37,85,8,'2019-06-16 13:51:02'),(5586,146,152,37,86,5,'2019-06-16 13:51:02'),(5587,146,152,37,87,3,'2019-06-16 13:51:02'),(5588,146,152,37,88,5,'2019-06-16 13:51:02'),(5589,141,157,37,85,7,'2019-06-16 13:51:07'),(5590,141,157,37,86,7,'2019-06-16 13:51:07'),(5591,141,157,37,87,7,'2019-06-16 13:51:07'),(5592,141,157,37,88,7,'2019-06-16 13:51:07'),(5593,146,153,37,85,7,'2019-06-16 13:51:19'),(5594,146,153,37,86,5,'2019-06-16 13:51:19'),(5595,146,153,37,87,2,'2019-06-16 13:51:19'),(5596,146,153,37,88,6,'2019-06-16 13:51:19'),(5597,141,159,37,85,9,'2019-06-16 13:51:27'),(5598,141,159,37,86,9,'2019-06-16 13:51:27'),(5599,141,159,37,87,9,'2019-06-16 13:51:27'),(5600,141,159,37,88,9,'2019-06-16 13:51:27'),(5601,141,160,37,85,5,'2019-06-16 13:51:48'),(5602,141,160,37,86,5,'2019-06-16 13:51:48'),(5603,141,160,37,87,5,'2019-06-16 13:51:48'),(5604,141,160,37,88,5,'2019-06-16 13:51:48'),(5605,141,161,37,85,10,'2019-06-16 13:51:57'),(5606,141,161,37,86,10,'2019-06-16 13:51:57'),(5607,141,161,37,87,10,'2019-06-16 13:51:57'),(5608,141,161,37,88,10,'2019-06-16 13:51:57'),(5609,146,154,37,85,4,'2019-06-16 13:52:00'),(5610,146,154,37,86,3,'2019-06-16 13:52:00'),(5611,146,154,37,87,5,'2019-06-16 13:52:00'),(5612,146,154,37,88,3,'2019-06-16 13:52:00'),(5613,146,155,37,85,3,'2019-06-16 13:52:12'),(5614,146,155,37,86,2,'2019-06-16 13:52:12'),(5615,146,155,37,87,2,'2019-06-16 13:52:12'),(5616,146,155,37,88,2,'2019-06-16 13:52:12'),(5617,141,162,37,85,5,'2019-06-16 13:52:14'),(5618,141,162,37,86,5,'2019-06-16 13:52:14'),(5619,141,162,37,87,5,'2019-06-16 13:52:14'),(5620,141,162,37,88,5,'2019-06-16 13:52:14'),(5621,146,156,37,85,7,'2019-06-16 13:52:30'),(5622,146,156,37,86,7,'2019-06-16 13:52:30'),(5623,146,156,37,87,5,'2019-06-16 13:52:30'),(5624,146,156,37,88,6,'2019-06-16 13:52:30'),(5625,146,158,37,85,7,'2019-06-16 13:53:21'),(5626,146,158,37,86,7,'2019-06-16 13:53:21'),(5627,146,158,37,87,4,'2019-06-16 13:53:21'),(5628,146,158,37,88,7,'2019-06-16 13:53:21'),(5629,146,161,37,85,6,'2019-06-16 13:54:14'),(5630,146,161,37,86,3,'2019-06-16 13:54:14'),(5631,146,161,37,87,1,'2019-06-16 13:54:14'),(5632,146,161,37,88,5,'2019-06-16 13:54:14'),(5633,146,160,37,85,6,'2019-06-16 13:54:36'),(5634,146,160,37,86,3,'2019-06-16 13:54:36'),(5635,146,160,37,87,2,'2019-06-16 13:54:36'),(5636,146,160,37,88,2,'2019-06-16 13:54:36'),(5637,146,159,37,85,5,'2019-06-16 13:54:57'),(5638,146,159,37,86,3,'2019-06-16 13:54:57'),(5639,146,159,37,87,3,'2019-06-16 13:54:57'),(5640,146,159,37,88,3,'2019-06-16 13:54:57'),(5641,146,157,37,85,5,'2019-06-16 13:55:26'),(5642,146,157,37,86,3,'2019-06-16 13:55:26'),(5643,146,157,37,87,3,'2019-06-16 13:55:26'),(5644,146,157,37,88,3,'2019-06-16 13:55:26'),(5645,111,156,37,85,3,'2019-06-16 14:02:33'),(5646,111,156,37,86,5,'2019-06-16 14:02:33'),(5647,111,156,37,87,5,'2019-06-16 14:02:33'),(5648,111,156,37,88,5,'2019-06-16 14:02:33'),(5649,111,157,37,85,3,'2019-06-16 14:02:58'),(5650,111,157,37,86,3,'2019-06-16 14:02:58'),(5651,111,157,37,87,5,'2019-06-16 14:02:58'),(5652,111,157,37,88,6,'2019-06-16 14:02:58'),(5653,111,158,37,85,4,'2019-06-16 14:03:14'),(5654,111,158,37,86,7,'2019-06-16 14:03:14'),(5655,111,158,37,87,7,'2019-06-16 14:03:14'),(5656,111,158,37,88,5,'2019-06-16 14:03:14'),(5657,111,159,37,85,7,'2019-06-16 14:03:30'),(5658,111,159,37,86,7,'2019-06-16 14:03:30'),(5659,111,159,37,87,4,'2019-06-16 14:03:30'),(5660,111,159,37,88,4,'2019-06-16 14:03:30'),(5661,111,160,37,85,4,'2019-06-16 14:03:39'),(5662,111,160,37,86,4,'2019-06-16 14:03:39'),(5663,111,160,37,87,4,'2019-06-16 14:03:39'),(5664,111,160,37,88,4,'2019-06-16 14:03:39'),(5665,111,161,37,85,4,'2019-06-16 14:03:51'),(5666,111,161,37,86,4,'2019-06-16 14:03:51'),(5667,111,161,37,87,3,'2019-06-16 14:03:51'),(5668,111,161,37,88,7,'2019-06-16 14:03:51'),(5669,111,149,37,85,3,'2019-06-16 14:04:15'),(5670,111,149,37,86,4,'2019-06-16 14:04:15'),(5671,111,149,37,87,7,'2019-06-16 14:04:15'),(5672,111,149,37,88,3,'2019-06-16 14:04:15'),(5673,133,156,37,85,7,'2019-06-16 14:06:42'),(5674,133,156,37,86,5,'2019-06-16 14:06:42'),(5675,133,156,37,87,9,'2019-06-16 14:06:42'),(5676,133,156,37,88,7,'2019-06-16 14:06:42'),(5677,133,158,37,85,9,'2019-06-16 14:07:10'),(5678,133,158,37,86,8,'2019-06-16 14:07:10'),(5679,133,158,37,87,9,'2019-06-16 14:07:10'),(5680,133,158,37,88,9,'2019-06-16 14:07:10'),(5681,118,143,37,85,5,'2019-06-16 14:10:16'),(5682,118,143,37,86,5,'2019-06-16 14:10:16'),(5683,118,143,37,87,4,'2019-06-16 14:10:16'),(5684,118,143,37,88,7,'2019-06-16 14:10:16'),(5685,118,144,37,85,7,'2019-06-16 14:10:34'),(5686,118,144,37,86,7,'2019-06-16 14:10:34'),(5687,118,144,37,87,5,'2019-06-16 14:10:34'),(5688,118,144,37,88,5,'2019-06-16 14:10:34'),(5689,98,163,37,85,1,'2019-06-16 14:10:36'),(5690,98,163,37,86,1,'2019-06-16 14:10:36'),(5691,98,163,37,87,1,'2019-06-16 14:10:36'),(5692,98,163,37,88,1,'2019-06-16 14:10:36'),(5693,143,144,37,85,1,'2019-06-16 14:10:41'),(5694,143,144,37,86,1,'2019-06-16 14:10:41'),(5695,143,144,37,87,1,'2019-06-16 14:10:41'),(5696,143,144,37,88,1,'2019-06-16 14:10:41'),(5697,143,145,37,85,1,'2019-06-16 14:10:50'),(5698,143,145,37,86,1,'2019-06-16 14:10:50'),(5699,143,145,37,87,1,'2019-06-16 14:10:50'),(5700,143,145,37,88,1,'2019-06-16 14:10:50'),(5701,118,145,37,85,5,'2019-06-16 14:10:57'),(5702,118,145,37,86,7,'2019-06-16 14:10:57'),(5703,118,145,37,87,5,'2019-06-16 14:10:57'),(5704,118,145,37,88,5,'2019-06-16 14:10:57'),(5705,118,146,37,85,3,'2019-06-16 14:11:08'),(5706,118,146,37,86,2,'2019-06-16 14:11:08'),(5707,118,146,37,87,2,'2019-06-16 14:11:08'),(5708,118,146,37,88,2,'2019-06-16 14:11:08'),(5709,140,148,37,85,7,'2019-06-16 14:11:12'),(5710,140,148,37,86,8,'2019-06-16 14:11:12'),(5711,140,148,37,87,7,'2019-06-16 14:11:12'),(5712,140,148,37,88,9,'2019-06-16 14:11:12'),(5713,143,147,37,85,2,'2019-06-16 14:11:14'),(5714,143,147,37,86,2,'2019-06-16 14:11:14'),(5715,143,147,37,87,2,'2019-06-16 14:11:14'),(5716,143,147,37,88,2,'2019-06-16 14:11:14'),(5717,118,147,37,85,6,'2019-06-16 14:11:30'),(5718,118,147,37,86,5,'2019-06-16 14:11:30'),(5719,118,147,37,87,6,'2019-06-16 14:11:30'),(5720,118,147,37,88,4,'2019-06-16 14:11:30'),(5721,143,149,37,85,2,'2019-06-16 14:11:30'),(5722,143,149,37,86,2,'2019-06-16 14:11:30'),(5723,143,149,37,87,2,'2019-06-16 14:11:30'),(5724,143,149,37,88,2,'2019-06-16 14:11:30'),(5725,143,150,37,85,3,'2019-06-16 14:11:40'),(5726,143,150,37,86,3,'2019-06-16 14:11:40'),(5727,143,150,37,87,3,'2019-06-16 14:11:40'),(5728,143,150,37,88,3,'2019-06-16 14:11:40'),(5729,140,149,37,85,10,'2019-06-16 14:11:41'),(5730,140,149,37,86,9,'2019-06-16 14:11:41'),(5731,140,149,37,87,10,'2019-06-16 14:11:41'),(5732,140,149,37,88,9,'2019-06-16 14:11:41'),(5733,118,148,37,85,5,'2019-06-16 14:11:45'),(5734,118,148,37,86,4,'2019-06-16 14:11:45'),(5735,118,148,37,87,5,'2019-06-16 14:11:45'),(5736,118,148,37,88,3,'2019-06-16 14:11:45'),(5737,143,151,37,85,1,'2019-06-16 14:11:47'),(5738,143,151,37,86,1,'2019-06-16 14:11:47'),(5739,143,151,37,87,1,'2019-06-16 14:11:47'),(5740,143,151,37,88,1,'2019-06-16 14:11:47'),(5741,140,150,37,85,6,'2019-06-16 14:11:51'),(5742,140,150,37,86,8,'2019-06-16 14:11:51'),(5743,140,150,37,87,6,'2019-06-16 14:11:51'),(5744,140,150,37,88,5,'2019-06-16 14:11:51'),(5745,118,149,37,85,5,'2019-06-16 14:11:54'),(5746,118,149,37,86,5,'2019-06-16 14:11:54'),(5747,118,149,37,87,5,'2019-06-16 14:11:54'),(5748,118,149,37,88,5,'2019-06-16 14:11:54'),(5749,143,153,37,85,2,'2019-06-16 14:12:00'),(5750,143,153,37,86,3,'2019-06-16 14:12:00'),(5751,143,153,37,87,2,'2019-06-16 14:12:00'),(5752,143,153,37,88,3,'2019-06-16 14:12:00'),(5753,140,151,37,85,10,'2019-06-16 14:12:02'),(5754,140,151,37,86,10,'2019-06-16 14:12:02'),(5755,140,151,37,87,10,'2019-06-16 14:12:02'),(5756,140,151,37,88,10,'2019-06-16 14:12:02'),(5757,118,150,37,85,5,'2019-06-16 14:12:08'),(5758,118,150,37,86,5,'2019-06-16 14:12:08'),(5759,118,150,37,87,5,'2019-06-16 14:12:08'),(5760,118,150,37,88,5,'2019-06-16 14:12:08'),(5761,140,152,37,85,8,'2019-06-16 14:12:14'),(5762,140,152,37,86,6,'2019-06-16 14:12:14'),(5763,140,152,37,87,8,'2019-06-16 14:12:14'),(5764,140,152,37,88,5,'2019-06-16 14:12:14'),(5765,143,154,37,85,1,'2019-06-16 14:12:16'),(5766,143,154,37,86,1,'2019-06-16 14:12:16'),(5767,143,154,37,87,1,'2019-06-16 14:12:16'),(5768,143,154,37,88,1,'2019-06-16 14:12:16'),(5769,118,151,37,85,5,'2019-06-16 14:12:18'),(5770,118,151,37,86,5,'2019-06-16 14:12:18'),(5771,118,151,37,87,5,'2019-06-16 14:12:18'),(5772,118,151,37,88,5,'2019-06-16 14:12:18'),(5777,118,152,37,85,5,'2019-06-16 14:12:29'),(5778,118,152,37,86,7,'2019-06-16 14:12:29'),(5779,118,152,37,87,5,'2019-06-16 14:12:29'),(5780,118,152,37,88,5,'2019-06-16 14:12:29'),(5781,143,157,37,85,1,'2019-06-16 14:12:38'),(5782,143,157,37,86,1,'2019-06-16 14:12:38'),(5783,143,157,37,87,1,'2019-06-16 14:12:38'),(5784,143,157,37,88,1,'2019-06-16 14:12:38'),(5785,143,159,37,85,3,'2019-06-16 14:12:53'),(5786,143,159,37,86,3,'2019-06-16 14:12:53'),(5787,143,159,37,87,3,'2019-06-16 14:12:53'),(5788,143,159,37,88,4,'2019-06-16 14:12:53'),(5789,143,162,37,85,1,'2019-06-16 14:13:06'),(5790,143,162,37,86,3,'2019-06-16 14:13:06'),(5791,143,162,37,87,2,'2019-06-16 14:13:06'),(5792,143,162,37,88,2,'2019-06-16 14:13:06'),(5793,143,163,37,85,1,'2019-06-16 14:13:16'),(5794,143,163,37,86,1,'2019-06-16 14:13:16'),(5795,143,163,37,87,1,'2019-06-16 14:13:16'),(5796,143,163,37,88,1,'2019-06-16 14:13:16'),(5797,136,144,37,85,6,'2019-06-16 14:13:28'),(5798,136,144,37,86,5,'2019-06-16 14:13:28'),(5799,136,144,37,87,5,'2019-06-16 14:13:28'),(5800,136,144,37,88,3,'2019-06-16 14:13:28'),(5801,118,153,37,85,5,'2019-06-16 14:13:32'),(5802,118,153,37,86,7,'2019-06-16 14:13:32'),(5803,118,153,37,87,5,'2019-06-16 14:13:32'),(5804,118,153,37,88,5,'2019-06-16 14:13:32'),(5805,118,154,37,85,5,'2019-06-16 14:13:41'),(5806,118,154,37,86,5,'2019-06-16 14:13:41'),(5807,118,154,37,87,5,'2019-06-16 14:13:41'),(5808,118,154,37,88,5,'2019-06-16 14:13:41'),(5809,118,155,37,85,5,'2019-06-16 14:13:51'),(5810,118,155,37,86,5,'2019-06-16 14:13:51'),(5811,118,155,37,87,5,'2019-06-16 14:13:51'),(5812,118,155,37,88,4,'2019-06-16 14:13:51'),(5813,136,145,37,85,5,'2019-06-16 14:13:57'),(5814,136,145,37,86,5,'2019-06-16 14:13:57'),(5815,136,145,37,87,5,'2019-06-16 14:13:57'),(5816,136,145,37,88,4,'2019-06-16 14:13:57'),(5817,118,156,37,85,7,'2019-06-16 14:14:06'),(5818,118,156,37,86,7,'2019-06-16 14:14:06'),(5819,118,156,37,87,5,'2019-06-16 14:14:06'),(5820,118,156,37,88,7,'2019-06-16 14:14:06'),(5821,118,157,37,85,5,'2019-06-16 14:14:17'),(5822,118,157,37,86,5,'2019-06-16 14:14:17'),(5823,118,157,37,87,5,'2019-06-16 14:14:17'),(5824,118,157,37,88,5,'2019-06-16 14:14:17'),(5825,118,158,37,85,5,'2019-06-16 14:14:28'),(5826,118,158,37,86,5,'2019-06-16 14:14:28'),(5827,118,158,37,87,5,'2019-06-16 14:14:28'),(5828,118,158,37,88,5,'2019-06-16 14:14:28'),(5829,118,160,37,85,4,'2019-06-16 14:14:37'),(5830,118,160,37,86,4,'2019-06-16 14:14:37'),(5831,118,160,37,87,4,'2019-06-16 14:14:37'),(5832,118,160,37,88,4,'2019-06-16 14:14:37'),(5833,118,161,37,85,4,'2019-06-16 14:14:52'),(5834,118,161,37,86,7,'2019-06-16 14:14:52'),(5835,118,161,37,87,3,'2019-06-16 14:14:52'),(5836,118,161,37,88,3,'2019-06-16 14:14:52'),(5837,118,162,37,85,3,'2019-06-16 14:15:07'),(5838,118,162,37,86,3,'2019-06-16 14:15:07'),(5839,118,162,37,87,3,'2019-06-16 14:15:07'),(5840,118,162,37,88,3,'2019-06-16 14:15:07'),(5841,136,146,37,85,6,'2019-06-16 14:15:18'),(5842,136,146,37,86,6,'2019-06-16 14:15:18'),(5843,136,146,37,87,5,'2019-06-16 14:15:18'),(5844,136,146,37,88,6,'2019-06-16 14:15:18'),(5845,118,163,37,85,10,'2019-06-16 14:15:26'),(5846,118,163,37,86,10,'2019-06-16 14:15:26'),(5847,118,163,37,87,10,'2019-06-16 14:15:26'),(5848,118,163,37,88,10,'2019-06-16 14:15:26'),(5849,136,154,37,85,6,'2019-06-16 14:15:56'),(5850,136,154,37,86,4,'2019-06-16 14:15:56'),(5851,136,154,37,87,5,'2019-06-16 14:15:56'),(5852,136,154,37,88,5,'2019-06-16 14:15:56'),(5853,136,163,37,85,10,'2019-06-16 14:16:21'),(5854,136,163,37,86,10,'2019-06-16 14:16:21'),(5855,136,163,37,87,10,'2019-06-16 14:16:21'),(5856,136,163,37,88,10,'2019-06-16 14:16:21'),(5857,93,161,37,85,2,'2019-06-16 14:18:34'),(5858,93,161,37,86,4,'2019-06-16 14:18:34'),(5859,93,161,37,87,3,'2019-06-16 14:18:34'),(5860,93,161,37,88,2,'2019-06-16 14:18:34'),(5861,93,162,37,85,1,'2019-06-16 14:18:43'),(5862,93,162,37,86,1,'2019-06-16 14:18:43'),(5863,93,162,37,87,1,'2019-06-16 14:18:43'),(5864,93,162,37,88,1,'2019-06-16 14:18:43'),(5865,93,163,37,85,3,'2019-06-16 14:18:53'),(5866,93,163,37,86,3,'2019-06-16 14:18:53'),(5867,93,163,37,87,4,'2019-06-16 14:18:53'),(5868,93,163,37,88,2,'2019-06-16 14:18:53'),(5869,106,160,37,85,6,'2019-06-16 14:19:34'),(5870,106,160,37,86,5,'2019-06-16 14:19:34'),(5871,106,160,37,87,8,'2019-06-16 14:19:34'),(5872,106,160,37,88,6,'2019-06-16 14:19:34'),(5873,106,143,37,85,4,'2019-06-16 14:20:05'),(5874,106,143,37,86,6,'2019-06-16 14:20:05'),(5875,106,143,37,87,4,'2019-06-16 14:20:05'),(5876,106,143,37,88,5,'2019-06-16 14:20:05'),(5877,106,144,37,85,5,'2019-06-16 14:20:20'),(5878,106,144,37,86,5,'2019-06-16 14:20:20'),(5879,106,144,37,87,5,'2019-06-16 14:20:20'),(5880,106,144,37,88,5,'2019-06-16 14:20:20'),(5881,106,145,37,85,5,'2019-06-16 14:20:40'),(5882,106,145,37,86,5,'2019-06-16 14:20:40'),(5883,106,145,37,87,5,'2019-06-16 14:20:40'),(5884,106,145,37,88,5,'2019-06-16 14:20:40'),(5885,106,146,37,85,5,'2019-06-16 14:20:50'),(5886,106,146,37,86,5,'2019-06-16 14:20:50'),(5887,106,146,37,87,5,'2019-06-16 14:20:50'),(5888,106,146,37,88,5,'2019-06-16 14:20:50'),(5889,112,157,37,85,5,'2019-06-16 14:20:53'),(5890,112,157,37,86,4,'2019-06-16 14:20:53'),(5891,112,157,37,87,5,'2019-06-16 14:20:53'),(5892,112,157,37,88,6,'2019-06-16 14:20:53'),(5893,106,148,37,85,5,'2019-06-16 14:20:58'),(5894,106,148,37,86,5,'2019-06-16 14:20:58'),(5895,106,148,37,87,5,'2019-06-16 14:20:58'),(5896,106,148,37,88,5,'2019-06-16 14:20:58'),(5897,106,149,37,85,5,'2019-06-16 14:21:07'),(5898,106,149,37,86,5,'2019-06-16 14:21:07'),(5899,106,149,37,87,5,'2019-06-16 14:21:07'),(5900,106,149,37,88,5,'2019-06-16 14:21:07'),(5901,106,150,37,85,5,'2019-06-16 14:21:18'),(5902,106,150,37,86,5,'2019-06-16 14:21:18'),(5903,106,150,37,87,5,'2019-06-16 14:21:18'),(5904,106,150,37,88,5,'2019-06-16 14:21:18'),(5905,112,158,37,85,4,'2019-06-16 14:21:19'),(5906,112,158,37,86,4,'2019-06-16 14:21:19'),(5907,112,158,37,87,3,'2019-06-16 14:21:19'),(5908,112,158,37,88,6,'2019-06-16 14:21:19'),(5909,106,151,37,85,5,'2019-06-16 14:21:28'),(5910,106,151,37,86,5,'2019-06-16 14:21:28'),(5911,106,151,37,87,5,'2019-06-16 14:21:28'),(5912,106,151,37,88,5,'2019-06-16 14:21:28'),(5913,112,159,37,85,8,'2019-06-16 14:21:32'),(5914,112,159,37,86,6,'2019-06-16 14:21:32'),(5915,112,159,37,87,4,'2019-06-16 14:21:32'),(5916,112,159,37,88,8,'2019-06-16 14:21:32'),(5917,106,152,37,85,5,'2019-06-16 14:21:42'),(5918,106,152,37,86,5,'2019-06-16 14:21:42'),(5919,106,152,37,87,5,'2019-06-16 14:21:42'),(5920,106,152,37,88,5,'2019-06-16 14:21:42'),(5921,112,160,37,85,9,'2019-06-16 14:21:45'),(5922,112,160,37,86,9,'2019-06-16 14:21:45'),(5923,112,160,37,87,5,'2019-06-16 14:21:45'),(5924,112,160,37,88,3,'2019-06-16 14:21:45'),(5925,106,153,37,85,5,'2019-06-16 14:21:52'),(5926,106,153,37,86,5,'2019-06-16 14:21:52'),(5927,106,153,37,87,5,'2019-06-16 14:21:52'),(5928,106,153,37,88,5,'2019-06-16 14:21:52'),(5929,106,154,37,85,5,'2019-06-16 14:22:01'),(5930,106,154,37,86,5,'2019-06-16 14:22:01'),(5931,106,154,37,87,5,'2019-06-16 14:22:01'),(5932,106,154,37,88,5,'2019-06-16 14:22:01'),(5933,106,155,37,85,5,'2019-06-16 14:22:08'),(5934,106,155,37,86,5,'2019-06-16 14:22:08'),(5935,106,155,37,87,5,'2019-06-16 14:22:08'),(5936,106,155,37,88,5,'2019-06-16 14:22:08'),(5937,112,161,37,85,6,'2019-06-16 14:22:13'),(5938,112,161,37,86,8,'2019-06-16 14:22:13'),(5939,112,161,37,87,5,'2019-06-16 14:22:13'),(5940,112,161,37,88,5,'2019-06-16 14:22:13'),(5941,106,156,37,85,5,'2019-06-16 14:22:23'),(5942,106,156,37,86,5,'2019-06-16 14:22:23'),(5943,106,156,37,87,5,'2019-06-16 14:22:23'),(5944,106,156,37,88,5,'2019-06-16 14:22:23'),(5945,106,157,37,85,5,'2019-06-16 14:22:31'),(5946,106,157,37,86,5,'2019-06-16 14:22:31'),(5947,106,157,37,87,5,'2019-06-16 14:22:31'),(5948,106,157,37,88,5,'2019-06-16 14:22:31'),(5949,112,162,37,85,9,'2019-06-16 14:22:36'),(5950,112,162,37,86,9,'2019-06-16 14:22:36'),(5951,112,162,37,87,9,'2019-06-16 14:22:36'),(5952,112,162,37,88,6,'2019-06-16 14:22:36'),(5953,106,158,37,85,5,'2019-06-16 14:22:44'),(5954,106,158,37,86,5,'2019-06-16 14:22:44'),(5955,106,158,37,87,5,'2019-06-16 14:22:44'),(5956,106,158,37,88,5,'2019-06-16 14:22:44'),(5957,112,163,37,85,7,'2019-06-16 14:22:46'),(5958,112,163,37,86,7,'2019-06-16 14:22:46'),(5959,112,163,37,87,7,'2019-06-16 14:22:46'),(5960,112,163,37,88,8,'2019-06-16 14:22:46'),(5961,106,159,37,85,5,'2019-06-16 14:22:58'),(5962,106,159,37,86,5,'2019-06-16 14:22:58'),(5963,106,159,37,87,5,'2019-06-16 14:22:58'),(5964,106,159,37,88,5,'2019-06-16 14:22:58'),(5965,106,161,37,85,5,'2019-06-16 14:23:25'),(5966,106,161,37,86,5,'2019-06-16 14:23:25'),(5967,106,161,37,87,5,'2019-06-16 14:23:25'),(5968,106,161,37,88,5,'2019-06-16 14:23:25'),(5969,106,162,37,85,5,'2019-06-16 14:23:36'),(5970,106,162,37,86,5,'2019-06-16 14:23:36'),(5971,106,162,37,87,5,'2019-06-16 14:23:36'),(5972,106,162,37,88,5,'2019-06-16 14:23:36');
/*!40000 ALTER TABLE `votes` ENABLE KEYS */;
UNLOCK TABLES;

--
-- Dumping routines for database 'voteeap_db'
--
/*!40103 SET TIME_ZONE=@OLD_TIME_ZONE */;

/*!40101 SET SQL_MODE=@OLD_SQL_MODE */;
/*!40014 SET FOREIGN_KEY_CHECKS=@OLD_FOREIGN_KEY_CHECKS */;
/*!40014 SET UNIQUE_CHECKS=@OLD_UNIQUE_CHECKS */;
/*!40101 SET CHARACTER_SET_CLIENT=@OLD_CHARACTER_SET_CLIENT */;
/*!40101 SET CHARACTER_SET_RESULTS=@OLD_CHARACTER_SET_RESULTS */;
/*!40101 SET COLLATION_CONNECTION=@OLD_COLLATION_CONNECTION */;
/*!40111 SET SQL_NOTES=@OLD_SQL_NOTES */;

-- Dump completed on 2019-08-06  9:27:45
